timestamp,client,product_id,product_type,notional,sold_next_24h,sell_probability,sell_probability_decile,expected_sell_notional
2026-03-11 09:00:00,Client_15,P029,Reverse Convertible,2000000,0,0.01451703265663228,3,29034.06531326456
2026-03-11 09:00:00,Client_15,P005,Callable Multi BRC,2000000,0,0.042355024523645014,9,84710.04904729003
2026-03-11 09:00:00,Client_15,P028,Reverse Convertible,1500000,0,0.01231282891974718,2,18469.24337962077
2026-03-11 09:00:00,Client_15,P001,Callable Multi BRC,100000,0,0.02140195976122782,5,2140.1959761227818
2026-03-11 09:00:00,Client_12,P032,Bonus Certificate,250000,0,0.020112214792259463,5,5028.053698064866
2026-03-11 09:00:00,Client_13,P032,Bonus Certificate,1500000,0,0.016515298837347675,3,24772.94825602151
2026-03-11 09:00:00,Client_13,P002,Callable Multi BRC,1500000,0,0.034922161240780625,8,52383.241861170936
2026-03-11 09:00:00,Client_20,P004,Callable Multi BRC,250000,0,0.05518969512955944,9,13797.42378238986
2026-03-11 09:00:00,Client_13,P016,Autocall,100000,0,0.0032840763595399377,1,328.40763595399375
2026-03-11 09:00:00,Client_15,P009,Callable Multi BRC,1000000,0,0.008081183957144338,1,8081.183957144338
2026-03-11 09:00:00,Client_15,P022,Barrier Reverse Convertible,250000,0,0.013221627408174067,2,3305.4068520435167
2026-03-11 09:00:00,Client_16,P026,Barrier Reverse Convertible,750000,0,0.026491290473863272,6,19868.467855397455
2026-03-11 09:00:00,Client_19,P021,Barrier Reverse Convertible,1000000,0,0.03930899445311484,8,39308.994453114836
2026-03-11 09:00:00,Client_17,P022,Barrier Reverse Convertible,100000,0,0.018683320779823466,4,1868.3320779823466
2026-03-11 09:00:00,Client_17,P011,Callable Multi BRC,250000,0,0.024786015214079613,6,6196.503803519903
2026-03-11 09:00:00,Client_18,P035,Tracker,1000000,0,0.032543063720646755,8,32543.063720646755
2026-03-11 09:00:00,Client_18,P031,Bonus Certificate,100000,0,0.015358443928685447,3,1535.8443928685447
2026-03-11 09:00:00,Client_19,P002,Callable Multi BRC,2000000,0,0.0684058659527006,10,136811.7319054012
2026-03-11 09:00:00,Client_19,P015,Autocall,1000000,0,0.04722406012471825,9,47224.06012471825
2026-03-11 09:00:00,Client_20,P008,Callable Multi BRC,100000,0,0.04454137799960435,9,4454.137799960435
2026-03-11 09:00:00,Client_20,P036,Tracker,100000,0,0.00816048093783836,1,816.0480937838361
2026-03-11 09:00:00,Client_20,P022,Barrier Reverse Convertible,100000,0,0.014524501607205963,3,1452.4501607205964
2026-03-11 09:00:00,Client_20,P035,Tracker,750000,0,0.029002503880915406,7,21751.877910686555
2026-03-11 09:00:00,Client_20,P020,Barrier Reverse Convertible,100000,0,0.03263545942090505,8,3263.5459420905054
2026-03-11 09:00:00,Client_12,P018,Autocall,1000000,0,0.05212448288726369,9,52124.48288726369
2026-03-11 09:00:00,Client_16,P021,Barrier Reverse Convertible,100000,0,0.029946749139594112,7,2994.6749139594112
2026-03-11 09:00:00,Client_12,P017,Autocall,250000,0,0.047641472835257416,9,11910.368208814354
2026-03-11 09:00:00,Client_09,P028,Reverse Convertible,750000,0,0.00818315907530405,1,6137.369306478037
2026-03-11 09:00:00,Client_11,P024,Barrier Reverse Convertible,1000000,0,0.03572838580450818,8,35728.38580450818
2026-03-11 09:00:00,Client_01,P028,Reverse Convertible,2000000,0,0.01307790350391436,2,26155.80700782872
2026-03-11 09:00:00,Client_01,P004,Callable Multi BRC,500000,0,0.0576103360098235,9,28805.16800491175
2026-03-11 09:00:00,Client_01,P001,Callable Multi BRC,2000000,0,0.020499615560648193,5,40999.23112129638
2026-03-11 09:00:00,Client_01,P016,Autocall,250000,0,0.0027095492850403528,1,677.3873212600882
2026-03-11 09:00:00,Client_01,P027,Reverse Convertible,1500000,0,0.03043720207780421,7,45655.803116706316
2026-03-11 09:00:00,Client_02,P001,Callable Multi BRC,750000,0,0.03515683520934406,8,26367.626407008047
2026-03-11 09:00:00,Client_02,P016,Autocall,1000000,0,0.00453271547953636,1,4532.71547953636
2026-03-11 09:00:00,Client_02,P015,Autocall,100000,0,0.03019608286332186,7,3019.6082863321863
2026-03-11 09:00:00,Client_03,P032,Bonus Certificate,500000,0,0.019233854228508495,4,9616.927114254247
2026-03-11 09:00:00,Client_03,P034,Tracker,250000,0,0.016895019129546135,3,4223.754782386533
2026-03-11 09:00:00,Client_03,P024,Barrier Reverse Convertible,1000000,0,0.02056873784766853,5,20568.73784766853
2026-03-11 09:00:00,Client_03,P028,Reverse Convertible,250000,0,0.01667797902762411,3,4169.494756906028
2026-03-11 09:00:00,Client_11,P021,Barrier Reverse Convertible,2000000,0,0.03036763237227109,7,60735.26474454218
2026-03-11 09:00:00,Client_05,P029,Reverse Convertible,2000000,0,0.03781839110692783,8,75636.78221385565
2026-03-11 09:00:00,Client_09,P014,Autocall,1000000,0,0.031846509816510105,7,31846.509816510104
2026-03-11 09:00:00,Client_09,P021,Barrier Reverse Convertible,100000,0,0.011115196730495257,2,1111.5196730495256
2026-03-11 09:00:00,Client_09,P035,Tracker,2000000,0,0.015322971736136587,3,30645.943472273175
2026-03-11 09:00:00,Client_03,P009,Callable Multi BRC,1500000,0,0.00985755790646622,1,14786.33685969933
2026-03-11 09:00:00,Client_09,P009,Callable Multi BRC,250000,0,0.006554015715750593,1,1638.5039289376482
2026-03-11 09:00:00,Client_09,P030,Reverse Convertible,1500000,0,0.010341504127433288,2,15512.25619114993
2026-03-11 09:00:00,Client_09,P031,Bonus Certificate,250000,0,0.0073393351554951036,1,1834.8337888737758
2026-03-11 09:00:00,Client_09,P032,Bonus Certificate,500000,0,0.010065477661939465,2,5032.738830969733
2026-03-11 09:00:00,Client_08,P016,Autocall,1500000,0,0.004176955267136036,1,6265.432900704054
2026-03-11 09:00:00,Client_06,P015,Autocall,250000,0,0.04006056908496486,8,10015.142271241215
2026-03-11 09:00:00,Client_06,P024,Barrier Reverse Convertible,1000000,0,0.039766179730023256,8,39766.17973002326
2026-03-11 09:00:00,Client_09,P019,Barrier Reverse Convertible,2000000,0,0.005395990254825174,1,10791.980509650348
2026-03-12 09:00:00,Client_15,P029,Reverse Convertible,2000000,0,0.014075377289037735,3,28150.75457807547
2026-03-12 09:00:00,Client_15,P005,Callable Multi BRC,2000000,0,0.05862697254899091,9,117253.94509798182
2026-03-12 09:00:00,Client_15,P028,Reverse Convertible,1500000,0,0.012268886837162617,2,18403.330255743924
2026-03-12 09:00:00,Client_15,P001,Callable Multi BRC,100000,1,0.020791472347453505,5,2079.1472347453505
2026-03-12 09:00:00,Client_12,P018,Autocall,1000000,0,0.04886481103430951,9,48864.81103430951
2026-03-12 09:00:00,Client_13,P032,Bonus Certificate,1500000,0,0.015412261123917078,3,23118.391685875617
2026-03-12 09:00:00,Client_13,P002,Callable Multi BRC,1500000,0,0.03284659632765735,8,49269.894491486026
2026-03-12 09:00:00,Client_13,P016,Autocall,100000,0,0.005045106700267277,1,504.5106700267277
2026-03-12 09:00:00,Client_12,P032,Bonus Certificate,250000,0,0.01862474002121575,4,4656.185005303937
2026-03-12 09:00:00,Client_15,P009,Callable Multi BRC,1000000,0,0.007734992246996111,1,7734.99224699611
2026-03-12 09:00:00,Client_15,P022,Barrier Reverse Convertible,250000,0,0.01750563273011886,4,4376.408182529715
2026-03-12 09:00:00,Client_16,P026,Barrier Reverse Convertible,750000,0,0.04558364750346875,9,34187.73562760156
2026-03-12 09:00:00,Client_19,P021,Barrier Reverse Convertible,1000000,0,0.037203892077446094,8,37203.89207744609
2026-03-12 09:00:00,Client_17,P022,Barrier Reverse Convertible,100000,0,0.024503518514485012,6,2450.3518514485013
2026-03-12 09:00:00,Client_17,P011,Callable Multi BRC,250000,0,0.024388705116878344,6,6097.176279219586
2026-03-12 09:00:00,Client_18,P035,Tracker,1000000,0,0.017030326570458505,4,17030.326570458506
2026-03-12 09:00:00,Client_18,P031,Bonus Certificate,100000,0,0.01467252180621902,3,1467.252180621902
2026-03-12 09:00:00,Client_19,P002,Callable Multi BRC,2000000,0,0.061510507203104435,9,123021.01440620887
2026-03-12 09:00:00,Client_19,P015,Autocall,1000000,0,0.04438565549107816,9,44385.65549107816
2026-03-12 09:00:00,Client_20,P008,Callable Multi BRC,100000,0,0.022892784006478054,6,2289.2784006478055
2026-03-12 09:00:00,Client_20,P036,Tracker,100000,0,0.008107031975031695,1,810.7031975031695
2026-03-12 09:00:00,Client_20,P022,Barrier Reverse Convertible,100000,0,0.018851756695173118,4,1885.1756695173117
2026-03-12 09:00:00,Client_20,P035,Tracker,750000,0,0.0150865612988298,3,11314.92097412235
2026-03-12 09:00:00,Client_20,P020,Barrier Reverse Convertible,100000,0,0.01724778873286212,4,1724.7788732862123
2026-03-12 09:00:00,Client_12,P017,Autocall,250000,0,0.04253515405362311,9,10633.788513405778
2026-03-12 09:00:00,Client_16,P021,Barrier Reverse Convertible,100000,0,0.03048029085492104,7,3048.029085492104
2026-03-12 09:00:00,Client_20,P004,Callable Multi BRC,250000,0,0.051265244056475735,9,12816.311014118934
2026-03-12 09:00:00,Client_11,P024,Barrier Reverse Convertible,1000000,0,0.032954501892734744,8,32954.50189273474
2026-03-12 09:00:00,Client_09,P014,Autocall,1000000,0,0.015670688718503047,3,15670.688718503048
2026-03-12 09:00:00,Client_11,P021,Barrier Reverse Convertible,2000000,0,0.030972167157329696,7,61944.33431465939
2026-03-12 09:00:00,Client_01,P004,Callable Multi BRC,500000,0,0.05376850463811918,9,26884.25231905959
2026-03-12 09:00:00,Client_01,P001,Callable Multi BRC,2000000,0,0.01948387333803887,4,38967.74667607774
2026-03-12 09:00:00,Client_01,P016,Autocall,250000,0,0.004127457429232255,1,1031.8643573080637
2026-03-12 09:00:00,Client_01,P027,Reverse Convertible,1500000,0,0.016046690567276135,3,24070.035850914202
2026-03-12 09:00:00,Client_02,P001,Callable Multi BRC,750000,1,0.028660839986479916,7,21495.629989859935
2026-03-12 09:00:00,Client_02,P016,Autocall,1000000,1,0.005673243065983973,1,5673.243065983973
2026-03-12 09:00:00,Client_02,P015,Autocall,100000,0,0.02436978102229723,6,2436.978102229723
2026-03-12 09:00:00,Client_03,P032,Bonus Certificate,500000,1,0.018475500115716133,4,9237.750057858068
2026-03-12 09:00:00,Client_03,P034,Tracker,250000,0,0.016664184844718995,3,4166.046211179749
2026-03-12 09:00:00,Client_03,P024,Barrier Reverse Convertible,1000000,0,0.019680018041808585,5,19680.018041808584
2026-03-12 09:00:00,Client_03,P028,Reverse Convertible,250000,0,0.016346093150100733,3,4086.523287525183
2026-03-12 09:00:00,Client_01,P028,Reverse Convertible,2000000,0,0.013085973540198933,2,26171.947080397866
2026-03-12 09:00:00,Client_05,P029,Reverse Convertible,2000000,0,0.038051340198033655,8,76102.68039606731
2026-03-12 09:00:00,Client_03,P009,Callable Multi BRC,1500000,0,0.009013969963638287,1,13520.954945457432
2026-03-12 09:00:00,Client_09,P035,Tracker,2000000,0,0.008507086820854725,1,17014.17364170945
2026-03-12 09:00:00,Client_09,P028,Reverse Convertible,750000,0,0.008071690365131483,1,6053.767773848613
2026-03-12 09:00:00,Client_09,P030,Reverse Convertible,1500000,0,0.01416682466133163,3,21250.236991997444
2026-03-12 09:00:00,Client_09,P009,Callable Multi BRC,250000,0,0.005889950233423242,1,1472.4875583558105
2026-03-12 09:00:00,Client_09,P021,Barrier Reverse Convertible,100000,0,0.010340068786882475,2,1034.0068786882475
2026-03-12 09:00:00,Client_09,P031,Bonus Certificate,250000,0,0.006922509520075315,1,1730.6273800188287
2026-03-12 09:00:00,Client_09,P032,Bonus Certificate,500000,0,0.009567505783956034,1,4783.752891978017
2026-03-12 09:00:00,Client_08,P016,Autocall,1500000,0,0.006125569744900897,1,9188.354617351346
2026-03-12 09:00:00,Client_06,P015,Autocall,250000,0,0.038656485267906784,8,9664.121316976696
2026-03-12 09:00:00,Client_06,P024,Barrier Reverse Convertible,1000000,0,0.03791823212932861,8,37918.232129328615
2026-03-12 09:00:00,Client_09,P019,Barrier Reverse Convertible,2000000,0,0.005409068670895764,1,10818.137341791527
2026-03-13 09:00:00,Client_16,P026,Barrier Reverse Convertible,750000,0,0.027489427838167796,7,20617.070878625847
2026-03-13 09:00:00,Client_15,P009,Callable Multi BRC,1000000,0,0.039571672464213045,8,39571.67246421304
2026-03-13 09:00:00,Client_15,P029,Reverse Convertible,2000000,0,0.021332043247979663,5,42664.086495959324
2026-03-13 09:00:00,Client_15,P005,Callable Multi BRC,2000000,0,0.06515861197763265,10,130317.22395526529
2026-03-13 09:00:00,Client_15,P022,Barrier Reverse Convertible,250000,0,0.010901768102899863,2,2725.442025724966
2026-03-13 09:00:00,Client_13,P032,Bonus Certificate,1500000,0,0.015432996691786539,3,23149.495037679808
2026-03-13 09:00:00,Client_13,P002,Callable Multi BRC,1500000,0,0.02790302481272349,7,41854.537219085236
2026-03-13 09:00:00,Client_13,P016,Autocall,100000,0,0.0021278328270924788,1,212.78328270924789
2026-03-13 09:00:00,Client_16,P021,Barrier Reverse Convertible,100000,0,0.029951155123602222,7,2995.115512360222
2026-03-13 09:00:00,Client_15,P028,Reverse Convertible,1500000,0,0.016602823288327604,3,24904.234932491407
2026-03-13 09:00:00,Client_17,P022,Barrier Reverse Convertible,100000,0,0.009258119852690688,1,925.8119852690687
2026-03-13 09:00:00,Client_20,P008,Callable Multi BRC,100000,0,0.02126231069511524,5,2126.231069511524
2026-03-13 09:00:00,Client_18,P035,Tracker,1000000,0,0.016420322732844623,3,16420.322732844623
2026-03-13 09:00:00,Client_18,P031,Bonus Certificate,100000,0,0.05082140069346738,9,5082.1400693467385
2026-03-13 09:00:00,Client_19,P002,Callable Multi BRC,2000000,0,0.045595865769436826,9,91191.73153887365
2026-03-13 09:00:00,Client_19,P021,Barrier Reverse Convertible,1000000,0,0.031506195210579874,7,31506.195210579874
2026-03-13 09:00:00,Client_19,P015,Autocall,1000000,0,0.034929859317162984,8,34929.859317162984
2026-03-13 09:00:00,Client_20,P036,Tracker,100000,0,0.02688989013627584,7,2688.989013627584
2026-03-13 09:00:00,Client_20,P022,Barrier Reverse Convertible,100000,0,0.008596020488151746,1,859.6020488151746
2026-03-13 09:00:00,Client_20,P035,Tracker,750000,0,0.0149894815440082,3,11242.11115800615
2026-03-13 09:00:00,Client_20,P020,Barrier Reverse Convertible,100000,0,0.016901232469210548,3,1690.1232469210547
2026-03-13 09:00:00,Client_20,P004,Callable Multi BRC,250000,0,0.05622564267254834,9,14056.410668137085
2026-03-13 09:00:00,Client_12,P032,Bonus Certificate,250000,0,0.018870438723791606,4,4717.609680947901
2026-03-13 09:00:00,Client_17,P011,Callable Multi BRC,250000,0,0.018895671118641023,4,4723.917779660256
2026-03-13 09:00:00,Client_12,P018,Autocall,1000000,0,0.052500374507765526,9,52500.374507765526
2026-03-13 09:00:00,Client_09,P035,Tracker,2000000,0,0.008325655871086399,1,16651.3117421728
2026-03-13 09:00:00,Client_11,P021,Barrier Reverse Convertible,2000000,0,0.023957773343282817,6,47915.546686565634
2026-03-13 09:00:00,Client_01,P004,Callable Multi BRC,500000,0,0.0598947942390264,9,29947.3971195132
2026-03-13 09:00:00,Client_01,P001,Callable Multi BRC,2000000,0,0.01921446059071154,4,38428.92118142308
2026-03-13 09:00:00,Client_01,P016,Autocall,250000,0,0.0017131556530752992,1,428.2889132688248
2026-03-13 09:00:00,Client_01,P027,Reverse Convertible,1500000,0,0.01694182795947387,3,25412.741939210806
2026-03-13 09:00:00,Client_02,P015,Autocall,100000,0,0.038942812769360624,8,3894.2812769360626
2026-03-13 09:00:00,Client_03,P034,Tracker,250000,0,0.02087531564324738,5,5218.828910811845
2026-03-13 09:00:00,Client_03,P024,Barrier Reverse Convertible,1000000,0,0.0279753510626997,7,27975.351062699698
2026-03-13 09:00:00,Client_03,P028,Reverse Convertible,250000,0,0.020775962131917375,5,5193.990532979344
2026-03-13 09:00:00,Client_03,P009,Callable Multi BRC,1500000,0,0.0431769384087833,9,64765.407613174946
2026-03-13 09:00:00,Client_05,P029,Reverse Convertible,2000000,0,0.041674342854920395,8,83348.68570984079
2026-03-13 09:00:00,Client_06,P024,Barrier Reverse Convertible,1000000,0,0.041477990528491444,8,41477.99052849144
2026-03-13 09:00:00,Client_01,P028,Reverse Convertible,2000000,0,0.012690872967757585,2,25381.74593551517
2026-03-13 09:00:00,Client_08,P016,Autocall,1500000,0,0.002688562879455098,1,4032.844319182647
2026-03-13 09:00:00,Client_09,P032,Bonus Certificate,500000,0,0.009481224614128467,1,4740.612307064233
2026-03-13 09:00:00,Client_09,P031,Bonus Certificate,250000,0,0.024021467239434866,6,6005.366809858717
2026-03-13 09:00:00,Client_09,P019,Barrier Reverse Convertible,2000000,0,0.01807006892885793,4,36140.13785771586
2026-03-13 09:00:00,Client_09,P009,Callable Multi BRC,250000,0,0.02287837061206371,6,5719.592653015928
2026-03-13 09:00:00,Client_09,P030,Reverse Convertible,1500000,0,0.011557142001320415,2,17335.713001980625
2026-03-13 09:00:00,Client_09,P028,Reverse Convertible,750000,0,0.008007725422406868,1,6005.7940668051515
2026-03-13 09:00:00,Client_12,P017,Autocall,250000,0,0.03751149334013328,8,9377.87333503332
2026-03-13 09:00:00,Client_09,P021,Barrier Reverse Convertible,100000,0,0.010045427954116355,2,1004.5427954116354
2026-03-13 09:00:00,Client_09,P014,Autocall,1000000,0,0.014442082522065258,3,14442.082522065257
2026-03-13 09:00:00,Client_11,P024,Barrier Reverse Convertible,1000000,0,0.0303377468001382,7,30337.7468001382
2026-03-13 09:00:00,Client_06,P015,Autocall,250000,0,0.0382358506497975,8,9558.962662449376
2026-03-16 09:00:00,Client_16,P026,Barrier Reverse Convertible,750000,0,0.028363733288264782,7,21272.799966198585
2026-03-16 09:00:00,Client_15,P009,Callable Multi BRC,1000000,0,0.012332764663588488,2,12332.764663588487
2026-03-16 09:00:00,Client_15,P029,Reverse Convertible,2000000,0,0.05435200695524244,9,108704.01391048488
2026-03-16 09:00:00,Client_15,P005,Callable Multi BRC,2000000,0,0.06787695269295965,10,135753.9053859193
2026-03-16 09:00:00,Client_13,P016,Autocall,100000,0,0.0019931341943778902,1,199.313419437789
2026-03-16 09:00:00,Client_15,P022,Barrier Reverse Convertible,250000,0,0.010801049235827908,2,2700.262308956977
2026-03-16 09:00:00,Client_13,P032,Bonus Certificate,1500000,0,0.015270932837020024,3,22906.399255530036
2026-03-16 09:00:00,Client_13,P002,Callable Multi BRC,1500000,0,0.055449885950050445,9,83174.82892507566
2026-03-16 09:00:00,Client_16,P021,Barrier Reverse Convertible,100000,0,0.02888656825025704,7,2888.6568250257037
2026-03-16 09:00:00,Client_15,P028,Reverse Convertible,1500000,0,0.016129596103753228,3,24194.39415562984
2026-03-16 09:00:00,Client_17,P022,Barrier Reverse Convertible,100000,0,0.009143222883835561,1,914.3222883835562
2026-03-16 09:00:00,Client_19,P015,Autocall,1000000,0,0.03246169832221255,8,32461.698322212553
2026-03-16 09:00:00,Client_18,P035,Tracker,1000000,0,0.029849350326133024,7,29849.350326133022
2026-03-16 09:00:00,Client_18,P031,Bonus Certificate,100000,0,0.016038409730188077,3,1603.8409730188077
2026-03-16 09:00:00,Client_19,P002,Callable Multi BRC,2000000,0,0.08532805502976881,10,170656.11005953763
2026-03-16 09:00:00,Client_19,P021,Barrier Reverse Convertible,1000000,0,0.030829466951543358,7,30829.466951543356
2026-03-16 09:00:00,Client_20,P008,Callable Multi BRC,100000,0,0.03923620677379157,8,3923.620677379157
2026-03-16 09:00:00,Client_20,P036,Tracker,100000,0,0.008892226335558629,1,889.2226335558629
2026-03-16 09:00:00,Client_20,P022,Barrier Reverse Convertible,100000,0,0.009021461611154196,1,902.1461611154197
2026-03-16 09:00:00,Client_20,P035,Tracker,750000,0,0.02679017300130375,7,20092.629750977812
2026-03-16 09:00:00,Client_20,P020,Barrier Reverse Convertible,100000,0,0.03060125107899924,7,3060.125107899924
2026-03-16 09:00:00,Client_20,P004,Callable Multi BRC,250000,0,0.15271720614994236,10,38179.30153748559
2026-03-16 09:00:00,Client_12,P032,Bonus Certificate,250000,0,0.015470305499957057,3,3867.5763749892644
2026-03-16 09:00:00,Client_17,P011,Callable Multi BRC,250000,0,0.018481542953850783,4,4620.385738462695
2026-03-16 09:00:00,Client_12,P018,Autocall,1000000,0,0.12116377900151164,10,121163.77900151163
2026-03-16 09:00:00,Client_12,P017,Autocall,250000,0,0.05942301833401646,9,14855.754583504115
2026-03-16 09:00:00,Client_11,P021,Barrier Reverse Convertible,2000000,0,0.02434867910058815,6,48697.3582011763
2026-03-16 09:00:00,Client_01,P004,Callable Multi BRC,500000,0,0.16068767561754232,10,80343.83780877116
2026-03-16 09:00:00,Client_01,P001,Callable Multi BRC,2000000,0,0.01851795409215563,4,37035.90818431126
2026-03-16 09:00:00,Client_01,P016,Autocall,250000,0,0.001663842727943715,1,415.9606819859288
2026-03-16 09:00:00,Client_01,P027,Reverse Convertible,1500000,0,0.028705681396936942,7,43058.52209540541
2026-03-16 09:00:00,Client_02,P015,Autocall,100000,0,0.03695641849426478,8,3695.641849426478
2026-03-16 09:00:00,Client_03,P034,Tracker,250000,0,0.019934819996618853,5,4983.704999154713
2026-03-16 09:00:00,Client_03,P024,Barrier Reverse Convertible,1000000,0,0.07417397852474224,10,74173.97852474224
2026-03-16 09:00:00,Client_03,P028,Reverse Convertible,250000,0,0.020649079280195368,5,5162.269820048842
2026-03-16 09:00:00,Client_03,P009,Callable Multi BRC,1500000,0,0.013855830326943791,3,20783.745490415688
2026-03-16 09:00:00,Client_05,P029,Reverse Convertible,2000000,0,0.10059576901361182,10,201191.53802722364
2026-03-16 09:00:00,Client_06,P024,Barrier Reverse Convertible,1000000,0,0.09398513147480098,10,93985.13147480098
2026-03-16 09:00:00,Client_01,P028,Reverse Convertible,2000000,0,0.012552793945178387,2,25105.587890356772
2026-03-16 09:00:00,Client_08,P016,Autocall,1500000,1,0.0024674936940415593,1,3701.240541062339
2026-03-16 09:00:00,Client_09,P032,Bonus Certificate,500000,0,0.009671972513885997,1,4835.986256942999
2026-03-16 09:00:00,Client_09,P031,Bonus Certificate,250000,0,0.007768817889400537,1,1942.2044723501342
2026-03-16 09:00:00,Client_09,P019,Barrier Reverse Convertible,2000000,0,0.005930961388937323,1,11861.922777874644
2026-03-16 09:00:00,Client_09,P009,Callable Multi BRC,250000,0,0.007076089880698688,1,1769.022470174672
2026-03-16 09:00:00,Client_09,P030,Reverse Convertible,1500000,0,0.011948569991929567,2,17922.854987894352
2026-03-16 09:00:00,Client_09,P028,Reverse Convertible,750000,0,0.007740253819885,1,5805.19036491375
2026-03-16 09:00:00,Client_09,P035,Tracker,2000000,0,0.014626242548952601,3,29252.485097905203
2026-03-16 09:00:00,Client_09,P021,Barrier Reverse Convertible,100000,0,0.009903506921333134,1,990.3506921333134
2026-03-16 09:00:00,Client_09,P014,Autocall,1000000,0,0.027047373950465567,7,27047.373950465568
2026-03-16 09:00:00,Client_11,P024,Barrier Reverse Convertible,1000000,0,0.0801243219675351,10,80124.3219675351
2026-03-16 09:00:00,Client_06,P015,Autocall,250000,0,0.030692742734857607,7,7673.185683714401
2026-03-17 09:00:00,Client_16,P026,Barrier Reverse Convertible,750000,0,0.02747464798175181,7,20605.98598631386
2026-03-17 09:00:00,Client_15,P009,Callable Multi BRC,1000000,0,0.011427820414104381,2,11427.82041410438
2026-03-17 09:00:00,Client_15,P029,Reverse Convertible,2000000,0,0.028686030544998128,7,57372.061089996256
2026-03-17 09:00:00,Client_15,P005,Callable Multi BRC,2000000,1,0.05592182317540985,9,111843.6463508197
2026-03-17 09:00:00,Client_13,P016,Autocall,100000,0,0.001615083797095353,1,161.50837970953532
2026-03-17 09:00:00,Client_15,P022,Barrier Reverse Convertible,250000,0,0.0102667014581378,2,2566.67536453445
2026-03-17 09:00:00,Client_13,P032,Bonus Certificate,1500000,0,0.01509210285123745,3,22638.154276856174
2026-03-17 09:00:00,Client_13,P002,Callable Multi BRC,1500000,0,0.026961167037049597,7,40441.7505555744
2026-03-17 09:00:00,Client_16,P021,Barrier Reverse Convertible,100000,0,0.02850508645752954,7,2850.508645752954
2026-03-17 09:00:00,Client_15,P028,Reverse Convertible,1500000,0,0.016027911383307693,3,24041.86707496154
2026-03-17 09:00:00,Client_17,P022,Barrier Reverse Convertible,100000,0,0.008932530093913593,1,893.2530093913593
2026-03-17 09:00:00,Client_19,P015,Autocall,1000000,0,0.030345197721640498,7,30345.1977216405
2026-03-17 09:00:00,Client_18,P035,Tracker,1000000,0,0.01660381831614206,3,16603.81831614206
2026-03-17 09:00:00,Client_18,P031,Bonus Certificate,100000,0,0.016306816976436107,3,1630.6816976436107
2026-03-17 09:00:00,Client_19,P002,Callable Multi BRC,2000000,0,0.04360830134769173,9,87216.60269538347
2026-03-17 09:00:00,Client_19,P021,Barrier Reverse Convertible,1000000,0,0.0315871235452693,7,31587.123545269296
2026-03-17 09:00:00,Client_20,P008,Callable Multi BRC,100000,0,0.021921146740913337,5,2192.1146740913337
2026-03-17 09:00:00,Client_20,P036,Tracker,100000,0,0.00855916064086625,1,855.916064086625
2026-03-17 09:00:00,Client_20,P022,Barrier Reverse Convertible,100000,0,0.00836736744306596,1,836.7367443065959
2026-03-17 09:00:00,Client_20,P035,Tracker,750000,0,0.015297434389635304,3,11473.075792226478
2026-03-17 09:00:00,Client_20,P020,Barrier Reverse Convertible,100000,0,0.01730492278357998,4,1730.492278357998
2026-03-17 09:00:00,Client_20,P004,Callable Multi BRC,250000,0,0.08843671623483747,10,22109.179058709367
2026-03-17 09:00:00,Client_12,P032,Bonus Certificate,250000,0,0.015476730797232763,3,3869.182699308191
2026-03-17 09:00:00,Client_17,P011,Callable Multi BRC,250000,0,0.02152915260273294,5,5382.288150683235
2026-03-17 09:00:00,Client_12,P018,Autocall,1000000,0,0.07277980387635459,10,72779.80387635459
2026-03-17 09:00:00,Client_11,P024,Barrier Reverse Convertible,1000000,0,0.04520129654901583,9,45201.29654901583
2026-03-17 09:00:00,Client_11,P021,Barrier Reverse Convertible,2000000,0,0.023807421048024226,6,47614.84209604845
2026-03-17 09:00:00,Client_01,P004,Callable Multi BRC,500000,0,0.09882471501630231,10,49412.35750815116
2026-03-17 09:00:00,Client_01,P001,Callable Multi BRC,2000000,0,0.016859303366168612,3,33718.606732337226
2026-03-17 09:00:00,Client_01,P016,Autocall,250000,0,0.001319563719717796,1,329.890929929449
2026-03-17 09:00:00,Client_01,P027,Reverse Convertible,1500000,0,0.016957443212774325,3,25436.164819161488
2026-03-17 09:00:00,Client_02,P015,Autocall,100000,0,0.03338687988037803,8,3338.687988037803
2026-03-17 09:00:00,Client_03,P034,Tracker,250000,0,0.020189641677637406,5,5047.410419409352
2026-03-17 09:00:00,Client_03,P024,Barrier Reverse Convertible,1000000,0,0.042425651233316056,9,42425.65123331606
2026-03-17 09:00:00,Client_03,P028,Reverse Convertible,250000,0,0.020404709641725676,5,5101.177410431419
2026-03-17 09:00:00,Client_03,P009,Callable Multi BRC,1500000,0,0.013232188951664227,2,19848.283427496342
2026-03-17 09:00:00,Client_05,P029,Reverse Convertible,2000000,1,0.056030678408203145,9,112061.35681640629
2026-03-17 09:00:00,Client_06,P024,Barrier Reverse Convertible,1000000,0,0.05285834739066238,9,52858.34739066238
2026-03-17 09:00:00,Client_01,P028,Reverse Convertible,2000000,0,0.012863720085208327,2,25727.440170416652
2026-03-17 09:00:00,Client_09,P032,Bonus Certificate,500000,0,0.009506296395676546,1,4753.1481978382735
2026-03-17 09:00:00,Client_06,P015,Autocall,250000,0,0.027669823444460864,7,6917.455861115216
2026-03-17 09:00:00,Client_09,P014,Autocall,1000000,0,0.01485457343400583,3,14854.57343400583
2026-03-17 09:00:00,Client_09,P021,Barrier Reverse Convertible,100000,0,0.009953535224472966,2,995.3535224472965
2026-03-17 09:00:00,Client_09,P035,Tracker,2000000,0,0.008404599530452948,1,16809.199060905896
2026-03-17 09:00:00,Client_12,P017,Autocall,250000,0,0.02938384867504935,7,7345.962168762338
2026-03-17 09:00:00,Client_09,P030,Reverse Convertible,1500000,0,0.010186552670999077,2,15279.829006498616
2026-03-17 09:00:00,Client_09,P009,Callable Multi BRC,250000,0,0.00666959851501737,1,1667.3996287543423
2026-03-17 09:00:00,Client_09,P019,Barrier Reverse Convertible,2000000,0,0.005685266675924912,1,11370.533351849825
2026-03-17 09:00:00,Client_09,P031,Bonus Certificate,250000,0,0.007658078016359993,1,1914.5195040899982
2026-03-17 09:00:00,Client_09,P028,Reverse Convertible,750000,0,0.008018922977679848,1,6014.192233259886
2026-03-18 09:00:00,Client_12,P032,Bonus Certificate,250000,0,0.01575738356198897,3,3939.345890497242
2026-03-18 09:00:00,Client_13,P016,Autocall,100000,0,0.000987014661307811,1,98.7014661307811
2026-03-18 09:00:00,Client_13,P002,Callable Multi BRC,1500000,0,0.020781946701146276,5,31172.920051719415
2026-03-18 09:00:00,Client_13,P032,Bonus Certificate,1500000,0,0.012250232037726237,2,18375.348056589355
2026-03-18 09:00:00,Client_15,P022,Barrier Reverse Convertible,250000,0,0.012050939346887082,2,3012.7348367217705
2026-03-18 09:00:00,Client_15,P028,Reverse Convertible,1500000,0,0.021670830211539687,5,32506.24531730953
2026-03-18 09:00:00,Client_15,P029,Reverse Convertible,2000000,0,0.025245134344112248,6,50490.268688224496
2026-03-18 09:00:00,Client_15,P009,Callable Multi BRC,1000000,0,0.04415520292662873,9,44155.20292662873
2026-03-18 09:00:00,Client_16,P026,Barrier Reverse Convertible,750000,0,0.027136852944688303,7,20352.639708516228
2026-03-18 09:00:00,Client_16,P021,Barrier Reverse Convertible,100000,0,0.02829897167530639,7,2829.897167530639
2026-03-18 09:00:00,Client_17,P022,Barrier Reverse Convertible,100000,0,0.007882126264667961,1,788.2126264667961
2026-03-18 09:00:00,Client_18,P035,Tracker,1000000,0,0.01920612970783837,4,19206.12970783837
2026-03-18 09:00:00,Client_18,P031,Bonus Certificate,100000,0,0.040683721880910316,8,4068.3721880910316
2026-03-18 09:00:00,Client_19,P002,Callable Multi BRC,2000000,0,0.040509747617964095,8,81019.49523592819
2026-03-18 09:00:00,Client_19,P015,Autocall,1000000,0,0.030704582116653407,7,30704.582116653408
2026-03-18 09:00:00,Client_20,P008,Callable Multi BRC,100000,0,0.02774326562028149,7,2774.326562028149
2026-03-18 09:00:00,Client_20,P036,Tracker,100000,0,0.022201842829917315,5,2220.1842829917314
2026-03-18 09:00:00,Client_20,P022,Barrier Reverse Convertible,100000,0,0.007543025207587397,1,754.3025207587397
2026-03-18 09:00:00,Client_20,P035,Tracker,750000,0,0.01688043122233247,3,12660.323416749352
2026-03-18 09:00:00,Client_20,P020,Barrier Reverse Convertible,100000,0,0.0191757071807055,4,1917.57071807055
2026-03-18 09:00:00,Client_12,P018,Autocall,1000000,1,0.046556097305012256,9,46556.097305012256
2026-03-18 09:00:00,Client_20,P004,Callable Multi BRC,250000,0,0.06023715464925233,9,15059.288662313082
2026-03-18 09:00:00,Client_17,P011,Callable Multi BRC,250000,0,0.020855942885571684,5,5213.985721392921
2026-03-18 09:00:00,Client_19,P021,Barrier Reverse Convertible,1000000,0,0.029646943023390375,7,29646.943023390377
2026-03-18 09:00:00,Client_12,P017,Autocall,250000,0,0.026557707026318402,6,6639.426756579601
2026-03-18 09:00:00,Client_11,P024,Barrier Reverse Convertible,1000000,0,0.031083430829706226,7,31083.430829706227
2026-03-18 09:00:00,Client_11,P021,Barrier Reverse Convertible,2000000,0,0.024062140805661516,6,48124.28161132303
2026-03-18 09:00:00,Client_01,P028,Reverse Convertible,2000000,0,0.012477428185925891,2,24954.856371851783
2026-03-18 09:00:00,Client_01,P004,Callable Multi BRC,500000,0,0.06284047138956415,10,31420.235694782077
2026-03-18 09:00:00,Client_01,P001,Callable Multi BRC,2000000,0,0.016456735129024225,3,32913.47025804845
2026-03-18 09:00:00,Client_01,P016,Autocall,250000,0,0.000982932041079533,1,245.73301026988324
2026-03-18 09:00:00,Client_01,P027,Reverse Convertible,1500000,0,0.01808595731909282,4,27128.93597863923
2026-03-18 09:00:00,Client_03,P034,Tracker,250000,0,0.019840003680734884,5,4960.000920183721
2026-03-18 09:00:00,Client_03,P024,Barrier Reverse Convertible,1000000,0,0.02746365978969453,7,27463.65978969453
2026-03-18 09:00:00,Client_03,P028,Reverse Convertible,250000,0,0.020439601051014496,5,5109.900262753624
2026-03-18 09:00:00,Client_03,P009,Callable Multi BRC,1500000,0,0.0369112249457801,8,55366.83741867015
2026-03-18 09:00:00,Client_02,P015,Autocall,100000,0,0.0328789142117683,8,3287.89142117683
2026-03-18 09:00:00,Client_06,P015,Autocall,250000,0,0.026713841851799536,7,6678.460462949884
2026-03-18 09:00:00,Client_06,P024,Barrier Reverse Convertible,1000000,0,0.03577966670047021,8,35779.66670047021
2026-03-18 09:00:00,Client_09,P021,Barrier Reverse Convertible,100000,0,0.009857343274291818,1,985.7343274291818
2026-03-18 09:00:00,Client_09,P035,Tracker,2000000,0,0.009200775601689172,1,18401.551203378345
2026-03-18 09:00:00,Client_09,P028,Reverse Convertible,750000,0,0.007705382965641188,1,5779.037224230891
2026-03-18 09:00:00,Client_09,P030,Reverse Convertible,1500000,0,0.010156982470756528,2,15235.473706134791
2026-03-18 09:00:00,Client_09,P014,Autocall,1000000,0,0.01691516279961122,3,16915.16279961122
2026-03-18 09:00:00,Client_09,P019,Barrier Reverse Convertible,2000000,0,0.015294448933811185,3,30588.89786762237
2026-03-18 09:00:00,Client_09,P031,Bonus Certificate,250000,0,0.02073455622710146,5,5183.639056775365
2026-03-18 09:00:00,Client_09,P032,Bonus Certificate,500000,0,0.009369209544002255,1,4684.6047720011275
2026-03-18 09:00:00,Client_09,P009,Callable Multi BRC,250000,0,0.019294837184179084,4,4823.709296044771
2026-03-19 09:00:00,Client_16,P021,Barrier Reverse Convertible,100000,0,0.030804904558627926,7,3080.4904558627927
2026-03-19 09:00:00,Client_13,P016,Autocall,100000,0,0.0010455283817445247,1,104.55283817445246
2026-03-19 09:00:00,Client_20,P004,Callable Multi BRC,250000,1,0.1935121257389063,10,48378.031434726574
2026-03-19 09:00:00,Client_13,P032,Bonus Certificate,1500000,0,0.012210585166470533,2,18315.8777497058
2026-03-19 09:00:00,Client_15,P022,Barrier Reverse Convertible,250000,0,0.012640425374651366,2,3160.1063436628415
2026-03-19 09:00:00,Client_15,P028,Reverse Convertible,1500000,0,0.023990186825604082,6,35985.28023840612
2026-03-19 09:00:00,Client_15,P029,Reverse Convertible,2000000,0,0.07975823729577887,10,159516.47459155775
2026-03-19 09:00:00,Client_15,P009,Callable Multi BRC,1000000,0,0.02272395930254252,6,22723.95930254252
2026-03-19 09:00:00,Client_16,P026,Barrier Reverse Convertible,750000,0,0.045952273152433866,9,34464.2048643254
2026-03-19 09:00:00,Client_17,P022,Barrier Reverse Convertible,100000,0,0.008183647402407426,1,818.3647402407425
2026-03-19 09:00:00,Client_12,P032,Bonus Certificate,250000,0,0.01933931704293896,4,4834.82926073474
2026-03-19 09:00:00,Client_18,P035,Tracker,1000000,0,0.017348158984900393,4,17348.158984900394
2026-03-19 09:00:00,Client_18,P031,Bonus Certificate,100000,0,0.021391210777756384,5,2139.1210777756382
2026-03-19 09:00:00,Client_19,P002,Callable Multi BRC,2000000,0,0.0409789119918309,8,81957.8239836618
2026-03-19 09:00:00,Client_19,P021,Barrier Reverse Convertible,1000000,0,0.03371141934042142,8,33711.41934042142
2026-03-19 09:00:00,Client_19,P015,Autocall,1000000,0,0.03297526207460465,8,32975.262074604645
2026-03-19 09:00:00,Client_20,P008,Callable Multi BRC,100000,0,0.025317308697314266,6,2531.7308697314265
2026-03-19 09:00:00,Client_20,P036,Tracker,100000,0,0.011804732680985155,2,1180.4732680985155
2026-03-19 09:00:00,Client_20,P022,Barrier Reverse Convertible,100000,0,0.0077487270299436,1,774.87270299436
2026-03-19 09:00:00,Client_20,P035,Tracker,750000,0,0.01520403283863377,3,11403.024628975327
2026-03-19 09:00:00,Client_20,P020,Barrier Reverse Convertible,100000,0,0.017701179494484826,4,1770.1179494484825
2026-03-19 09:00:00,Client_17,P011,Callable Multi BRC,250000,0,0.019787398491697913,5,4946.849622924478
2026-03-19 09:00:00,Client_12,P017,Autocall,250000,0,0.035327490637119985,8,8831.872659279996
2026-03-19 09:00:00,Client_13,P002,Callable Multi BRC,1500000,0,0.019888722097124507,5,29833.08314568676
2026-03-19 09:00:00,Client_11,P024,Barrier Reverse Convertible,1000000,1,0.1002813302494546,10,100281.3302494546
2026-03-19 09:00:00,Client_11,P021,Barrier Reverse Convertible,2000000,0,0.025714858507587448,6,51429.717015174894
2026-03-19 09:00:00,Client_01,P004,Callable Multi BRC,500000,0,0.2045749876378494,10,102287.4938189247
2026-03-19 09:00:00,Client_01,P001,Callable Multi BRC,2000000,0,0.01818174320481854,4,36363.48640963708
2026-03-19 09:00:00,Client_01,P016,Autocall,250000,0,0.0010686941103003843,1,267.1735275750961
2026-03-19 09:00:00,Client_01,P027,Reverse Convertible,1500000,0,0.016946366870596145,3,25419.550305894216
2026-03-19 09:00:00,Client_02,P015,Autocall,100000,0,0.03706185350476046,8,3706.185350476046
2026-03-19 09:00:00,Client_03,P034,Tracker,250000,0,0.020449641740066648,5,5112.410435016662
2026-03-19 09:00:00,Client_03,P024,Barrier Reverse Convertible,1000000,0,0.09147071189053768,10,91470.71189053768
2026-03-19 09:00:00,Client_03,P028,Reverse Convertible,250000,0,0.022514236908827114,5,5628.559227206779
2026-03-19 09:00:00,Client_03,P009,Callable Multi BRC,1500000,1,0.01982306613192717,5,29734.599197890755
2026-03-19 09:00:00,Client_01,P028,Reverse Convertible,2000000,0,0.014139870624283443,3,28279.741248566886
2026-03-19 09:00:00,Client_06,P015,Autocall,250000,0,0.02490564317246294,6,6226.410793115735
2026-03-19 09:00:00,Client_09,P032,Bonus Certificate,500000,0,0.009353646945035704,1,4676.823472517852
2026-03-19 09:00:00,Client_09,P031,Bonus Certificate,250000,0,0.010589009946082665,2,2647.2524865206665
2026-03-19 09:00:00,Client_09,P019,Barrier Reverse Convertible,2000000,0,0.007747290763043348,1,15494.581526086695
2026-03-19 09:00:00,Client_09,P009,Callable Multi BRC,250000,0,0.010201223254098904,2,2550.305813524726
2026-03-19 09:00:00,Client_09,P030,Reverse Convertible,1500000,0,0.010459103209409636,2,15688.654814114454
2026-03-19 09:00:00,Client_09,P028,Reverse Convertible,750000,0,0.00853495914159376,1,6401.219356195319
2026-03-19 09:00:00,Client_09,P035,Tracker,2000000,0,0.008414428135536525,1,16828.856271073048
2026-03-19 09:00:00,Client_09,P021,Barrier Reverse Convertible,100000,0,0.011191623429534694,2,1119.1623429534693
2026-03-19 09:00:00,Client_09,P014,Autocall,1000000,0,0.01528674004003956,3,15286.74004003956
2026-03-19 09:00:00,Client_06,P024,Barrier Reverse Convertible,1000000,1,0.09714423652013554,10,97144.23652013554
2026-03-20 09:00:00,Client_16,P021,Barrier Reverse Convertible,100000,0,0.038025033837115835,8,3802.5033837115834
2026-03-20 09:00:00,Client_16,P026,Barrier Reverse Convertible,750000,0,0.04891756728429774,9,36688.175463223306
2026-03-20 09:00:00,Client_15,P009,Callable Multi BRC,1000000,0,0.02588504877783526,6,25885.048777835258
2026-03-20 09:00:00,Client_13,P032,Bonus Certificate,1500000,0,0.012521248329140824,2,18781.87249371124
2026-03-20 09:00:00,Client_15,P028,Reverse Convertible,1500000,0,0.028087915294688563,7,42131.872942032845
2026-03-20 09:00:00,Client_15,P022,Barrier Reverse Convertible,250000,0,0.031876460210072136,7,7969.115052518034
2026-03-20 09:00:00,Client_17,P022,Barrier Reverse Convertible,100000,0,0.02067115116941296,5,2067.115116941296
2026-03-20 09:00:00,Client_15,P029,Reverse Convertible,2000000,0,0.030213013564656832,7,60426.02712931366
2026-03-20 09:00:00,Client_17,P011,Callable Multi BRC,250000,0,0.019494829469801744,4,4873.707367450436
2026-03-20 09:00:00,Client_20,P008,Callable Multi BRC,100000,0,0.05077219715278206,9,5077.219715278206
2026-03-20 09:00:00,Client_18,P031,Bonus Certificate,100000,0,0.024295032839256107,6,2429.5032839256105
2026-03-20 09:00:00,Client_19,P002,Callable Multi BRC,2000000,0,0.03918853030385411,8,78377.06060770822
2026-03-20 09:00:00,Client_19,P021,Barrier Reverse Convertible,1000000,0,0.040546566276847405,8,40546.56627684741
2026-03-20 09:00:00,Client_19,P015,Autocall,1000000,0,0.04208739293181488,9,42087.39293181488
2026-03-20 09:00:00,Client_20,P036,Tracker,100000,0,0.01696609624608195,3,1696.609624608195
2026-03-20 09:00:00,Client_20,P022,Barrier Reverse Convertible,100000,0,0.02624565013954811,6,2624.565013954811
2026-03-20 09:00:00,Client_20,P035,Tracker,750000,0,0.029569722124792044,7,22177.291593594033
2026-03-20 09:00:00,Client_20,P020,Barrier Reverse Convertible,100000,0,0.033373692016720746,8,3337.3692016720747
2026-03-20 09:00:00,Client_13,P002,Callable Multi BRC,1500000,0,0.02011955270494983,5,30179.329057424744
2026-03-20 09:00:00,Client_18,P035,Tracker,1000000,0,0.025590865814849085,6,25590.865814849083
2026-03-20 09:00:00,Client_13,P016,Autocall,100000,0,0.0031140951547768154,1,311.40951547768157
2026-03-20 09:00:00,Client_12,P017,Autocall,250000,0,0.03571118554425895,8,8927.796386064738
2026-03-20 09:00:00,Client_01,P028,Reverse Convertible,2000000,0,0.016925888570888427,3,33851.77714177685
2026-03-20 09:00:00,Client_12,P032,Bonus Certificate,250000,0,0.0196303214901381,5,4907.580372534525
2026-03-20 09:00:00,Client_01,P004,Callable Multi BRC,500000,0,0.08777492842223772,10,43887.46421111886
2026-03-20 09:00:00,Client_01,P001,Callable Multi BRC,2000000,0,0.02337688395810458,6,46753.76791620916
2026-03-20 09:00:00,Client_01,P016,Autocall,250000,0,0.0029957964011297702,1,748.9491002824426
2026-03-20 09:00:00,Client_01,P027,Reverse Convertible,1500000,0,0.024426041691916346,6,36639.06253787452
2026-03-20 09:00:00,Client_02,P015,Autocall,100000,0,0.046841423126907235,9,4684.142312690724
2026-03-20 09:00:00,Client_03,P024,Barrier Reverse Convertible,1000000,0,0.04432158255902052,9,44321.58255902052
2026-03-20 09:00:00,Client_03,P028,Reverse Convertible,250000,0,0.03415870141108175,8,8539.675352770439
2026-03-20 09:00:00,Client_06,P015,Autocall,250000,0,0.039944459797868655,8,9986.114949467164
2026-03-20 09:00:00,Client_03,P034,Tracker,250000,0,0.025088150233130824,6,6272.0375582827055
2026-03-20 09:00:00,Client_09,P031,Bonus Certificate,250000,0,0.01146143944596569,2,2865.3598614914226
2026-03-20 09:00:00,Client_09,P032,Bonus Certificate,500000,0,0.009237656501969425,1,4618.828250984712
2026-03-20 09:00:00,Client_09,P014,Autocall,1000000,0,0.023505513401906507,6,23505.513401906508
2026-03-20 09:00:00,Client_09,P021,Barrier Reverse Convertible,100000,0,0.013250650207109454,2,1325.0650207109454
2026-03-20 09:00:00,Client_09,P035,Tracker,2000000,0,0.01228295095477015,2,24565.9019095403
2026-03-20 09:00:00,Client_11,P021,Barrier Reverse Convertible,2000000,0,0.03900416960108872,8,78008.33920217743
2026-03-20 09:00:00,Client_09,P030,Reverse Convertible,1500000,0,0.010806922734463925,2,16210.384101695889
2026-03-20 09:00:00,Client_09,P009,Callable Multi BRC,250000,0,0.011372728517767485,2,2843.1821294418714
2026-03-20 09:00:00,Client_09,P019,Barrier Reverse Convertible,2000000,0,0.008343655812351528,1,16687.311624703056
2026-03-20 09:00:00,Client_09,P028,Reverse Convertible,750000,0,0.010434455224685626,2,7825.84141851422
2026-03-23 09:00:00,Client_16,P021,Barrier Reverse Convertible,100000,0,0.03685014120046277,8,3685.0141200462767
2026-03-23 09:00:00,Client_13,P002,Callable Multi BRC,1500000,0,0.018466509114760995,4,27699.763672141493
2026-03-23 09:00:00,Client_13,P032,Bonus Certificate,1500000,0,0.012398000997821207,2,18597.00149673181
2026-03-23 09:00:00,Client_15,P022,Barrier Reverse Convertible,250000,0,0.017083796908674665,4,4270.949227168666
2026-03-23 09:00:00,Client_15,P028,Reverse Convertible,1500000,0,0.03199780480394392,7,47996.70720591588
2026-03-23 09:00:00,Client_15,P029,Reverse Convertible,2000000,0,0.04403946230157808,9,88078.92460315616
2026-03-23 09:00:00,Client_15,P009,Callable Multi BRC,1000000,0,0.030493190245778356,7,30493.190245778354
2026-03-23 09:00:00,Client_16,P026,Barrier Reverse Convertible,750000,0,0.1493262450477103,10,111994.68378578273
2026-03-23 09:00:00,Client_17,P022,Barrier Reverse Convertible,100000,0,0.011302976242733407,2,1130.2976242733407
2026-03-23 09:00:00,Client_13,P016,Autocall,100000,0,0.001666074789098424,1,166.6074789098424
2026-03-23 09:00:00,Client_18,P035,Tracker,1000000,0,0.01938663421930625,4,19386.63421930625
2026-03-23 09:00:00,Client_18,P031,Bonus Certificate,100000,0,0.028943003988569097,7,2894.30039885691
2026-03-23 09:00:00,Client_20,P020,Barrier Reverse Convertible,100000,0,0.0266197962678021,7,2661.9796267802103
2026-03-23 09:00:00,Client_19,P021,Barrier Reverse Convertible,1000000,0,0.0459165165541061,9,45916.5165541061
2026-03-23 09:00:00,Client_19,P015,Autocall,1000000,1,0.04986277212502345,9,49862.772125023446
2026-03-23 09:00:00,Client_20,P008,Callable Multi BRC,100000,0,0.039377773754370425,8,3937.7773754370423
2026-03-23 09:00:00,Client_20,P036,Tracker,100000,0,0.019781343181855926,5,1978.1343181855925
2026-03-23 09:00:00,Client_20,P022,Barrier Reverse Convertible,100000,0,0.013422984864342694,2,1342.2984864342693
2026-03-23 09:00:00,Client_20,P035,Tracker,750000,0,0.022854144527144453,6,17140.60839535834
2026-03-23 09:00:00,Client_17,P011,Callable Multi BRC,250000,0,0.018876944281359803,4,4719.236070339951
2026-03-23 09:00:00,Client_12,P032,Bonus Certificate,250000,0,0.019735333977110366,5,4933.833494277591
2026-03-23 09:00:00,Client_19,P002,Callable Multi BRC,2000000,0,0.03686910829648028,8,73738.21659296057
2026-03-23 09:00:00,Client_11,P021,Barrier Reverse Convertible,2000000,0,0.04644010339229989,9,92880.20678459978
2026-03-23 09:00:00,Client_12,P017,Autocall,250000,0,0.03325954177896731,8,8314.885444741827
2026-03-23 09:00:00,Client_01,P028,Reverse Convertible,2000000,0,0.01889546321487665,4,37790.9264297533
2026-03-23 09:00:00,Client_01,P004,Callable Multi BRC,500000,0,0.14242196805332918,10,71210.98402666459
2026-03-23 09:00:00,Client_01,P001,Callable Multi BRC,2000000,0,0.027035277703549986,7,54070.55540709997
2026-03-23 09:00:00,Client_01,P016,Autocall,250000,0,0.0016845210212651101,1,421.13025531627756
2026-03-23 09:00:00,Client_01,P027,Reverse Convertible,1500000,0,0.01927008635976452,4,28905.12953964678
2026-03-23 09:00:00,Client_03,P034,Tracker,250000,0,0.025139066889868084,6,6284.766722467021
2026-03-23 09:00:00,Client_03,P024,Barrier Reverse Convertible,1000000,1,0.06435877779591896,10,64358.77779591896
2026-03-23 09:00:00,Client_03,P028,Reverse Convertible,250000,0,0.03820825575840692,8,9552.063939601729
2026-03-23 09:00:00,Client_02,P015,Autocall,100000,0,0.054611799299816806,9,5461.17992998168
2026-03-23 09:00:00,Client_09,P032,Bonus Certificate,500000,0,0.008944136331633962,1,4472.068165816981
2026-03-23 09:00:00,Client_09,P031,Bonus Certificate,250000,0,0.013498302606137021,2,3374.575651534255
2026-03-23 09:00:00,Client_09,P019,Barrier Reverse Convertible,2000000,0,0.009879261723100745,1,19758.52344620149
2026-03-23 09:00:00,Client_09,P009,Callable Multi BRC,250000,0,0.013427289339998026,2,3356.8223349995064
2026-03-23 09:00:00,Client_09,P030,Reverse Convertible,1500000,0,0.009921562169267288,2,14882.343253900932
2026-03-23 09:00:00,Client_09,P028,Reverse Convertible,750000,0,0.01191802899702614,2,8938.521747769604
2026-03-23 09:00:00,Client_09,P035,Tracker,2000000,0,0.009583931088888711,1,19167.86217777742
2026-03-23 09:00:00,Client_09,P021,Barrier Reverse Convertible,100000,0,0.015460877894293295,3,1546.0877894293296
2026-03-23 09:00:00,Client_06,P015,Autocall,250000,0,0.04588087412841813,9,11470.218532104533
2026-03-23 09:00:00,Client_09,P014,Autocall,1000000,0,0.017964107606173108,4,17964.107606173107
2026-03-24 09:00:00,Client_16,P026,Barrier Reverse Convertible,750000,0,0.026888589942726377,7,20166.442457044785
2026-03-24 09:00:00,Client_15,P009,Callable Multi BRC,1000000,0,0.02562018272998918,6,25620.182729989177
2026-03-24 09:00:00,Client_15,P029,Reverse Convertible,2000000,0,0.026823276924138276,7,53646.553848276555
2026-03-24 09:00:00,Client_13,P002,Callable Multi BRC,1500000,0,0.020252899486930046,5,30379.34923039507
2026-03-24 09:00:00,Client_15,P022,Barrier Reverse Convertible,250000,0,0.01366043105559602,2,3415.107763899005
2026-03-24 09:00:00,Client_13,P032,Bonus Certificate,1500000,0,0.011883462502855758,2,17825.19375428364
2026-03-24 09:00:00,Client_16,P021,Barrier Reverse Convertible,100000,0,0.04202424575400232,9,4202.424575400232
2026-03-24 09:00:00,Client_15,P028,Reverse Convertible,1500000,0,0.03630794520490911,8,54461.917807363665
2026-03-24 09:00:00,Client_17,P022,Barrier Reverse Convertible,100000,0,0.008808748894377218,1,880.8748894377218
2026-03-24 09:00:00,Client_20,P020,Barrier Reverse Convertible,100000,0,0.023731089036307076,6,2373.1089036307076
2026-03-24 09:00:00,Client_18,P035,Tracker,1000000,0,0.01751661475674783,4,17516.61475674783
2026-03-24 09:00:00,Client_18,P031,Bonus Certificate,100000,0,0.022949760818279187,6,2294.9760818279187
2026-03-24 09:00:00,Client_19,P002,Callable Multi BRC,2000000,0,0.05024704784319891,9,100494.09568639782
2026-03-24 09:00:00,Client_19,P021,Barrier Reverse Convertible,1000000,0,0.06817201906620214,10,68172.01906620213
2026-03-24 09:00:00,Client_20,P036,Tracker,100000,0,0.016113008438678557,3,1611.3008438678557
2026-03-24 09:00:00,Client_20,P022,Barrier Reverse Convertible,100000,0,0.011240662848306389,2,1124.0662848306388
2026-03-24 09:00:00,Client_20,P035,Tracker,750000,0,0.020358672301863584,5,15269.004226397688
2026-03-24 09:00:00,Client_13,P016,Autocall,100000,0,0.001318459529054394,1,131.8459529054394
2026-03-24 09:00:00,Client_17,P011,Callable Multi BRC,250000,1,0.019212585471874842,4,4803.14636796871
2026-03-24 09:00:00,Client_12,P032,Bonus Certificate,250000,0,0.01967629770539912,5,4919.07442634978
2026-03-24 09:00:00,Client_20,P008,Callable Multi BRC,100000,0,0.032435622621574324,8,3243.5622621574325
2026-03-24 09:00:00,Client_11,P021,Barrier Reverse Convertible,2000000,0,0.05300044998785429,9,106000.89997570858
2026-03-24 09:00:00,Client_12,P017,Autocall,250000,0,0.03537597983200125,8,8843.994958000312
2026-03-24 09:00:00,Client_01,P004,Callable Multi BRC,500000,1,0.09151796295221268,10,45758.98147610634
2026-03-24 09:00:00,Client_01,P001,Callable Multi BRC,2000000,0,0.03162145456342312,7,63242.90912684624
2026-03-24 09:00:00,Client_01,P016,Autocall,250000,0,0.0013478433735423386,1,336.96084338558467
2026-03-24 09:00:00,Client_01,P027,Reverse Convertible,1500000,0,0.01709462645123161,4,25641.939676847414
2026-03-24 09:00:00,Client_02,P015,Autocall,100000,1,0.06465573205562113,10,6465.573205562113
2026-03-24 09:00:00,Client_03,P034,Tracker,250000,0,0.031827431441822325,7,7956.857860455581
2026-03-24 09:00:00,Client_03,P028,Reverse Convertible,250000,1,0.05499439916069548,9,13748.59979017387
2026-03-24 09:00:00,Client_06,P015,Autocall,250000,0,0.05628741099796874,9,14071.852749492185
2026-03-24 09:00:00,Client_01,P028,Reverse Convertible,2000000,0,0.022028607925522345,5,44057.21585104469
2026-03-24 09:00:00,Client_09,P031,Bonus Certificate,250000,0,0.010972777668184653,2,2743.1944170461634
2026-03-24 09:00:00,Client_09,P019,Barrier Reverse Convertible,2000000,0,0.008026773072703906,1,16053.546145407812
2026-03-24 09:00:00,Client_09,P009,Callable Multi BRC,250000,0,0.011433521934824904,2,2858.3804837062257
2026-03-24 09:00:00,Client_09,P030,Reverse Convertible,1500000,0,0.011880377418702496,2,17820.566128053742
2026-03-24 09:00:00,Client_09,P028,Reverse Convertible,750000,0,0.013759897207206889,3,10319.922905405167
2026-03-24 09:00:00,Client_09,P035,Tracker,2000000,0,0.008664429920504283,1,17328.859841008565
2026-03-24 09:00:00,Client_09,P021,Barrier Reverse Convertible,100000,0,0.01763397113624484,4,1763.397113624484
2026-03-24 09:00:00,Client_09,P014,Autocall,1000000,0,0.014603578441346214,3,14603.578441346213
2026-03-24 09:00:00,Client_09,P032,Bonus Certificate,500000,0,0.00931906992872777,1,4659.534964363885
2026-03-25 09:00:00,Client_16,P026,Barrier Reverse Convertible,750000,0,0.027002802643835373,7,20252.10198287653
2026-03-25 09:00:00,Client_15,P009,Callable Multi BRC,1000000,0,0.015322449594955262,3,15322.449594955262
2026-03-25 09:00:00,Client_13,P032,Bonus Certificate,1500000,0,0.013015884084920857,2,19523.826127381286
2026-03-25 09:00:00,Client_15,P028,Reverse Convertible,1500000,0,0.02634392030034956,6,39515.88045052434
2026-03-25 09:00:00,Client_15,P022,Barrier Reverse Convertible,250000,0,0.013201814845024654,2,3300.4537112561634
2026-03-25 09:00:00,Client_16,P021,Barrier Reverse Convertible,100000,0,0.03619627248621813,8,3619.627248621813
2026-03-25 09:00:00,Client_15,P029,Reverse Convertible,2000000,1,0.029779388762215322,7,59558.77752443065
2026-03-25 09:00:00,Client_17,P022,Barrier Reverse Convertible,100000,0,0.01377598229760749,3,1377.598229760749
2026-03-25 09:00:00,Client_19,P021,Barrier Reverse Convertible,1000000,0,0.05077747926033209,9,50777.47926033209
2026-03-25 09:00:00,Client_18,P031,Bonus Certificate,100000,1,0.017857921019044397,4,1785.7921019044397
2026-03-25 09:00:00,Client_19,P002,Callable Multi BRC,2000000,0,0.03739735168129848,8,74794.70336259696
2026-03-25 09:00:00,Client_20,P008,Callable Multi BRC,100000,0,0.026377001306145585,6,2637.7001306145585
2026-03-25 09:00:00,Client_20,P036,Tracker,100000,0,0.011095440313106506,2,1109.5440313106506
2026-03-25 09:00:00,Client_20,P022,Barrier Reverse Convertible,100000,0,0.01045274353491114,2,1045.274353491114
2026-03-25 09:00:00,Client_20,P035,Tracker,750000,0,0.016455130739898002,3,12341.348054923501
2026-03-25 09:00:00,Client_20,P020,Barrier Reverse Convertible,100000,0,0.019015149459842097,4,1901.5149459842096
2026-03-25 09:00:00,Client_18,P035,Tracker,1000000,0,0.017752541336963298,4,17752.5413369633
2026-03-25 09:00:00,Client_13,P002,Callable Multi BRC,1500000,0,0.017603981253163502,4,26405.97187974525
2026-03-25 09:00:00,Client_12,P017,Autocall,250000,0,0.03649129748761756,8,9122.824371904391
2026-03-25 09:00:00,Client_12,P032,Bonus Certificate,250000,1,0.020746640355839202,5,5186.6600889598
2026-03-25 09:00:00,Client_13,P016,Autocall,100000,0,0.0016303914347348218,1,163.03914347348217
2026-03-25 09:00:00,Client_01,P001,Callable Multi BRC,2000000,0,0.03841307940217138,8,76826.15880434276
2026-03-25 09:00:00,Client_01,P016,Autocall,250000,0,0.002031334404022666,1,507.83360100566654
2026-03-25 09:00:00,Client_01,P027,Reverse Convertible,1500000,0,0.02210741150801062,5,33161.11726201593
2026-03-25 09:00:00,Client_03,P034,Tracker,250000,0,0.04207601490898024,9,10519.00372724506
2026-03-25 09:00:00,Client_06,P015,Autocall,250000,0,0.051920268625369914,9,12980.067156342478
2026-03-25 09:00:00,Client_09,P032,Bonus Certificate,500000,0,0.009736746994313194,1,4868.373497156596
2026-03-25 09:00:00,Client_09,P031,Bonus Certificate,250000,0,0.008983412829331263,1,2245.8532073328156
2026-03-25 09:00:00,Client_01,P028,Reverse Convertible,2000000,0,0.024729557650804875,6,49459.11530160975
2026-03-25 09:00:00,Client_09,P009,Callable Multi BRC,250000,0,0.008334504619476388,1,2083.626154869097
2026-03-25 09:00:00,Client_09,P030,Reverse Convertible,1500000,0,0.013362665035190822,2,20043.997552786233
2026-03-25 09:00:00,Client_09,P028,Reverse Convertible,750000,0,0.011954458016279468,2,8965.843512209602
2026-03-25 09:00:00,Client_09,P035,Tracker,2000000,0,0.008466323520773707,1,16932.647041547414
2026-03-25 09:00:00,Client_09,P021,Barrier Reverse Convertible,100000,0,0.015868426888974503,3,1586.8426888974502
2026-03-25 09:00:00,Client_09,P014,Autocall,1000000,0,0.01601843794111148,3,16018.43794111148
2026-03-25 09:00:00,Client_11,P021,Barrier Reverse Convertible,2000000,0,0.047353757252187885,9,94707.51450437577
2026-03-25 09:00:00,Client_09,P019,Barrier Reverse Convertible,2000000,0,0.00676108217637114,1,13522.16435274228
2026-03-26 09:00:00,Client_20,P020,Barrier Reverse Convertible,100000,0,0.018832873491414815,4,1883.2873491414814
2026-03-26 09:00:00,Client_15,P022,Barrier Reverse Convertible,250000,0,0.2511116796457334,10,62777.919911433346
2026-03-26 09:00:00,Client_15,P028,Reverse Convertible,1500000,0,0.02604498197622696,6,39067.472964340435
2026-03-26 09:00:00,Client_15,P009,Callable Multi BRC,1000000,0,0.03735645703896653,8,37356.457038966524
2026-03-26 09:00:00,Client_16,P026,Barrier Reverse Convertible,750000,1,0.03128757965981413,7,23465.6847448606
2026-03-26 09:00:00,Client_16,P021,Barrier Reverse Convertible,100000,0,0.028063535735505383,7,2806.3535735505384
2026-03-26 09:00:00,Client_17,P022,Barrier Reverse Convertible,100000,0,0.203982167490354,10,20398.2167490354
2026-03-26 09:00:00,Client_20,P008,Callable Multi BRC,100000,1,0.35399008473125393,10,35399.008473125396
2026-03-26 09:00:00,Client_19,P002,Callable Multi BRC,2000000,0,0.04528198469778253,9,90563.96939556506
2026-03-26 09:00:00,Client_19,P021,Barrier Reverse Convertible,1000000,0,0.036481726636402985,8,36481.726636402986
2026-03-26 09:00:00,Client_20,P036,Tracker,100000,0,0.018164092972807307,4,1816.4092972807307
2026-03-26 09:00:00,Client_20,P022,Barrier Reverse Convertible,100000,0,0.16863703791656182,10,16863.703791656182
2026-03-26 09:00:00,Client_20,P035,Tracker,750000,0,0.015695018851207117,3,11771.264138405337
2026-03-26 09:00:00,Client_13,P002,Callable Multi BRC,1500000,0,0.02122374080608718,5,31835.611209130773
2026-03-26 09:00:00,Client_18,P035,Tracker,1000000,0,0.02155082590186575,5,21550.82590186575
2026-03-26 09:00:00,Client_13,P016,Autocall,100000,0,0.047531548199573635,9,4753.1548199573635
2026-03-26 09:00:00,Client_13,P032,Bonus Certificate,1500000,0,0.012177158821328485,2,18265.738231992727
2026-03-26 09:00:00,Client_11,P021,Barrier Reverse Convertible,2000000,0,0.03383789567961985,8,67675.79135923971
2026-03-26 09:00:00,Client_12,P017,Autocall,250000,1,0.05619784795624092,9,14049.46198906023
2026-03-26 09:00:00,Client_01,P001,Callable Multi BRC,2000000,0,0.02891897620455228,7,57837.95240910456
2026-03-26 09:00:00,Client_01,P016,Autocall,250000,0,0.06071582275729496,9,15178.95568932374
2026-03-26 09:00:00,Client_01,P027,Reverse Convertible,1500000,0,0.021559406205872395,5,32339.109308808595
2026-03-26 09:00:00,Client_03,P034,Tracker,250000,0,0.040479207352716755,8,10119.801838179188
2026-03-26 09:00:00,Client_06,P015,Autocall,250000,0,0.04496986696571903,9,11242.466741429758
2026-03-26 09:00:00,Client_09,P032,Bonus Certificate,500000,0,0.009235743372506587,1,4617.871686253294
2026-03-26 09:00:00,Client_01,P028,Reverse Convertible,2000000,0,0.017534047066952208,4,35068.094133904415
2026-03-26 09:00:00,Client_09,P019,Barrier Reverse Convertible,2000000,0,0.010773184203586285,2,21546.36840717257
2026-03-26 09:00:00,Client_09,P009,Callable Multi BRC,250000,0,0.014815686033585948,3,3703.921508396487
2026-03-26 09:00:00,Client_09,P030,Reverse Convertible,1500000,0,0.01284963656753937,2,19274.454851309056
2026-03-26 09:00:00,Client_09,P028,Reverse Convertible,750000,0,0.008816313508045785,1,6612.235131034339
2026-03-26 09:00:00,Client_09,P035,Tracker,2000000,0,0.008123893936900493,1,16247.787873800986
2026-03-26 09:00:00,Client_09,P021,Barrier Reverse Convertible,100000,0,0.011558632446233617,2,1155.8632446233617
2026-03-26 09:00:00,Client_09,P014,Autocall,1000000,0,0.014536729813378065,3,14536.729813378064
2026-03-26 09:00:00,Client_09,P031,Bonus Certificate,250000,0,0.015143164488344352,3,3785.791122086088
2026-03-27 09:00:00,Client_13,P032,Bonus Certificate,1500000,0,0.012371352124148588,2,18557.02818622288
2026-03-27 09:00:00,Client_15,P022,Barrier Reverse Convertible,250000,0,0.015872957404405797,3,3968.2393511014493
2026-03-27 09:00:00,Client_15,P028,Reverse Convertible,1500000,0,0.020731402668334672,5,31097.10400250201
2026-03-27 09:00:00,Client_15,P009,Callable Multi BRC,1000000,0,0.019455044439577882,4,19455.044439577883
2026-03-27 09:00:00,Client_16,P021,Barrier Reverse Convertible,100000,0,0.033985593328742784,8,3398.5593328742784
2026-03-27 09:00:00,Client_17,P022,Barrier Reverse Convertible,100000,0,0.01513653028459941,3,1513.653028459941
2026-03-27 09:00:00,Client_20,P036,Tracker,100000,0,0.01384331124263517,3,1384.331124263517
2026-03-27 09:00:00,Client_19,P002,Callable Multi BRC,2000000,0,0.034766011559003544,8,69532.02311800708
2026-03-27 09:00:00,Client_19,P021,Barrier Reverse Convertible,1000000,0,0.03664956279955302,8,36649.562799553016
2026-03-27 09:00:00,Client_20,P022,Barrier Reverse Convertible,100000,0,0.015817561151372606,3,1581.7561151372606
2026-03-27 09:00:00,Client_20,P035,Tracker,750000,0,0.019281218160201515,4,14460.913620151136
2026-03-27 09:00:00,Client_20,P020,Barrier Reverse Convertible,100000,0,0.022738864575134323,6,2273.886457513432
2026-03-27 09:00:00,Client_13,P002,Callable Multi BRC,1500000,0,0.016505823325867166,3,24758.73498880075
2026-03-27 09:00:00,Client_18,P035,Tracker,1000000,0,0.020312151863301507,5,20312.151863301508
2026-03-27 09:00:00,Client_13,P016,Autocall,100000,0,0.0033950447655943954,1,339.5044765594395
2026-03-27 09:00:00,Client_09,P014,Autocall,1000000,0,0.01250904769265092,2,12509.04769265092
2026-03-27 09:00:00,Client_01,P028,Reverse Convertible,2000000,0,0.017456944728458317,4,34913.88945691663
2026-03-27 09:00:00,Client_11,P021,Barrier Reverse Convertible,2000000,0,0.03360265001807295,8,67205.3000361459
2026-03-27 09:00:00,Client_01,P001,Callable Multi BRC,2000000,0,0.03156153312576636,7,63123.06625153272
2026-03-27 09:00:00,Client_01,P016,Autocall,250000,0,0.004362200921838404,1,1090.5502304596012
2026-03-27 09:00:00,Client_01,P027,Reverse Convertible,1500000,0,0.020198625728098593,5,30297.93859214789
2026-03-27 09:00:00,Client_06,P015,Autocall,250000,1,0.04226224923583594,9,10565.562308958986
2026-03-27 09:00:00,Client_09,P032,Bonus Certificate,500000,0,0.008921911963226524,1,4460.955981613262
2026-03-27 09:00:00,Client_03,P034,Tracker,250000,0,0.032568262222027924,8,8142.065555506981
2026-03-27 09:00:00,Client_09,P019,Barrier Reverse Convertible,2000000,0,0.006261532377105544,1,12523.064754211087
2026-03-27 09:00:00,Client_09,P009,Callable Multi BRC,250000,0,0.009479260297427773,1,2369.815074356943
2026-03-27 09:00:00,Client_09,P030,Reverse Convertible,1500000,0,0.01208353522995528,2,18125.30284493292
2026-03-27 09:00:00,Client_09,P028,Reverse Convertible,750000,0,0.008599292050540663,1,6449.469037905497
2026-03-27 09:00:00,Client_09,P035,Tracker,2000000,0,0.007507975881389495,1,15015.95176277899
2026-03-27 09:00:00,Client_09,P021,Barrier Reverse Convertible,100000,0,0.011495706116796735,2,1149.5706116796734
2026-03-27 09:00:00,Client_09,P031,Bonus Certificate,250000,0,0.008534223090805272,1,2133.555772701318
2026-03-30 09:00:00,Client_16,P021,Barrier Reverse Convertible,100000,0,0.28066974798347266,10,28066.974798347266
2026-03-30 09:00:00,Client_13,P032,Bonus Certificate,1500000,0,0.012632904310015357,2,18949.356465023036
2026-03-30 09:00:00,Client_15,P022,Barrier Reverse Convertible,250000,0,0.023752927017365238,6,5938.231754341309
2026-03-30 09:00:00,Client_15,P028,Reverse Convertible,1500000,0,0.1861032557128262,10,279154.8835692393
2026-03-30 09:00:00,Client_15,P009,Callable Multi BRC,1000000,0,0.05881230180828759,9,58812.301808287586
2026-03-30 09:00:00,Client_17,P022,Barrier Reverse Convertible,100000,0,0.022125962533856246,5,2212.5962533856245
2026-03-30 09:00:00,Client_13,P002,Callable Multi BRC,1500000,0,0.022729703030151826,6,34094.55454522774
2026-03-30 09:00:00,Client_19,P002,Callable Multi BRC,2000000,0,0.0479985821071701,9,95997.1642143402
2026-03-30 09:00:00,Client_19,P021,Barrier Reverse Convertible,1000000,1,0.292473921528335,10,292473.921528335
2026-03-30 09:00:00,Client_20,P036,Tracker,100000,0,0.04088210724940362,8,4088.2107249403616
2026-03-30 09:00:00,Client_20,P022,Barrier Reverse Convertible,100000,0,0.022489257657335664,5,2248.9257657335665
2026-03-30 09:00:00,Client_20,P035,Tracker,750000,0,0.019707725962981815,5,14780.79447223636
2026-03-30 09:00:00,Client_20,P020,Barrier Reverse Convertible,100000,0,0.02222706829499901,5,2222.7068294999012
2026-03-30 09:00:00,Client_18,P035,Tracker,1000000,0,0.0197153689282122,5,19715.3689282122
2026-03-30 09:00:00,Client_13,P016,Autocall,100000,0,0.005441706417867886,1,544.1706417867887
2026-03-30 09:00:00,Client_09,P028,Reverse Convertible,750000,0,0.08023688108502278,10,60177.660813767085
2026-03-30 09:00:00,Client_09,P014,Autocall,1000000,0,0.011982029278438921,2,11982.02927843892
2026-03-30 09:00:00,Client_01,P001,Callable Multi BRC,2000000,1,0.3164579869155466,10,632915.9738310932
2026-03-30 09:00:00,Client_01,P016,Autocall,250000,0,0.006940488455412471,1,1735.1221138531178
2026-03-30 09:00:00,Client_01,P027,Reverse Convertible,1500000,0,0.02031676625988247,5,30475.149389823706
2026-03-30 09:00:00,Client_03,P034,Tracker,250000,0,0.03438525003292304,8,8596.31250823076
2026-03-30 09:00:00,Client_09,P032,Bonus Certificate,500000,0,0.009248065124720093,1,4624.0325623600465
2026-03-30 09:00:00,Client_09,P031,Bonus Certificate,250000,0,0.025214571602610113,6,6303.642900652529
2026-03-30 09:00:00,Client_01,P028,Reverse Convertible,2000000,0,0.15806823017824803,10,316136.46035649604
2026-03-30 09:00:00,Client_09,P009,Callable Multi BRC,250000,0,0.029357051406346903,7,7339.262851586725
2026-03-30 09:00:00,Client_09,P019,Barrier Reverse Convertible,2000000,0,0.01819214718217602,4,36384.29436435204
2026-03-30 09:00:00,Client_09,P021,Barrier Reverse Convertible,100000,0,0.1130753030525093,10,11307.53030525093
2026-03-30 09:00:00,Client_11,P021,Barrier Reverse Convertible,2000000,1,0.27531324543086416,10,550626.4908617283
2026-03-30 09:00:00,Client_09,P030,Reverse Convertible,1500000,0,0.013873257920376206,3,20809.886880564307
2026-03-30 09:00:00,Client_09,P035,Tracker,2000000,0,0.00747186264464623,1,14943.725289292459
2026-03-31 09:00:00,Client_20,P020,Barrier Reverse Convertible,100000,0,0.022256982177461235,5,2225.6982177461236
2026-03-31 09:00:00,Client_13,P002,Callable Multi BRC,1500000,0,0.017032598300139597,4,25548.897450209395
2026-03-31 09:00:00,Client_20,P035,Tracker,750000,0,0.018673976104809992,4,14005.482078607494
2026-03-31 09:00:00,Client_20,P022,Barrier Reverse Convertible,100000,0,0.02649656433994027,6,2649.656433994027
2026-03-31 09:00:00,Client_20,P036,Tracker,100000,0,0.018266177448893327,4,1826.6177448893327
2026-03-31 09:00:00,Client_18,P035,Tracker,1000000,0,0.019321277677422304,4,19321.277677422302
2026-03-31 09:00:00,Client_17,P022,Barrier Reverse Convertible,100000,0,0.02541174721064137,6,2541.174721064137
2026-03-31 09:00:00,Client_16,P021,Barrier Reverse Convertible,100000,0,0.052721905289948336,9,5272.190528994834
2026-03-31 09:00:00,Client_15,P009,Callable Multi BRC,1000000,0,0.027169646528758987,7,27169.646528758985
2026-03-31 09:00:00,Client_15,P028,Reverse Convertible,1500000,0,0.03035467735637616,7,45532.01603456424
2026-03-31 09:00:00,Client_15,P022,Barrier Reverse Convertible,250000,0,0.026559434912688713,7,6639.858728172178
2026-03-31 09:00:00,Client_13,P032,Bonus Certificate,1500000,0,0.011493111369160517,2,17239.667053740774
2026-03-31 09:00:00,Client_19,P002,Callable Multi BRC,2000000,0,0.044554314596455646,9,89108.62919291129
2026-03-31 09:00:00,Client_09,P014,Autocall,1000000,0,0.011450177281479337,2,11450.177281479337
2026-03-31 09:00:00,Client_09,P021,Barrier Reverse Convertible,100000,0,0.017847682333936302,4,1784.7682333936302
2026-03-31 09:00:00,Client_13,P016,Autocall,100000,0,0.006519042293134038,1,651.9042293134038
2026-03-31 09:00:00,Client_01,P028,Reverse Convertible,2000000,0,0.03363989483585672,8,67279.78967171344
2026-03-31 09:00:00,Client_01,P016,Autocall,250000,0,0.010646688746367775,2,2661.6721865919435
2026-03-31 09:00:00,Client_01,P027,Reverse Convertible,1500000,0,0.027024227948067237,7,40536.34192210086
2026-03-31 09:00:00,Client_09,P032,Bonus Certificate,500000,0,0.008745060039832,1,4372.530019916
2026-03-31 09:00:00,Client_03,P034,Tracker,250000,0,0.03210271307010117,7,8025.678267525293
2026-03-31 09:00:00,Client_09,P019,Barrier Reverse Convertible,2000000,0,0.008178443101346062,1,16356.886202692125
2026-03-31 09:00:00,Client_09,P009,Callable Multi BRC,250000,0,0.013934123702426514,3,3483.5309256066284
2026-03-31 09:00:00,Client_09,P030,Reverse Convertible,1500000,1,0.010674128340042825,2,16011.192510064238
2026-03-31 09:00:00,Client_09,P028,Reverse Convertible,750000,0,0.012542111839597869,2,9406.5838796984
2026-03-31 09:00:00,Client_09,P035,Tracker,2000000,0,0.007387589585102673,1,14775.179170205345
2026-03-31 09:00:00,Client_09,P031,Bonus Certificate,250000,0,0.011369408292218232,2,2842.352073054558
2026-04-01 09:00:00,Client_16,P021,Barrier Reverse Convertible,100000,0,0.03805140028382094,8,3805.140028382094
2026-04-01 09:00:00,Client_15,P022,Barrier Reverse Convertible,250000,0,0.014188006464965297,3,3547.001616241324
2026-04-01 09:00:00,Client_15,P028,Reverse Convertible,1500000,0,0.018793079322493546,4,28189.618983740318
2026-04-01 09:00:00,Client_15,P009,Callable Multi BRC,1000000,0,0.01920656570970039,4,19206.56570970039
2026-04-01 09:00:00,Client_17,P022,Barrier Reverse Convertible,100000,0,0.01643995349896015,3,1643.9953498960151
2026-04-01 09:00:00,Client_13,P032,Bonus Certificate,1500000,0,0.011672659362348283,2,17508.989043522426
2026-04-01 09:00:00,Client_19,P002,Callable Multi BRC,2000000,0,0.07772912141852069,10,155458.24283704138
2026-04-01 09:00:00,Client_20,P036,Tracker,100000,0,0.015359406767806264,3,1535.9406767806263
2026-04-01 09:00:00,Client_20,P022,Barrier Reverse Convertible,100000,0,0.016885993564534765,3,1688.5993564534765
2026-04-01 09:00:00,Client_20,P035,Tracker,750000,0,0.01818971793579251,4,13642.288451844383
2026-04-01 09:00:00,Client_20,P020,Barrier Reverse Convertible,100000,0,0.021300770051379703,5,2130.0770051379704
2026-04-01 09:00:00,Client_18,P035,Tracker,1000000,0,0.01894910960306272,4,18949.10960306272
2026-04-01 09:00:00,Client_13,P002,Callable Multi BRC,1500000,0,0.030645228910303617,7,45967.843365455425
2026-04-01 09:00:00,Client_01,P027,Reverse Convertible,1500000,0,0.02487943714752765,6,37319.15572129148
2026-04-01 09:00:00,Client_09,P014,Autocall,1000000,0,0.014449775252993994,3,14449.775252993993
2026-04-01 09:00:00,Client_01,P028,Reverse Convertible,2000000,0,0.02509339427831724,6,50186.78855663448
2026-04-01 09:00:00,Client_01,P016,Autocall,250000,0,0.006640202995999339,1,1660.0507489998347
2026-04-01 09:00:00,Client_13,P016,Autocall,100000,0,0.004017795827181317,1,401.7795827181317
2026-04-01 09:00:00,Client_09,P032,Bonus Certificate,500000,0,0.012388219339149062,2,6194.109669574531
2026-04-01 09:00:00,Client_09,P031,Bonus Certificate,250000,0,0.012879361527549526,2,3219.840381887381
2026-04-01 09:00:00,Client_03,P034,Tracker,250000,0,0.03221471789045298,7,8053.679472613245
2026-04-01 09:00:00,Client_09,P009,Callable Multi BRC,250000,0,0.0156498042125973,3,3912.451053149325
2026-04-01 09:00:00,Client_09,P028,Reverse Convertible,750000,0,0.012606175537963556,2,9454.631653472667
2026-04-01 09:00:00,Client_09,P035,Tracker,2000000,0,0.009813295780135046,1,19626.59156027009
2026-04-01 09:00:00,Client_09,P021,Barrier Reverse Convertible,100000,0,0.018259224627509577,4,1825.9224627509577
2026-04-01 09:00:00,Client_09,P019,Barrier Reverse Convertible,2000000,0,0.009280265581476632,1,18560.531162953263
2026-04-02 09:00:00,Client_16,P021,Barrier Reverse Convertible,100000,0,0.21142353660081048,10,21142.353660081048
2026-04-02 09:00:00,Client_15,P022,Barrier Reverse Convertible,250000,0,0.018184421920274,4,4546.1054800685
2026-04-02 09:00:00,Client_15,P028,Reverse Convertible,1500000,0,0.10340837083589492,10,155112.55625384237
2026-04-02 09:00:00,Client_15,P009,Callable Multi BRC,1000000,0,0.017889818294993184,4,17889.818294993183
2026-04-02 09:00:00,Client_17,P022,Barrier Reverse Convertible,100000,0,0.020392788779322855,5,2039.2788779322855
2026-04-02 09:00:00,Client_20,P020,Barrier Reverse Convertible,100000,0,0.021467166941331158,5,2146.7166941331157
2026-04-02 09:00:00,Client_19,P002,Callable Multi BRC,2000000,0,0.047420335660615924,9,94840.67132123184
2026-04-02 09:00:00,Client_20,P036,Tracker,100000,0,0.014930462473607863,3,1493.0462473607863
2026-04-02 09:00:00,Client_20,P022,Barrier Reverse Convertible,100000,0,0.020936758063871616,5,2093.6758063871616
2026-04-02 09:00:00,Client_20,P035,Tracker,750000,1,0.018166351261492165,4,13624.763446119125
2026-04-02 09:00:00,Client_13,P032,Bonus Certificate,1500000,0,0.011352748218142274,2,17029.122327213412
2026-04-02 09:00:00,Client_18,P035,Tracker,1000000,0,0.019386131508033925,4,19386.131508033926
2026-04-02 09:00:00,Client_13,P002,Callable Multi BRC,1500000,0,0.018069373004700105,4,27104.05950705016
2026-04-02 09:00:00,Client_13,P016,Autocall,100000,0,0.005328051197586394,1,532.8051197586394
2026-04-02 09:00:00,Client_09,P014,Autocall,1000000,0,0.01401778385543822,3,14017.78385543822
2026-04-02 09:00:00,Client_01,P016,Autocall,250000,0,0.008858112416770262,1,2214.5281041925655
2026-04-02 09:00:00,Client_01,P027,Reverse Convertible,1500000,0,0.025208249567435507,6,37812.37435115326
2026-04-02 09:00:00,Client_03,P034,Tracker,250000,0,0.030728591589608757,7,7682.147897402189
2026-04-02 09:00:00,Client_09,P032,Bonus Certificate,500000,0,0.011855697097943515,2,5927.848548971757
2026-04-02 09:00:00,Client_09,P031,Bonus Certificate,250000,0,0.012671778519025699,2,3167.9446297564245
2026-04-02 09:00:00,Client_01,P028,Reverse Convertible,2000000,1,0.13307725570146478,10,266154.51140292955
2026-04-02 09:00:00,Client_09,P009,Callable Multi BRC,250000,0,0.014257316621952393,3,3564.3291554880984
2026-04-02 09:00:00,Client_09,P028,Reverse Convertible,750000,0,0.07287089729393618,10,54653.17297045214
2026-04-02 09:00:00,Client_09,P035,Tracker,2000000,0,0.00965434307572198,1,19308.68615144396
2026-04-02 09:00:00,Client_09,P021,Barrier Reverse Convertible,100000,0,0.1059992776601585,10,10599.92776601585
2026-04-02 09:00:00,Client_09,P019,Barrier Reverse Convertible,2000000,0,0.009107150869653082,1,18214.301739306164
2026-04-03 09:00:00,Client_20,P020,Barrier Reverse Convertible,100000,0,0.02488709666110833,6,2488.709666110833
2026-04-03 09:00:00,Client_15,P022,Barrier Reverse Convertible,250000,0,0.013686918764013805,3,3421.729691003451
2026-04-03 09:00:00,Client_15,P028,Reverse Convertible,1500000,1,0.021276285917462907,5,31914.42887619436
2026-04-03 09:00:00,Client_15,P009,Callable Multi BRC,1000000,0,0.016387850287745864,3,16387.850287745863
2026-04-03 09:00:00,Client_16,P021,Barrier Reverse Convertible,100000,0,0.04721197437856164,9,4721.197437856164
2026-04-03 09:00:00,Client_18,P035,Tracker,1000000,0,0.021183168256190658,5,21183.168256190656
2026-04-03 09:00:00,Client_19,P002,Callable Multi BRC,2000000,0,0.04310168252623597,9,86203.36505247193
2026-04-03 09:00:00,Client_20,P036,Tracker,100000,0,0.01527752544802263,3,1527.752544802263
2026-04-03 09:00:00,Client_20,P022,Barrier Reverse Convertible,100000,0,0.016555837408721265,3,1655.5837408721266
2026-04-03 09:00:00,Client_13,P032,Bonus Certificate,1500000,0,0.0116910490252757,2,17536.57353791355
2026-04-03 09:00:00,Client_17,P022,Barrier Reverse Convertible,100000,0,0.015467861819414572,3,1546.7861819414572
2026-04-03 09:00:00,Client_13,P002,Callable Multi BRC,1500000,0,0.016341723949332757,3,24512.585923999137
2026-04-03 09:00:00,Client_09,P021,Barrier Reverse Convertible,100000,0,0.022046554570077665,5,2204.6554570077665
2026-04-03 09:00:00,Client_09,P014,Autocall,1000000,0,0.015627047594726638,3,15627.047594726637
2026-04-03 09:00:00,Client_01,P016,Autocall,250000,0,0.008163719517893556,1,2040.929879473389
2026-04-03 09:00:00,Client_01,P027,Reverse Convertible,1500000,0,0.0364653073114387,8,54697.96096715805
2026-04-03 09:00:00,Client_03,P034,Tracker,250000,0,0.025930713633239646,6,6482.678408309912
2026-04-03 09:00:00,Client_09,P032,Bonus Certificate,500000,0,0.011744216981643418,2,5872.108490821709
2026-04-03 09:00:00,Client_13,P016,Autocall,100000,0,0.0038595100034224507,1,385.9510003422451
2026-04-03 09:00:00,Client_09,P019,Barrier Reverse Convertible,2000000,0,0.009192006206145433,1,18384.012412290867
2026-04-03 09:00:00,Client_09,P009,Callable Multi BRC,250000,0,0.013005664441419967,2,3251.416110354992
2026-04-03 09:00:00,Client_09,P028,Reverse Convertible,750000,0,0.014692919164791185,3,11019.689373593388
2026-04-03 09:00:00,Client_09,P035,Tracker,2000000,0,0.010764775164946548,2,21529.550329893096
2026-04-03 09:00:00,Client_09,P031,Bonus Certificate,250000,0,0.012183842499718545,2,3045.960624929636
2026-04-06 09:00:00,Client_13,P002,Callable Multi BRC,1500000,0,0.01591170878355087,3,23867.563175326304
2026-04-06 09:00:00,Client_20,P022,Barrier Reverse Convertible,100000,0,0.016893793118551843,3,1689.3793118551844
2026-04-06 09:00:00,Client_20,P036,Tracker,100000,0,0.014759065187493191,3,1475.906518749319
2026-04-06 09:00:00,Client_19,P002,Callable Multi BRC,2000000,0,0.04109631453541273,8,82192.62907082545
2026-04-06 09:00:00,Client_18,P035,Tracker,1000000,0,0.019230087589191137,4,19230.08758919114
2026-04-06 09:00:00,Client_17,P022,Barrier Reverse Convertible,100000,0,0.014679310723916584,3,1467.9310723916583
2026-04-06 09:00:00,Client_16,P021,Barrier Reverse Convertible,100000,0,0.055765139323736224,9,5576.513932373622
2026-04-06 09:00:00,Client_15,P009,Callable Multi BRC,1000000,0,0.019108863610299072,4,19108.86361029907
2026-04-06 09:00:00,Client_15,P022,Barrier Reverse Convertible,250000,0,0.017627557212679463,4,4406.889303169865
2026-04-06 09:00:00,Client_13,P032,Bonus Certificate,1500000,0,0.019741132262157585,5,29611.698393236376
2026-04-06 09:00:00,Client_20,P020,Barrier Reverse Convertible,100000,0,0.023460133553936134,6,2346.0133553936134
2026-04-06 09:00:00,Client_13,P016,Autocall,100000,0,0.0035951954357240396,1,359.51954357240396
2026-04-06 09:00:00,Client_09,P021,Barrier Reverse Convertible,100000,0,0.026579365242246224,7,2657.936524224622
2026-04-06 09:00:00,Client_09,P035,Tracker,2000000,0,0.009992526114239094,2,19985.052228478187
2026-04-06 09:00:00,Client_09,P028,Reverse Convertible,750000,0,0.016671727670867758,3,12503.795753150818
2026-04-06 09:00:00,Client_09,P009,Callable Multi BRC,250000,0,0.011588800566937361,2,2897.2001417343404
2026-04-06 09:00:00,Client_09,P019,Barrier Reverse Convertible,2000000,0,0.008465585935969017,1,16931.171871938033
2026-04-06 09:00:00,Client_09,P031,Bonus Certificate,250000,0,0.011868087223634381,2,2967.0218059085955
2026-04-06 09:00:00,Client_09,P032,Bonus Certificate,500000,0,0.0205018134198521,5,10250.90670992605
2026-04-06 09:00:00,Client_03,P034,Tracker,250000,0,0.044141179789857043,9,11035.294947464261
2026-04-06 09:00:00,Client_01,P027,Reverse Convertible,1500000,0,0.03241291581718478,8,48619.373725777165
2026-04-06 09:00:00,Client_01,P016,Autocall,250000,0,0.007482520087323425,1,1870.6300218308563
2026-04-06 09:00:00,Client_09,P014,Autocall,1000000,0,0.014318995425192924,3,14318.995425192923
2026-04-07 09:00:00,Client_15,P022,Barrier Reverse Convertible,250000,0,0.04142976429261404,8,10357.44107315351
2026-04-07 09:00:00,Client_15,P009,Callable Multi BRC,1000000,0,0.02315104435978839,6,23151.04435978839
2026-04-07 09:00:00,Client_16,P021,Barrier Reverse Convertible,100000,0,0.04461308945617753,9,4461.308945617753
2026-04-07 09:00:00,Client_17,P022,Barrier Reverse Convertible,100000,0,0.03537603128442005,8,3537.603128442005
2026-04-07 09:00:00,Client_13,P032,Bonus Certificate,1500000,0,0.012046693936102857,2,18070.040904154284
2026-04-07 09:00:00,Client_19,P002,Callable Multi BRC,2000000,0,0.0378148422392096,8,75629.68447841919
2026-04-07 09:00:00,Client_20,P036,Tracker,100000,0,0.017497577140758527,4,1749.7577140758526
2026-04-07 09:00:00,Client_20,P022,Barrier Reverse Convertible,100000,0,0.039301275030308135,8,3930.1275030308134
2026-04-07 09:00:00,Client_20,P020,Barrier Reverse Convertible,100000,0,0.030526145536393996,7,3052.6145536393997
2026-04-07 09:00:00,Client_18,P035,Tracker,1000000,0,0.025276859326606456,6,25276.859326606456
2026-04-07 09:00:00,Client_13,P002,Callable Multi BRC,1500000,0,0.01699369176202516,4,25490.53764303774
2026-04-07 09:00:00,Client_09,P032,Bonus Certificate,500000,0,0.01256224796503209,2,6281.123982516045
2026-04-07 09:00:00,Client_09,P014,Autocall,1000000,0,0.01911525375574745,4,19115.25375574745
2026-04-07 09:00:00,Client_01,P027,Reverse Convertible,1500000,0,0.04376764062866239,9,65651.46094299358
2026-04-07 09:00:00,Client_03,P034,Tracker,250000,0,0.022078452239033097,5,5519.613059758274
2026-04-07 09:00:00,Client_13,P016,Autocall,100000,0,0.009931745467536526,2,993.1745467536525
2026-04-07 09:00:00,Client_09,P031,Bonus Certificate,250000,0,0.014164055858891186,3,3541.0139647227966
2026-04-07 09:00:00,Client_01,P016,Autocall,250000,0,0.02067573027588307,5,5168.9325689707675
2026-04-07 09:00:00,Client_09,P009,Callable Multi BRC,250000,0,0.014620521821075516,3,3655.130455268879
2026-04-07 09:00:00,Client_09,P028,Reverse Convertible,750000,0,0.01371128834997099,3,10283.466262478243
2026-04-07 09:00:00,Client_09,P035,Tracker,2000000,0,0.013245429444237379,2,26490.85888847476
2026-04-07 09:00:00,Client_09,P021,Barrier Reverse Convertible,100000,0,0.019841552667336945,5,1984.1552667336944
2026-04-07 09:00:00,Client_09,P019,Barrier Reverse Convertible,2000000,0,0.01064575654601268,2,21291.51309202536
2026-04-08 09:00:00,Client_13,P032,Bonus Certificate,1500000,0,0.020191919742175907,5,30287.87961326386
2026-04-08 09:00:00,Client_20,P020,Barrier Reverse Convertible,100000,0,0.024081737328323506,6,2408.1737328323507
2026-04-08 09:00:00,Client_20,P022,Barrier Reverse Convertible,100000,0,0.025520507286076088,6,2552.0507286076086
2026-04-08 09:00:00,Client_20,P036,Tracker,100000,0,0.018735419266644335,4,1873.5419266644335
2026-04-08 09:00:00,Client_19,P002,Callable Multi BRC,2000000,0,0.06929424422545426,10,138588.4884509085
2026-04-08 09:00:00,Client_18,P035,Tracker,1000000,0,0.01979973687223078,5,19799.73687223078
2026-04-08 09:00:00,Client_17,P022,Barrier Reverse Convertible,100000,0,0.019299771324408386,4,1929.9771324408387
2026-04-08 09:00:00,Client_16,P021,Barrier Reverse Convertible,100000,0,0.044273828526612206,9,4427.382852661221
2026-04-08 09:00:00,Client_15,P009,Callable Multi BRC,1000000,0,0.026358643566401784,6,26358.643566401784
2026-04-08 09:00:00,Client_15,P022,Barrier Reverse Convertible,250000,0,0.027345867444062682,7,6836.4668610156705
2026-04-08 09:00:00,Client_13,P002,Callable Multi BRC,1500000,0,0.03314720002013488,8,49720.80003020232
2026-04-08 09:00:00,Client_13,P016,Autocall,100000,0,0.0064899677299500415,1,648.9967729950041
2026-04-08 09:00:00,Client_09,P014,Autocall,1000000,0,0.014416016616573048,3,14416.016616573048
2026-04-08 09:00:00,Client_01,P027,Reverse Convertible,1500000,0,0.027864347776851737,7,41796.52166527761
2026-04-08 09:00:00,Client_03,P034,Tracker,250000,0,0.028637538592177447,7,7159.384648044362
2026-04-08 09:00:00,Client_09,P032,Bonus Certificate,500000,0,0.020722809735517867,5,10361.404867758934
2026-04-08 09:00:00,Client_09,P031,Bonus Certificate,250000,0,0.015549885749066104,3,3887.4714372665258
2026-04-08 09:00:00,Client_01,P016,Autocall,250000,0,0.011897677362293899,2,2974.4193405734745
2026-04-08 09:00:00,Client_09,P009,Callable Multi BRC,250000,0,0.016582383455537145,3,4145.595863884287
2026-04-08 09:00:00,Client_09,P028,Reverse Convertible,750000,0,0.013321326801309945,2,9990.995100982458
2026-04-08 09:00:00,Client_09,P035,Tracker,2000000,0,0.010097032384858599,2,20194.0647697172
2026-04-08 09:00:00,Client_09,P021,Barrier Reverse Convertible,100000,0,0.019909665790964336,5,1990.9665790964336
2026-04-08 09:00:00,Client_09,P019,Barrier Reverse Convertible,2000000,0,0.011527586001184175,2,23055.172002368352
2026-04-09 09:00:00,Client_13,P032,Bonus Certificate,1500000,0,0.012355753478217622,2,18533.630217326434
2026-04-09 09:00:00,Client_20,P020,Barrier Reverse Convertible,100000,0,0.03724974142621735,8,3724.9741426217347
2026-04-09 09:00:00,Client_20,P022,Barrier Reverse Convertible,100000,0,0.01810066694801235,4,1810.0666948012351
2026-04-09 09:00:00,Client_20,P036,Tracker,100000,0,0.014333208379332007,3,1433.3208379332007
2026-04-09 09:00:00,Client_19,P002,Callable Multi BRC,2000000,0,0.05053713541689422,9,101074.27083378844
2026-04-09 09:00:00,Client_18,P035,Tracker,1000000,0,0.025681849770920136,6,25681.849770920137
2026-04-09 09:00:00,Client_17,P022,Barrier Reverse Convertible,100000,0,0.013318767619953613,2,1331.8767619953612
2026-04-09 09:00:00,Client_16,P021,Barrier Reverse Convertible,100000,0,0.07618176937997359,10,7618.176937997359
2026-04-09 09:00:00,Client_15,P009,Callable Multi BRC,1000000,0,0.01597525022308213,3,15975.250223082128
2026-04-09 09:00:00,Client_15,P022,Barrier Reverse Convertible,250000,0,0.01550700771045409,3,3876.751927613522
2026-04-09 09:00:00,Client_13,P002,Callable Multi BRC,1500000,0,0.022018576082050982,5,33027.86412307647
2026-04-09 09:00:00,Client_13,P016,Autocall,100000,0,0.003856935993876803,1,385.6935993876803
2026-04-09 09:00:00,Client_09,P014,Autocall,1000000,0,0.022976577577418413,6,22976.577577418415
2026-04-09 09:00:00,Client_01,P027,Reverse Convertible,1500000,0,0.042009606378989726,8,63014.40956848459
2026-04-09 09:00:00,Client_03,P034,Tracker,250000,0,0.018848975097959107,4,4712.243774489777
2026-04-09 09:00:00,Client_09,P032,Bonus Certificate,500000,0,0.013101188966711834,2,6550.594483355917
2026-04-09 09:00:00,Client_09,P031,Bonus Certificate,250000,0,0.011993776940437692,2,2998.444235109423
2026-04-09 09:00:00,Client_01,P016,Autocall,250000,0,0.006913217083591362,1,1728.3042708978405
2026-04-09 09:00:00,Client_09,P009,Callable Multi BRC,250000,0,0.01170424058200709,2,2926.0601455017722
2026-04-09 09:00:00,Client_09,P028,Reverse Convertible,750000,0,0.02283176411437852,6,17123.82308578389
2026-04-09 09:00:00,Client_09,P035,Tracker,2000000,0,0.015961810586271757,3,31923.621172543513
2026-04-09 09:00:00,Client_09,P021,Barrier Reverse Convertible,100000,0,0.03561377671916046,8,3561.377671916046
2026-04-09 09:00:00,Client_09,P019,Barrier Reverse Convertible,2000000,0,0.008747747517396409,1,17495.495034792817
2026-04-10 09:00:00,Client_13,P032,Bonus Certificate,1500000,0,0.012119707718004373,2,18179.56157700656
2026-04-10 09:00:00,Client_20,P020,Barrier Reverse Convertible,100000,0,0.02010599506776663,5,2010.599506776663
2026-04-10 09:00:00,Client_20,P022,Barrier Reverse Convertible,100000,0,0.03374809604722667,8,3374.8096047226672
2026-04-10 09:00:00,Client_20,P036,Tracker,100000,0,0.013669183468840603,2,1366.9183468840604
2026-04-10 09:00:00,Client_19,P002,Callable Multi BRC,2000000,0,0.10401427374700599,10,208028.547494012
2026-04-10 09:00:00,Client_18,P035,Tracker,1000000,0,0.01647088424723505,3,16470.88424723505
2026-04-10 09:00:00,Client_17,P022,Barrier Reverse Convertible,100000,0,0.03126530801399408,7,3126.530801399408
2026-04-10 09:00:00,Client_16,P021,Barrier Reverse Convertible,100000,0,0.03809717317727626,8,3809.7173177276263
2026-04-10 09:00:00,Client_15,P009,Callable Multi BRC,1000000,0,0.017225295601894907,4,17225.295601894908
2026-04-10 09:00:00,Client_15,P022,Barrier Reverse Convertible,250000,0,0.03535398022735633,8,8838.495056839081
2026-04-10 09:00:00,Client_13,P002,Callable Multi BRC,1500000,0,0.04913670058740395,9,73705.05088110593
2026-04-10 09:00:00,Client_13,P016,Autocall,100000,0,0.010340669823709871,2,1034.066982370987
2026-04-10 09:00:00,Client_09,P014,Autocall,1000000,0,0.014418765063564083,3,14418.765063564082
2026-04-10 09:00:00,Client_01,P027,Reverse Convertible,1500000,0,0.028948680479934326,7,43423.02071990149
2026-04-10 09:00:00,Client_03,P034,Tracker,250000,0,0.01866371950838707,4,4665.929877096768
2026-04-10 09:00:00,Client_09,P032,Bonus Certificate,500000,0,0.012374520022601004,2,6187.260011300502
2026-04-10 09:00:00,Client_09,P031,Bonus Certificate,250000,0,0.012715954928966862,2,3178.9887322417153
2026-04-10 09:00:00,Client_01,P016,Autocall,250000,0,0.01732811975581099,4,4332.029938952747
2026-04-10 09:00:00,Client_09,P009,Callable Multi BRC,250000,0,0.012814020507981552,2,3203.505126995388
2026-04-10 09:00:00,Client_09,P028,Reverse Convertible,750000,0,0.013667199054546865,2,10250.399290910149
2026-04-10 09:00:00,Client_09,P035,Tracker,2000000,0,0.010792823939646336,2,21585.647879292672
2026-04-10 09:00:00,Client_09,P021,Barrier Reverse Convertible,100000,0,0.021037394138431104,5,2103.7394138431105
2026-04-10 09:00:00,Client_09,P019,Barrier Reverse Convertible,2000000,0,0.009588293763447388,1,19176.587526894775
2026-04-13 09:00:00,Client_13,P002,Callable Multi BRC,1500000,0,0.03879273786583395,8,58189.10679875092
2026-04-13 09:00:00,Client_20,P022,Barrier Reverse Convertible,100000,0,0.07548114537056579,10,7548.114537056578
2026-04-13 09:00:00,Client_20,P036,Tracker,100000,0,0.028048831635593536,7,2804.8831635593538
2026-04-13 09:00:00,Client_20,P020,Barrier Reverse Convertible,100000,0,0.021066773360354805,5,2106.6773360354805
2026-04-13 09:00:00,Client_18,P035,Tracker,1000000,0,0.017611353815086356,4,17611.353815086357
2026-04-13 09:00:00,Client_17,P022,Barrier Reverse Convertible,100000,0,0.06935955298734951,10,6935.955298734952
2026-04-13 09:00:00,Client_16,P021,Barrier Reverse Convertible,100000,0,0.03749642211256954,8,3749.642211256954
2026-04-13 09:00:00,Client_15,P009,Callable Multi BRC,1000000,0,0.03940204239535431,8,39402.04239535431
2026-04-13 09:00:00,Client_15,P022,Barrier Reverse Convertible,250000,0,0.08164577254469015,10,20411.443136172536
2026-04-13 09:00:00,Client_13,P032,Bonus Certificate,1500000,0,0.012170053029431607,2,18255.07954414741
2026-04-13 09:00:00,Client_13,P016,Autocall,100000,0,0.029579321286809207,7,2957.932128680921
2026-04-13 09:00:00,Client_19,P002,Callable Multi BRC,2000000,0,0.08028374130051152,10,160567.48260102305
2026-04-13 09:00:00,Client_09,P021,Barrier Reverse Convertible,100000,0,0.021547560856133924,5,2154.7560856133923
2026-04-13 09:00:00,Client_01,P016,Autocall,250000,0,0.05133516039418467,9,12833.790098546167
2026-04-13 09:00:00,Client_01,P027,Reverse Convertible,1500000,0,0.030359719178362735,7,45539.5787675441
2026-04-13 09:00:00,Client_03,P034,Tracker,250000,0,0.018345847074719916,4,4586.461768679979
2026-04-13 09:00:00,Client_09,P032,Bonus Certificate,500000,0,0.01236308128808375,2,6181.540644041875
2026-04-13 09:00:00,Client_09,P014,Autocall,1000000,0,0.0148351789366897,3,14835.178936689701
2026-04-13 09:00:00,Client_09,P019,Barrier Reverse Convertible,2000000,0,0.02061704101401186,5,41234.082028023724
2026-04-13 09:00:00,Client_09,P009,Callable Multi BRC,250000,0,0.030252799537676286,7,7563.199884419071
2026-04-13 09:00:00,Client_09,P028,Reverse Convertible,750000,0,0.01380474617262494,3,10353.559629468706
2026-04-13 09:00:00,Client_09,P035,Tracker,2000000,0,0.01120729835911732,2,22414.59671823464
2026-04-13 09:00:00,Client_09,P031,Bonus Certificate,250000,0,0.0276467034915005,7,6911.675872875126
2026-04-14 09:00:00,Client_13,P032,Bonus Certificate,1500000,0,0.014848874039478896,3,22273.311059218344
2026-04-14 09:00:00,Client_20,P020,Barrier Reverse Convertible,100000,0,0.0198758254819195,5,1987.58254819195
2026-04-14 09:00:00,Client_20,P022,Barrier Reverse Convertible,100000,0,0.06992174486559644,10,6992.174486559644
2026-04-14 09:00:00,Client_20,P036,Tracker,100000,0,0.027398869566976874,7,2739.8869566976873
2026-04-14 09:00:00,Client_19,P002,Callable Multi BRC,2000000,0,0.044252030732355625,9,88504.06146471125
2026-04-14 09:00:00,Client_18,P035,Tracker,1000000,0,0.01646044276852564,3,16460.44276852564
2026-04-14 09:00:00,Client_17,P022,Barrier Reverse Convertible,100000,0,0.06346667016864659,10,6346.667016864659
2026-04-14 09:00:00,Client_16,P021,Barrier Reverse Convertible,100000,0,0.05419027903243275,9,5419.027903243275
2026-04-14 09:00:00,Client_15,P009,Callable Multi BRC,1000000,0,0.039863387398803844,8,39863.38739880385
2026-04-14 09:00:00,Client_15,P022,Barrier Reverse Convertible,250000,0,0.07482996444290008,10,18707.49111072502
2026-04-14 09:00:00,Client_13,P002,Callable Multi BRC,1500000,0,0.024650282987425096,6,36975.42448113764
2026-04-14 09:00:00,Client_09,P014,Autocall,1000000,0,0.013271278851780215,2,13271.278851780215
2026-04-14 09:00:00,Client_01,P016,Autocall,250000,0,0.04741260339549679,9,11853.150848874198
2026-04-14 09:00:00,Client_09,P021,Barrier Reverse Convertible,100000,0,0.02999816438793873,7,2999.816438793873
2026-04-14 09:00:00,Client_09,P035,Tracker,2000000,0,0.01005687140864157,2,20113.742817283142
2026-04-14 09:00:00,Client_09,P028,Reverse Convertible,750000,0,0.019081007819054155,4,14310.755864290617
2026-04-14 09:00:00,Client_09,P009,Callable Multi BRC,250000,1,0.02963062656304837,7,7407.656640762092
2026-04-14 09:00:00,Client_09,P019,Barrier Reverse Convertible,2000000,0,0.019547268229841486,4,39094.536459682975
2026-04-14 09:00:00,Client_09,P031,Bonus Certificate,250000,0,0.027494715451546695,7,6873.678862886673
2026-04-14 09:00:00,Client_09,P032,Bonus Certificate,500000,0,0.014923785532664262,3,7461.892766332131
2026-04-14 09:00:00,Client_03,P034,Tracker,250000,0,0.0222174936461879,5,5554.373411546975
2026-04-14 09:00:00,Client_01,P027,Reverse Convertible,1500000,0,0.02304108595304573,6,34561.62892956859
2026-04-14 09:00:00,Client_13,P016,Autocall,100000,0,0.032430276560008735,8,3243.0276560008733
2026-04-15 09:00:00,Client_15,P022,Barrier Reverse Convertible,250000,0,0.01981513202241416,5,4953.78300560354
2026-04-15 09:00:00,Client_15,P009,Callable Multi BRC,1000000,1,0.4227930116488832,10,422793.0116488832
2026-04-15 09:00:00,Client_16,P021,Barrier Reverse Convertible,100000,0,0.037817145004935784,8,3781.7145004935783
2026-04-15 09:00:00,Client_17,P022,Barrier Reverse Convertible,100000,0,0.016813356769388936,3,1681.3356769388936
2026-04-15 09:00:00,Client_13,P032,Bonus Certificate,1500000,0,0.017681294891989816,4,26521.942337984725
2026-04-15 09:00:00,Client_19,P002,Callable Multi BRC,2000000,0,0.040755730168027325,8,81511.46033605465
2026-04-15 09:00:00,Client_20,P020,Barrier Reverse Convertible,100000,0,0.019030877588745856,4,1903.0877588745857
2026-04-15 09:00:00,Client_20,P022,Barrier Reverse Convertible,100000,0,0.018827809293528466,4,1882.7809293528467
2026-04-15 09:00:00,Client_18,P035,Tracker,1000000,0,0.015386006570161,3,15386.006570161
2026-04-15 09:00:00,Client_13,P002,Callable Multi BRC,1500000,0,0.0225711109143434,6,33856.6663715151
2026-04-15 09:00:00,Client_20,P036,Tracker,100000,0,0.26265277724173636,10,26265.277724173637
2026-04-15 09:00:00,Client_09,P014,Autocall,1000000,0,0.014226492478921344,3,14226.492478921344
2026-04-15 09:00:00,Client_01,P016,Autocall,250000,0,0.012328023448831747,2,3082.005862207937
2026-04-15 09:00:00,Client_01,P027,Reverse Convertible,1500000,0,0.023304779769983953,6,34957.16965497593
2026-04-15 09:00:00,Client_03,P034,Tracker,250000,0,0.025432370721450322,6,6358.092680362581
2026-04-15 09:00:00,Client_09,P032,Bonus Certificate,500000,0,0.019450842798668377,4,9725.42139933419
2026-04-15 09:00:00,Client_13,P016,Autocall,100000,0,0.008364797211984118,1,836.4797211984118
2026-04-15 09:00:00,Client_09,P019,Barrier Reverse Convertible,2000000,0,0.22005454876298572,10,440109.0975259714
2026-04-15 09:00:00,Client_09,P028,Reverse Convertible,750000,0,0.015245369963756335,3,11434.027472817252
2026-04-15 09:00:00,Client_09,P035,Tracker,2000000,0,0.010857636328031803,2,21715.272656063607
2026-04-15 09:00:00,Client_09,P021,Barrier Reverse Convertible,100000,0,0.024480078921646355,6,2448.0078921646355
2026-04-15 09:00:00,Client_09,P031,Bonus Certificate,250000,0,0.28952411324603067,10,72381.02831150766
2026-04-16 09:00:00,Client_13,P002,Callable Multi BRC,1500000,0,0.019555790340878607,5,29333.685511317908
2026-04-16 09:00:00,Client_20,P022,Barrier Reverse Convertible,100000,0,0.019330506642377104,4,1933.0506642377104
2026-04-16 09:00:00,Client_20,P036,Tracker,100000,0,0.01884322323773635,4,1884.3223237736352
2026-04-16 09:00:00,Client_19,P002,Callable Multi BRC,2000000,0,0.03564487599020115,8,71289.7519804023
2026-04-16 09:00:00,Client_18,P035,Tracker,1000000,0,0.015129385005441148,3,15129.385005441149
2026-04-16 09:00:00,Client_17,P022,Barrier Reverse Convertible,100000,0,0.01725260853892863,4,1725.260853892863
2026-04-16 09:00:00,Client_16,P021,Barrier Reverse Convertible,100000,0,0.0685388629359856,10,6853.88629359856
2026-04-16 09:00:00,Client_15,P022,Barrier Reverse Convertible,250000,0,0.025970276825644234,6,6492.569206411058
2026-04-16 09:00:00,Client_13,P032,Bonus Certificate,1500000,0,0.01270786649372577,2,19061.799740588656
2026-04-16 09:00:00,Client_13,P016,Autocall,100000,0,0.008670210846945097,1,867.0210846945097
2026-04-16 09:00:00,Client_20,P020,Barrier Reverse Convertible,100000,0,0.0191596776021036,4,1915.96776021036
2026-04-16 09:00:00,Client_09,P021,Barrier Reverse Convertible,100000,0,0.043121254709275074,9,4312.125470927507
2026-04-16 09:00:00,Client_01,P016,Autocall,250000,0,0.012401610303616173,2,3100.4025759040433
2026-04-16 09:00:00,Client_01,P027,Reverse Convertible,1500000,0,0.0224583850104964,5,33687.5775157446
2026-04-16 09:00:00,Client_03,P034,Tracker,250000,0,0.018927266498817603,4,4731.816624704401
2026-04-16 09:00:00,Client_09,P032,Bonus Certificate,500000,0,0.014696446909762781,3,7348.22345488139
2026-04-16 09:00:00,Client_09,P014,Autocall,1000000,0,0.012913297015697772,2,12913.297015697772
2026-04-16 09:00:00,Client_09,P019,Barrier Reverse Convertible,2000000,0,0.013675366926012938,3,27350.733852025875
2026-04-16 09:00:00,Client_09,P028,Reverse Convertible,750000,0,0.02773455047822718,7,20800.912858670385
2026-04-16 09:00:00,Client_09,P035,Tracker,2000000,0,0.010508455073455276,2,21016.91014691055
2026-04-16 09:00:00,Client_09,P031,Bonus Certificate,250000,0,0.021050989394220093,5,5262.747348555024
2026-04-17 09:00:00,Client_13,P002,Callable Multi BRC,1500000,0,0.02050327823149112,5,30754.917347236682
2026-04-17 09:00:00,Client_20,P022,Barrier Reverse Convertible,100000,0,0.01726050106740103,4,1726.050106740103
2026-04-17 09:00:00,Client_20,P036,Tracker,100000,0,0.01537628717642295,3,1537.628717642295
2026-04-17 09:00:00,Client_19,P002,Callable Multi BRC,2000000,0,0.0370484631220825,8,74096.926244165
2026-04-17 09:00:00,Client_18,P035,Tracker,1000000,0,0.01445506004981255,3,14455.06004981255
2026-04-17 09:00:00,Client_17,P022,Barrier Reverse Convertible,100000,0,0.019228284182133244,4,1922.8284182133243
2026-04-17 09:00:00,Client_16,P021,Barrier Reverse Convertible,100000,0,0.04027363645405089,8,4027.363645405089
2026-04-17 09:00:00,Client_15,P022,Barrier Reverse Convertible,250000,0,0.02809895950616928,7,7024.7398765423195
2026-04-17 09:00:00,Client_13,P032,Bonus Certificate,1500000,0,0.012602861940716307,2,18904.29291107446
2026-04-17 09:00:00,Client_20,P020,Barrier Reverse Convertible,100000,0,0.01510253896835565,3,1510.253896835565
2026-04-17 09:00:00,Client_13,P016,Autocall,100000,0,0.009321213282533665,1,932.1213282533665
2026-04-17 09:00:00,Client_09,P021,Barrier Reverse Convertible,100000,0,0.02549251752850749,6,2549.251752850749
2026-04-17 09:00:00,Client_09,P035,Tracker,2000000,0,0.010125498500522188,2,20250.997001044376
2026-04-17 09:00:00,Client_09,P028,Reverse Convertible,750000,0,0.01565451697739879,3,11740.887733049092
2026-04-17 09:00:00,Client_09,P019,Barrier Reverse Convertible,2000000,1,0.01370023534120256,3,27400.47068240512
2026-04-17 09:00:00,Client_09,P031,Bonus Certificate,250000,0,0.019746541147447984,5,4936.635286861996
2026-04-17 09:00:00,Client_09,P032,Bonus Certificate,500000,0,0.01501313365510528,3,7506.5668275526405
2026-04-17 09:00:00,Client_03,P034,Tracker,250000,0,0.019089647950665745,4,4772.411987666436
2026-04-17 09:00:00,Client_01,P027,Reverse Convertible,1500000,0,0.01769954237342598,4,26549.31356013897
2026-04-17 09:00:00,Client_01,P016,Autocall,250000,0,0.010925582946551835,2,2731.3957366379586
2026-04-17 09:00:00,Client_09,P014,Autocall,1000000,0,0.011796810029493716,2,11796.810029493716
2026-04-20 09:00:00,Client_15,P022,Barrier Reverse Convertible,250000,0,0.021126170637561073,5,5281.542659390268
2026-04-20 09:00:00,Client_16,P021,Barrier Reverse Convertible,100000,0,0.03787262925273819,8,3787.262925273819
2026-04-20 09:00:00,Client_17,P022,Barrier Reverse Convertible,100000,0,0.01698845941250915,4,1698.8459412509148
2026-04-20 09:00:00,Client_18,P035,Tracker,1000000,0,0.17678953154404695,10,176789.53154404694
2026-04-20 09:00:00,Client_13,P032,Bonus Certificate,1500000,0,0.013810910679452315,3,20716.366019178473
2026-04-20 09:00:00,Client_20,P020,Barrier Reverse Convertible,100000,1,0.16976584039617132,10,16976.584039617133
2026-04-20 09:00:00,Client_20,P036,Tracker,100000,0,0.014598570141921124,3,1459.8570141921125
2026-04-20 09:00:00,Client_20,P022,Barrier Reverse Convertible,100000,0,0.015220920122078863,3,1522.0920122078862
2026-04-20 09:00:00,Client_19,P002,Callable Multi BRC,2000000,0,0.028533739072829915,7,57067.47814565983
2026-04-20 09:00:00,Client_13,P002,Callable Multi BRC,1500000,0,0.015281792116293413,3,22922.688174440118
2026-04-20 09:00:00,Client_03,P034,Tracker,250000,0,0.021377641673420524,5,5344.410418355131
2026-04-20 09:00:00,Client_09,P014,Autocall,1000000,0,0.22848501436993418,10,228485.0143699342
2026-04-20 09:00:00,Client_01,P016,Autocall,250000,0,0.008567832480419677,1,2141.958120104919
2026-04-20 09:00:00,Client_01,P027,Reverse Convertible,1500000,0,0.19769552129097476,10,296543.28193646215
2026-04-20 09:00:00,Client_09,P032,Bonus Certificate,500000,0,0.0222997665464614,5,11149.8832732307
2026-04-20 09:00:00,Client_13,P016,Autocall,100000,0,0.00724612461821346,1,724.612461821346
2026-04-20 09:00:00,Client_09,P028,Reverse Convertible,750000,0,0.021013196200418985,5,15759.897150314238
2026-04-20 09:00:00,Client_09,P035,Tracker,2000000,0,0.17149881870637074,10,342997.6374127415
2026-04-20 09:00:00,Client_09,P021,Barrier Reverse Convertible,100000,0,0.031815223344782574,7,3181.5223344782576
2026-04-20 09:00:00,Client_09,P031,Bonus Certificate,250000,0,0.026224715206944093,6,6556.178801736023
2026-04-21 09:00:00,Client_13,P032,Bonus Certificate,1500000,0,0.01259653761023776,2,18894.806415356637
2026-04-21 09:00:00,Client_20,P022,Barrier Reverse Convertible,100000,0,0.6165851716180448,10,61658.517161804484
2026-04-21 09:00:00,Client_20,P036,Tracker,100000,0,0.02389036867096005,6,2389.036867096005
2026-04-21 09:00:00,Client_19,P002,Callable Multi BRC,2000000,0,0.7862155375228684,10,1572431.075045737
2026-04-21 09:00:00,Client_18,P035,Tracker,1000000,0,0.018821791879330925,4,18821.791879330925
2026-04-21 09:00:00,Client_17,P022,Barrier Reverse Convertible,100000,0,0.5700507993147106,10,57005.07993147106
2026-04-21 09:00:00,Client_16,P021,Barrier Reverse Convertible,100000,0,0.040206283792777235,8,4020.6283792777235
2026-04-21 09:00:00,Client_15,P022,Barrier Reverse Convertible,250000,0,0.6188730856703499,10,154718.27141758747
2026-04-21 09:00:00,Client_13,P002,Callable Multi BRC,1500000,0,0.671417516447295,10,1007126.2746709425
2026-04-21 09:00:00,Client_09,P014,Autocall,1000000,0,0.026011018878181687,6,26011.018878181687
2026-04-21 09:00:00,Client_01,P016,Autocall,250000,1,0.5491505759058594,10,137287.64397646484
2026-04-21 09:00:00,Client_09,P021,Barrier Reverse Convertible,100000,0,0.034305019957167504,8,3430.5019957167506
2026-04-21 09:00:00,Client_09,P035,Tracker,2000000,0,0.017083480752217394,4,34166.96150443479
2026-04-21 09:00:00,Client_09,P028,Reverse Convertible,750000,0,0.02164314576107675,5,16232.359320807562
2026-04-21 09:00:00,Client_09,P031,Bonus Certificate,250000,0,0.033468779221465204,8,8367.194805366302
2026-04-21 09:00:00,Client_09,P032,Bonus Certificate,500000,0,0.01964071336683471,5,9820.356683417354
2026-04-21 09:00:00,Client_03,P034,Tracker,250000,0,0.01907798300941115,4,4769.495752352787
2026-04-21 09:00:00,Client_01,P027,Reverse Convertible,1500000,0,0.021007122734063226,5,31510.68410109484
2026-04-21 09:00:00,Client_13,P016,Autocall,100000,0,0.4949285772341159,10,49492.85772341159
2026-04-22 09:00:00,Client_15,P022,Barrier Reverse Convertible,250000,0,0.02700570881558444,7,6751.42720389611
2026-04-22 09:00:00,Client_16,P021,Barrier Reverse Convertible,100000,0,0.036406564817584364,8,3640.6564817584363
2026-04-22 09:00:00,Client_17,P022,Barrier Reverse Convertible,100000,0,0.02240944526672867,5,2240.944526672867
2026-04-22 09:00:00,Client_13,P032,Bonus Certificate,1500000,0,0.012590972033187871,2,18886.458049781806
2026-04-22 09:00:00,Client_19,P002,Callable Multi BRC,2000000,0,0.05717262334273808,9,114345.24668547616
2026-04-22 09:00:00,Client_20,P022,Barrier Reverse Convertible,100000,0,0.02587309951339012,6,2587.309951339012
2026-04-22 09:00:00,Client_18,P035,Tracker,1000000,0,0.028963341599837402,7,28963.3415998374
2026-04-22 09:00:00,Client_13,P002,Callable Multi BRC,1500000,0,0.031486867259208524,7,47230.30088881279
2026-04-22 09:00:00,Client_20,P036,Tracker,100000,0,0.017462407052593307,4,1746.2407052593308
2026-04-22 09:00:00,Client_09,P014,Autocall,1000000,0,0.04940161799761015,9,49401.61799761015
2026-04-22 09:00:00,Client_13,P016,Autocall,100000,0,0.015831038003758263,3,1583.1038003758263
2026-04-22 09:00:00,Client_03,P034,Tracker,250000,0,0.019529477079867658,4,4882.3692699669145
2026-04-22 09:00:00,Client_09,P032,Bonus Certificate,500000,0,0.019314364069546765,4,9657.182034773383
2026-04-22 09:00:00,Client_01,P027,Reverse Convertible,1500000,0,0.03906308854155302,8,58594.63281232953
2026-04-22 09:00:00,Client_09,P028,Reverse Convertible,750000,0,0.02065837127740958,5,15493.778458057184
2026-04-22 09:00:00,Client_09,P035,Tracker,2000000,0,0.027583366241442687,7,55166.732482885374
2026-04-22 09:00:00,Client_09,P021,Barrier Reverse Convertible,100000,0,0.031031734245032066,7,3103.1734245032067
2026-04-22 09:00:00,Client_09,P031,Bonus Certificate,250000,0,0.02441672231877769,6,6104.180579694423
2026-04-23 09:00:00,Client_13,P032,Bonus Certificate,1500000,0,0.011945772250669966,2,17918.65837600495
2026-04-23 09:00:00,Client_20,P036,Tracker,100000,0,0.0174531602985354,4,1745.31602985354
2026-04-23 09:00:00,Client_19,P002,Callable Multi BRC,2000000,0,0.04995583027146056,9,99911.66054292112
2026-04-23 09:00:00,Client_18,P035,Tracker,1000000,0,0.023326892724227617,6,23326.89272422762
2026-04-23 09:00:00,Client_17,P022,Barrier Reverse Convertible,100000,0,0.02050353444946987,5,2050.353444946987
2026-04-23 09:00:00,Client_16,P021,Barrier Reverse Convertible,100000,0,0.09648855832037373,10,9648.855832037372
2026-04-23 09:00:00,Client_15,P022,Barrier Reverse Convertible,250000,0,0.02666021121187163,7,6665.052802967908
2026-04-23 09:00:00,Client_13,P002,Callable Multi BRC,1500000,0,0.028023949209471002,7,42035.9238142065
2026-04-23 09:00:00,Client_20,P022,Barrier Reverse Convertible,100000,0,0.025263591458381945,6,2526.3591458381948
2026-04-23 09:00:00,Client_09,P014,Autocall,1000000,0,0.04045846956795496,8,40458.469567954955
2026-04-23 09:00:00,Client_01,P027,Reverse Convertible,1500000,0,0.0337634053101531,8,50645.107965229654
2026-04-23 09:00:00,Client_03,P034,Tracker,250000,0,0.018725759296170864,4,4681.439824042716
2026-04-23 09:00:00,Client_09,P032,Bonus Certificate,500000,0,0.01868140303463517,4,9340.701517317584
2026-04-23 09:00:00,Client_13,P016,Autocall,100000,0,0.013320030944658792,2,1332.0030944658793
2026-04-23 09:00:00,Client_09,P028,Reverse Convertible,750000,0,0.051673383365117766,9,38755.03752383833
2026-04-23 09:00:00,Client_09,P035,Tracker,2000000,0,0.021818699768322836,5,43637.39953664567
2026-04-23 09:00:00,Client_09,P021,Barrier Reverse Convertible,100000,0,0.08243938612874255,10,8243.938612874255
2026-04-23 09:00:00,Client_09,P031,Bonus Certificate,250000,0,0.024516185654157915,6,6129.046413539479
2026-04-24 09:00:00,Client_13,P002,Callable Multi BRC,1500000,0,0.5146248487685257,10,771937.2731527885
2026-04-24 09:00:00,Client_20,P036,Tracker,100000,0,0.020616276651610903,5,2061.62766516109
2026-04-24 09:00:00,Client_19,P002,Callable Multi BRC,2000000,0,0.6550981736427612,10,1310196.3472855224
2026-04-24 09:00:00,Client_18,P035,Tracker,1000000,0,0.019264705271193127,4,19264.70527119313
2026-04-24 09:00:00,Client_17,P022,Barrier Reverse Convertible,100000,0,0.3701723578024641,10,37017.23578024641
2026-04-24 09:00:00,Client_16,P021,Barrier Reverse Convertible,100000,0,0.06578955168643136,10,6578.955168643136
2026-04-24 09:00:00,Client_15,P022,Barrier Reverse Convertible,250000,1,0.4211539610110889,10,105288.49025277222
2026-04-24 09:00:00,Client_13,P032,Bonus Certificate,1500000,0,0.011778836578914422,2,17668.254868371634
2026-04-24 09:00:00,Client_20,P022,Barrier Reverse Convertible,100000,0,0.40549207240835766,10,40549.20724083576
2026-04-24 09:00:00,Client_13,P016,Autocall,100000,0,0.3975520554474504,10,39755.20554474504
2026-04-24 09:00:00,Client_09,P021,Barrier Reverse Convertible,100000,0,0.05414865159818003,9,5414.865159818003
2026-04-24 09:00:00,Client_09,P035,Tracker,2000000,0,0.018955692467584367,4,37911.38493516873
2026-04-24 09:00:00,Client_09,P028,Reverse Convertible,750000,0,0.03258415542766016,8,24438.116570745122
2026-04-24 09:00:00,Client_09,P031,Bonus Certificate,250000,0,0.02988751750339358,7,7471.879375848394
2026-04-24 09:00:00,Client_09,P032,Bonus Certificate,500000,0,0.018676090983800814,4,9338.045491900408
2026-04-24 09:00:00,Client_03,P034,Tracker,250000,0,0.01816593627591493,4,4541.4840689787325
2026-04-24 09:00:00,Client_01,P027,Reverse Convertible,1500000,0,0.027270872914066536,7,40906.30937109981
2026-04-24 09:00:00,Client_09,P014,Autocall,1000000,0,0.031185950920286264,7,31185.950920286265
2026-04-27 09:00:00,Client_13,P002,Callable Multi BRC,1500000,0,0.0593177758776507,9,88976.66381647605
2026-04-27 09:00:00,Client_20,P036,Tracker,100000,0,0.016911296337350234,3,1691.1296337350234
2026-04-27 09:00:00,Client_19,P002,Callable Multi BRC,2000000,0,0.10260197226561953,10,205203.94453123905
2026-04-27 09:00:00,Client_18,P035,Tracker,1000000,0,0.018234996960504835,4,18234.996960504835
2026-04-27 09:00:00,Client_17,P022,Barrier Reverse Convertible,100000,0,0.03359478961012955,8,3359.478961012955
2026-04-27 09:00:00,Client_16,P021,Barrier Reverse Convertible,100000,0,0.22109652313318853,10,22109.652313318853
2026-04-27 09:00:00,Client_13,P032,Bonus Certificate,1500000,0,0.011946141122852543,2,17919.211684278813
2026-04-27 09:00:00,Client_13,P016,Autocall,100000,0,0.037915623534680185,8,3791.5623534680185
2026-04-27 09:00:00,Client_20,P022,Barrier Reverse Convertible,100000,0,0.03948575640745236,8,3948.575640745236
2026-04-27 09:00:00,Client_09,P021,Barrier Reverse Convertible,100000,1,0.19189224906421595,10,19189.224906421594
2026-04-27 09:00:00,Client_09,P035,Tracker,2000000,0,0.01747997858431835,4,34959.9571686367
2026-04-27 09:00:00,Client_09,P028,Reverse Convertible,750000,0,0.10927010867787544,10,81952.58150840658
2026-04-27 09:00:00,Client_09,P031,Bonus Certificate,250000,0,0.024372365132401062,6,6093.091283100265
2026-04-27 09:00:00,Client_09,P032,Bonus Certificate,500000,0,0.017734398473621564,4,8867.199236810782
2026-04-27 09:00:00,Client_03,P034,Tracker,250000,0,0.017744123116651717,4,4436.030779162929
2026-04-27 09:00:00,Client_01,P027,Reverse Convertible,1500000,0,0.025806954790131596,6,38710.432185197395
2026-04-27 09:00:00,Client_09,P014,Autocall,1000000,0,0.02715474966098841,7,27154.749660988407
2026-04-28 09:00:00,Client_20,P022,Barrier Reverse Convertible,100000,0,0.048779955197006085,9,4877.995519700608
2026-04-28 09:00:00,Client_19,P002,Callable Multi BRC,2000000,0,0.13093344362420756,10,261866.88724841512
2026-04-28 09:00:00,Client_18,P035,Tracker,1000000,0,0.02284468360022382,6,22844.68360022382
2026-04-28 09:00:00,Client_17,P022,Barrier Reverse Convertible,100000,0,0.040083356749019694,8,4008.3356749019695
2026-04-28 09:00:00,Client_16,P021,Barrier Reverse Convertible,100000,0,0.0784013533378685,10,7840.13533378685
2026-04-28 09:00:00,Client_13,P032,Bonus Certificate,1500000,0,0.011467024779033039,2,17200.53716854956
2026-04-28 09:00:00,Client_13,P002,Callable Multi BRC,1500000,0,0.07850050004263696,10,117750.75006395545
2026-04-28 09:00:00,Client_20,P036,Tracker,100000,0,0.026489377695330708,6,2648.937769533071
2026-04-28 09:00:00,Client_09,P014,Autocall,1000000,0,0.04790649840780606,9,47906.49840780606
2026-04-28 09:00:00,Client_09,P035,Tracker,2000000,1,0.029495844823874014,7,58991.689647748026
2026-04-28 09:00:00,Client_09,P028,Reverse Convertible,750000,0,0.04647623398966533,9,34857.17549224899
2026-04-28 09:00:00,Client_09,P031,Bonus Certificate,250000,0,0.04816943801614735,9,12042.359504036838
2026-04-28 09:00:00,Client_09,P032,Bonus Certificate,500000,0,0.02376019473582439,6,11880.097367912194
2026-04-28 09:00:00,Client_03,P034,Tracker,250000,0,0.01736291818592907,4,4340.729546482267
2026-04-28 09:00:00,Client_01,P027,Reverse Convertible,1500000,0,0.03309512871342463,8,49642.69307013695
2026-04-28 09:00:00,Client_13,P016,Autocall,100000,0,0.05159580131173635,9,5159.580131173635
2026-04-29 09:00:00,Client_20,P022,Barrier Reverse Convertible,100000,0,0.05567278971748975,9,5567.278971748975
2026-04-29 09:00:00,Client_20,P036,Tracker,100000,0,0.022271689111464776,5,2227.1689111464775
2026-04-29 09:00:00,Client_19,P002,Callable Multi BRC,2000000,0,0.16403559015241115,10,328071.1803048223
2026-04-29 09:00:00,Client_18,P035,Tracker,1000000,0,0.026919637982233926,7,26919.637982233926
2026-04-29 09:00:00,Client_17,P022,Barrier Reverse Convertible,100000,0,0.04944271587967002,9,4944.271587967002
2026-04-29 09:00:00,Client_16,P021,Barrier Reverse Convertible,100000,0,0.05425173949755405,9,5425.1739497554045
2026-04-29 09:00:00,Client_13,P032,Bonus Certificate,1500000,0,0.01177556509814492,2,17663.34764721738
2026-04-29 09:00:00,Client_13,P016,Autocall,100000,1,0.06615115738842828,10,6615.115738842827
2026-04-29 09:00:00,Client_09,P014,Autocall,1000000,0,0.06181090963023448,9,61810.90963023448
2026-04-29 09:00:00,Client_09,P028,Reverse Convertible,750000,0,0.034080867720240125,8,25560.650790180094
2026-04-29 09:00:00,Client_09,P031,Bonus Certificate,250000,0,0.04490686933895296,9,11226.71733473824
2026-04-29 09:00:00,Client_09,P032,Bonus Certificate,500000,0,0.026917135571132282,7,13458.567785566142
2026-04-29 09:00:00,Client_03,P034,Tracker,250000,0,0.018432528120167935,4,4608.132030041984
2026-04-29 09:00:00,Client_01,P027,Reverse Convertible,1500000,0,0.03690387248796165,8,55355.808731942474
2026-04-29 09:00:00,Client_13,P002,Callable Multi BRC,1500000,0,0.09821730305978078,10,147325.95458967116
2026-04-30 09:00:00,Client_16,P021,Barrier Reverse Convertible,100000,0,0.04977380475756299,9,4977.380475756299
2026-04-30 09:00:00,Client_20,P036,Tracker,100000,0,0.023027316492481957,6,2302.7316492481955
2026-04-30 09:00:00,Client_19,P002,Callable Multi BRC,2000000,0,0.1235768425922078,10,247153.6851844156
2026-04-30 09:00:00,Client_18,P035,Tracker,1000000,0,0.018337055733016795,4,18337.055733016794
2026-04-30 09:00:00,Client_17,P022,Barrier Reverse Convertible,100000,0,0.034459899473144005,8,3445.9899473144005
2026-04-30 09:00:00,Client_13,P032,Bonus Certificate,1500000,0,0.023829491233976877,6,35744.23685096532
2026-04-30 09:00:00,Client_20,P022,Barrier Reverse Convertible,100000,0,0.039730225339528066,8,3973.0225339528065
2026-04-30 09:00:00,Client_09,P014,Autocall,1000000,0,0.04292567032616617,9,42925.67032616617
2026-04-30 09:00:00,Client_09,P028,Reverse Convertible,750000,0,0.03365067053308048,8,25238.002899810363
2026-04-30 09:00:00,Client_09,P031,Bonus Certificate,250000,0,0.04660295892735866,9,11650.739731839665
2026-04-30 09:00:00,Client_09,P032,Bonus Certificate,500000,0,0.03951227530891643,8,19756.137654458213
2026-04-30 09:00:00,Client_03,P034,Tracker,250000,0,0.027447987162582184,7,6861.996790645546
2026-04-30 09:00:00,Client_01,P027,Reverse Convertible,1500000,0,0.02641206943968202,6,39618.10415952303
2026-04-30 09:00:00,Client_13,P002,Callable Multi BRC,1500000,1,0.08979762989075511,10,134696.44483613266
2026-05-01 09:00:00,Client_20,P022,Barrier Reverse Convertible,100000,0,0.029814602178689305,7,2981.4602178689306
2026-05-01 09:00:00,Client_20,P036,Tracker,100000,0,0.0393345310722639,8,3933.4531072263903
2026-05-01 09:00:00,Client_19,P002,Callable Multi BRC,2000000,0,0.08011496302896451,10,160229.92605792903
2026-05-01 09:00:00,Client_18,P035,Tracker,1000000,0,0.03005318873129101,7,30053.188731291008
2026-05-01 09:00:00,Client_17,P022,Barrier Reverse Convertible,100000,0,0.025751166463583636,6,2575.1166463583636
2026-05-01 09:00:00,Client_16,P021,Barrier Reverse Convertible,100000,1,0.07681015739104892,10,7681.0157391048915
2026-05-01 09:00:00,Client_09,P014,Autocall,1000000,0,0.07305588977286125,10,73055.88977286125
2026-05-01 09:00:00,Client_09,P028,Reverse Convertible,750000,0,0.048901949836112346,9,36676.46237708426
2026-05-01 09:00:00,Client_09,P031,Bonus Certificate,250000,0,0.08212923029643271,10,20532.307574108178
2026-05-01 09:00:00,Client_09,P032,Bonus Certificate,500000,0,0.028281529410142482,7,14140.76470507124
2026-05-01 09:00:00,Client_03,P034,Tracker,250000,0,0.01869693929134106,4,4674.234822835266
2026-05-01 09:00:00,Client_01,P027,Reverse Convertible,1500000,0,0.0419118571940468,8,62867.78579107021
2026-05-01 09:00:00,Client_13,P032,Bonus Certificate,1500000,0,0.02150295885894901,5,32254.438288423516
2026-05-04 09:00:00,Client_17,P022,Barrier Reverse Convertible,100000,0,0.024148256557533623,6,2414.8256557533623
2026-05-04 09:00:00,Client_20,P036,Tracker,100000,0,0.019729619396276328,5,1972.9619396276328
2026-05-04 09:00:00,Client_20,P022,Barrier Reverse Convertible,100000,0,0.02810714205855721,7,2810.714205855721
2026-05-04 09:00:00,Client_18,P035,Tracker,1000000,0,0.1781956398691236,10,178195.6398691236
2026-05-04 09:00:00,Client_13,P032,Bonus Certificate,1500000,0,0.02086639596271623,5,31299.593944074342
2026-05-04 09:00:00,Client_19,P002,Callable Multi BRC,2000000,0,0.06709336641918194,10,134186.73283836388
2026-05-04 09:00:00,Client_09,P028,Reverse Convertible,750000,0,0.035772111137858144,8,26829.08335339361
2026-05-04 09:00:00,Client_09,P031,Bonus Certificate,250000,0,0.03388609517374483,8,8471.523793436207
2026-05-04 09:00:00,Client_09,P032,Bonus Certificate,500000,0,0.022661098348382407,6,11330.549174191203
2026-05-04 09:00:00,Client_03,P034,Tracker,250000,0,0.018171957549408375,4,4542.989387352094
2026-05-04 09:00:00,Client_01,P027,Reverse Convertible,1500000,0,0.21861605020411626,10,327924.0753061744
2026-05-04 09:00:00,Client_09,P014,Autocall,1000000,0,0.3926495297867206,10,392649.5297867206
2026-05-05 09:00:00,Client_20,P022,Barrier Reverse Convertible,100000,0,0.02676041422079276,7,2676.041422079276
2026-05-05 09:00:00,Client_19,P002,Callable Multi BRC,2000000,0,0.07906697365477412,10,158133.94730954824
2026-05-05 09:00:00,Client_18,P035,Tracker,1000000,0,0.023462025010965358,6,23462.025010965357
2026-05-05 09:00:00,Client_17,P022,Barrier Reverse Convertible,100000,1,0.027370374143088603,7,2737.03741430886
2026-05-05 09:00:00,Client_13,P032,Bonus Certificate,1500000,0,0.026289363407781274,6,39434.04511167191
2026-05-05 09:00:00,Client_20,P036,Tracker,100000,0,0.021967884392149056,5,2196.788439214906
2026-05-05 09:00:00,Client_09,P028,Reverse Convertible,750000,0,0.025852114618945904,6,19389.08596420943
2026-05-05 09:00:00,Client_09,P031,Bonus Certificate,250000,0,0.04378628265238523,9,10946.570663096309
2026-05-05 09:00:00,Client_09,P032,Bonus Certificate,500000,0,0.02689589933580486,7,13447.94966790243
2026-05-05 09:00:00,Client_03,P034,Tracker,250000,0,0.022610579987917375,6,5652.644996979344
2026-05-05 09:00:00,Client_01,P027,Reverse Convertible,1500000,0,0.029518858297720135,7,44278.2874465802
2026-05-05 09:00:00,Client_09,P014,Autocall,1000000,0,0.0627387104417229,10,62738.7104417229
2026-05-06 09:00:00,Client_20,P022,Barrier Reverse Convertible,100000,0,0.02051797169203651,5,2051.7971692036513
2026-05-06 09:00:00,Client_20,P036,Tracker,100000,0,0.016316513465045167,3,1631.6513465045166
2026-05-06 09:00:00,Client_19,P002,Callable Multi BRC,2000000,0,0.06406617219237726,10,128132.34438475451
2026-05-06 09:00:00,Client_18,P035,Tracker,1000000,0,0.023128418671035118,6,23128.418671035117
2026-05-06 09:00:00,Client_13,P032,Bonus Certificate,1500000,0,0.022087539574599295,5,33131.309361898944
2026-05-06 09:00:00,Client_09,P028,Reverse Convertible,750000,0,0.02648237507009527,6,19861.781302571453
2026-05-06 09:00:00,Client_09,P031,Bonus Certificate,250000,0,0.03235489874513847,7,8088.724686284618
2026-05-06 09:00:00,Client_09,P032,Bonus Certificate,500000,0,0.024260744288504384,6,12130.372144252193
2026-05-06 09:00:00,Client_03,P034,Tracker,250000,0,0.019347675788644686,4,4836.918947161172
2026-05-06 09:00:00,Client_01,P027,Reverse Convertible,1500000,0,0.024643686192787756,6,36965.529289181635
2026-05-06 09:00:00,Client_09,P014,Autocall,1000000,0,0.05723016341255128,9,57230.16341255128
2026-05-07 09:00:00,Client_13,P032,Bonus Certificate,1500000,0,0.16564404968951968,10,248466.07453427953
2026-05-07 09:00:00,Client_20,P036,Tracker,100000,0,0.016773359279321755,3,1677.3359279321755
2026-05-07 09:00:00,Client_20,P022,Barrier Reverse Convertible,100000,0,0.018798634098119247,4,1879.8634098119246
2026-05-07 09:00:00,Client_18,P035,Tracker,1000000,0,0.02222082931509128,5,22220.82931509128
2026-05-07 09:00:00,Client_09,P014,Autocall,1000000,0,0.05500436934965658,9,55004.369349656576
2026-05-07 09:00:00,Client_19,P002,Callable Multi BRC,2000000,0,0.05995440095808343,9,119908.80191616686
2026-05-07 09:00:00,Client_09,P031,Bonus Certificate,250000,0,0.033517123492321006,8,8379.280873080252
2026-05-07 09:00:00,Client_09,P032,Bonus Certificate,500000,0,0.18419916330950176,10,92099.58165475087
2026-05-07 09:00:00,Client_03,P034,Tracker,250000,0,0.14611830959133504,10,36529.57739783376
2026-05-07 09:00:00,Client_01,P027,Reverse Convertible,1500000,0,0.023957664803025396,6,35936.49720453809
2026-05-07 09:00:00,Client_09,P028,Reverse Convertible,750000,0,0.04254314464725054,9,31907.358485437908
2026-05-08 09:00:00,Client_20,P022,Barrier Reverse Convertible,100000,0,0.01926539388427386,4,1926.539388427386
2026-05-08 09:00:00,Client_20,P036,Tracker,100000,0,0.043799684583513514,9,4379.968458351352
2026-05-08 09:00:00,Client_19,P002,Callable Multi BRC,2000000,0,0.16827094259654907,10,336541.88519309816
2026-05-08 09:00:00,Client_18,P035,Tracker,1000000,0,0.05243880375425879,9,52438.80375425879
2026-05-08 09:00:00,Client_13,P032,Bonus Certificate,1500000,0,0.025384339237199027,6,38076.50885579854
2026-05-08 09:00:00,Client_09,P014,Autocall,1000000,0,0.1358640958343233,10,135864.0958343233
2026-05-08 09:00:00,Client_09,P028,Reverse Convertible,750000,0,0.025927761409838358,6,19445.82105737877
2026-05-08 09:00:00,Client_09,P031,Bonus Certificate,250000,0,0.08423782152119498,10,21059.455380298747
2026-05-08 09:00:00,Client_09,P032,Bonus Certificate,500000,0,0.02793629884332384,7,13968.14942166192
2026-05-08 09:00:00,Client_03,P034,Tracker,250000,0,0.022309900495648172,5,5577.475123912043
2026-05-08 09:00:00,Client_01,P027,Reverse Convertible,1500000,0,0.054561580421263786,9,81842.37063189568
2026-05-11 09:00:00,Client_20,P036,Tracker,100000,0,0.01744385289230248,4,1744.3852892302482
2026-05-11 09:00:00,Client_19,P002,Callable Multi BRC,2000000,0,0.08630700573417383,10,172614.01146834766
2026-05-11 09:00:00,Client_18,P035,Tracker,1000000,0,0.0219926647367661,5,21992.664736766103
2026-05-11 09:00:00,Client_13,P032,Bonus Certificate,1500000,0,0.025456941134503096,6,38185.411701754645
2026-05-11 09:00:00,Client_09,P014,Autocall,1000000,0,0.05785794672709475,9,57857.94672709475
2026-05-11 09:00:00,Client_20,P022,Barrier Reverse Convertible,100000,0,0.0194929574905613,4,1949.2957490561303
2026-05-11 09:00:00,Client_09,P031,Bonus Certificate,250000,0,0.034627340740427746,8,8656.835185106936
2026-05-11 09:00:00,Client_09,P032,Bonus Certificate,500000,0,0.027637975548455155,7,13818.987774227577
2026-05-11 09:00:00,Client_03,P034,Tracker,250000,0,0.02223752687714694,5,5559.381719286735
2026-05-11 09:00:00,Client_01,P027,Reverse Convertible,1500000,0,0.023607902037711563,6,35411.85305656734
2026-05-11 09:00:00,Client_09,P028,Reverse Convertible,750000,0,0.026938432068767986,7,20203.82405157599
2026-05-12 09:00:00,Client_20,P036,Tracker,100000,0,0.017664411191025645,4,1766.4411191025645
2026-05-12 09:00:00,Client_19,P002,Callable Multi BRC,2000000,0,0.061969196262588844,9,123938.39252517768
2026-05-12 09:00:00,Client_18,P035,Tracker,1000000,0,0.02350693302561977,6,23506.93302561977
2026-05-12 09:00:00,Client_13,P032,Bonus Certificate,1500000,0,0.0246706718886401,6,37006.00783296015
2026-05-12 09:00:00,Client_09,P014,Autocall,1000000,0,0.048104317301921364,9,48104.317301921365
2026-05-12 09:00:00,Client_20,P022,Barrier Reverse Convertible,100000,0,0.01795985643717137,4,1795.9856437171368
2026-05-12 09:00:00,Client_09,P031,Bonus Certificate,250000,0,0.029522571274375554,7,7380.6428185938885
2026-05-12 09:00:00,Client_09,P032,Bonus Certificate,500000,0,0.021621891090839753,5,10810.945545419876
2026-05-12 09:00:00,Client_03,P034,Tracker,250000,0,0.021936634807372343,5,5484.1587018430855
2026-05-12 09:00:00,Client_01,P027,Reverse Convertible,1500000,1,0.022700584344763252,6,34050.876517144876
2026-05-12 09:00:00,Client_09,P028,Reverse Convertible,750000,0,0.040106512499482536,8,30079.884374611902
2026-05-13 09:00:00,Client_20,P022,Barrier Reverse Convertible,100000,0,0.018572648770939035,4,1857.2648770939036
2026-05-13 09:00:00,Client_20,P036,Tracker,100000,0,0.0219159138578488,5,2191.59138578488
2026-05-13 09:00:00,Client_19,P002,Callable Multi BRC,2000000,0,0.0527593918748988,9,105518.7837497976
2026-05-13 09:00:00,Client_18,P035,Tracker,1000000,0,0.022298554419845355,5,22298.554419845354
2026-05-13 09:00:00,Client_13,P032,Bonus Certificate,1500000,0,0.02384883116482504,6,35773.24674723756
2026-05-13 09:00:00,Client_09,P014,Autocall,1000000,0,0.039264953252511205,8,39264.95325251121
2026-05-13 09:00:00,Client_09,P031,Bonus Certificate,250000,0,0.030113545349203765,7,7528.386337300942
2026-05-13 09:00:00,Client_09,P032,Bonus Certificate,500000,0,0.01800874099172736,4,9004.370495863679
2026-05-13 09:00:00,Client_03,P034,Tracker,250000,0,0.021287569410502995,5,5321.892352625749
2026-05-13 09:00:00,Client_09,P028,Reverse Convertible,750000,0,0.0291381794609503,7,21853.634595712723
2026-05-14 09:00:00,Client_20,P022,Barrier Reverse Convertible,100000,0,0.01798436586020277,4,1798.436586020277
2026-05-14 09:00:00,Client_20,P036,Tracker,100000,0,0.0178842147052963,4,1788.42147052963
2026-05-14 09:00:00,Client_19,P002,Callable Multi BRC,2000000,0,0.05244305016707649,9,104886.10033415297
2026-05-14 09:00:00,Client_18,P035,Tracker,1000000,0,0.022102912022310604,5,22102.912022310604
2026-05-14 09:00:00,Client_13,P032,Bonus Certificate,1500000,0,0.01902868906015146,4,28543.03359022719
2026-05-14 09:00:00,Client_09,P028,Reverse Convertible,750000,0,0.021522112108006777,5,16141.584081005083
2026-05-14 09:00:00,Client_09,P031,Bonus Certificate,250000,0,0.025254107245759626,6,6313.526811439907
2026-05-14 09:00:00,Client_09,P032,Bonus Certificate,500000,0,0.017081208423583072,4,8540.604211791537
2026-05-14 09:00:00,Client_03,P034,Tracker,250000,0,0.020206388847905918,5,5051.597211976479
2026-05-14 09:00:00,Client_09,P014,Autocall,1000000,0,0.03548488599293296,8,35484.885992932956
2026-05-15 09:00:00,Client_20,P022,Barrier Reverse Convertible,100000,0,0.0151387849518542,3,1513.87849518542
2026-05-15 09:00:00,Client_20,P036,Tracker,100000,0,0.17324905993569997,10,17324.90599357
2026-05-15 09:00:00,Client_19,P002,Callable Multi BRC,2000000,0,0.3818081436312125,10,763616.2872624251
2026-05-15 09:00:00,Client_18,P035,Tracker,1000000,0,0.04567957631998904,9,45679.57631998904
2026-05-15 09:00:00,Client_13,P032,Bonus Certificate,1500000,0,0.016074049118969223,3,24111.073678453835
2026-05-15 09:00:00,Client_09,P028,Reverse Convertible,750000,0,0.02312684225007465,6,17345.131687555986
2026-05-15 09:00:00,Client_09,P031,Bonus Certificate,250000,0,0.22655544780428527,10,56638.86195107132
2026-05-15 09:00:00,Client_09,P032,Bonus Certificate,500000,0,0.017495095283547982,4,8747.547641773992
2026-05-15 09:00:00,Client_03,P034,Tracker,250000,0,0.020434994259812232,5,5108.748564953058
2026-05-15 09:00:00,Client_09,P014,Autocall,1000000,0,0.07938074430960541,10,79380.74430960542
2026-05-18 09:00:00,Client_18,P035,Tracker,1000000,0,0.028207836114564122,7,28207.83611456412
2026-05-18 09:00:00,Client_20,P022,Barrier Reverse Convertible,100000,0,0.02507815399380585,6,2507.815399380585
2026-05-18 09:00:00,Client_20,P036,Tracker,100000,0,0.05204010064401061,9,5204.010064401061
2026-05-18 09:00:00,Client_19,P002,Callable Multi BRC,2000000,0,0.1424134384798175,10,284826.876959635
2026-05-18 09:00:00,Client_13,P032,Bonus Certificate,1500000,0,0.021528854596296318,5,32293.281894444477
2026-05-18 09:00:00,Client_03,P034,Tracker,250000,0,0.026030615209947483,6,6507.6538024868705
2026-05-18 09:00:00,Client_09,P028,Reverse Convertible,750000,0,0.019119819020820834,4,14339.864265615626
2026-05-18 09:00:00,Client_09,P031,Bonus Certificate,250000,0,0.07417806269295411,10,18544.51567323853
2026-05-18 09:00:00,Client_09,P032,Bonus Certificate,500000,0,0.022187730598970876,5,11093.865299485438
2026-05-18 09:00:00,Client_09,P014,Autocall,1000000,0,0.05068467385960105,9,50684.67385960105
2026-05-19 09:00:00,Client_18,P035,Tracker,1000000,0,0.022402387204077577,5,22402.38720407758
2026-05-19 09:00:00,Client_20,P022,Barrier Reverse Convertible,100000,0,0.015586962272001743,3,1558.6962272001742
2026-05-19 09:00:00,Client_20,P036,Tracker,100000,0,0.05135256384624513,9,5135.256384624513
2026-05-19 09:00:00,Client_19,P002,Callable Multi BRC,2000000,0,0.15132017662262714,10,302640.3532452543
2026-05-19 09:00:00,Client_13,P032,Bonus Certificate,1500000,0,0.02625843558658096,6,39387.653379871444
2026-05-19 09:00:00,Client_03,P034,Tracker,250000,0,0.03428526691188356,8,8571.31672797089
2026-05-19 09:00:00,Client_09,P028,Reverse Convertible,750000,0,0.01885473006504085,4,14141.047548780638
2026-05-19 09:00:00,Client_09,P031,Bonus Certificate,250000,0,0.07162496609893378,10,17906.241524733443
2026-05-19 09:00:00,Client_09,P032,Bonus Certificate,500000,0,0.028256186151658747,7,14128.093075829374
2026-05-19 09:00:00,Client_09,P014,Autocall,1000000,0,0.039467706907044514,8,39467.706907044514
2026-05-20 09:00:00,Client_20,P022,Barrier Reverse Convertible,100000,0,0.02025094984829247,5,2025.094984829247
2026-05-20 09:00:00,Client_20,P036,Tracker,100000,0,0.04359132512064023,9,4359.132512064023
2026-05-20 09:00:00,Client_19,P002,Callable Multi BRC,2000000,0,0.13810027731350757,10,276200.55462701514
2026-05-20 09:00:00,Client_18,P035,Tracker,1000000,0,0.04151332730655075,8,41513.32730655075
2026-05-20 09:00:00,Client_13,P032,Bonus Certificate,1500000,0,0.017597513284579747,4,26396.26992686962
2026-05-20 09:00:00,Client_09,P028,Reverse Convertible,750000,0,0.03813223586962436,8,28599.17690221827
2026-05-20 09:00:00,Client_09,P031,Bonus Certificate,250000,0,0.0607354921353805,9,15183.873033845126
2026-05-20 09:00:00,Client_09,P032,Bonus Certificate,500000,0,0.01834918393124019,4,9174.591965620095
2026-05-20 09:00:00,Client_03,P034,Tracker,250000,0,0.02221298111673055,5,5553.245279182637
2026-05-20 09:00:00,Client_09,P014,Autocall,1000000,0,0.0877037334396279,10,87703.73343962789
2026-05-21 09:00:00,Client_20,P022,Barrier Reverse Convertible,100000,0,0.02361609502003292,6,2361.609502003292
2026-05-21 09:00:00,Client_20,P036,Tracker,100000,0,0.024089777555337574,6,2408.9777555337573
2026-05-21 09:00:00,Client_19,P002,Callable Multi BRC,2000000,0,0.07659058173999048,10,153181.16347998095
2026-05-21 09:00:00,Client_18,P035,Tracker,1000000,0,0.024009058727714746,6,24009.058727714746
2026-05-21 09:00:00,Client_13,P032,Bonus Certificate,1500000,0,0.09287309777920899,10,139309.64666881348
2026-05-21 09:00:00,Client_09,P028,Reverse Convertible,750000,0,0.01933619278589451,4,14502.144589420883
2026-05-21 09:00:00,Client_09,P031,Bonus Certificate,250000,0,0.03417843162182916,8,8544.60790545729
2026-05-21 09:00:00,Client_09,P032,Bonus Certificate,500000,0,0.09937208144089095,10,49686.040720445475
2026-05-21 09:00:00,Client_03,P034,Tracker,250000,0,0.11560331645459469,10,28900.829113648673
2026-05-21 09:00:00,Client_09,P014,Autocall,1000000,0,0.046897374084520035,9,46897.37408452004
2026-05-22 09:00:00,Client_20,P022,Barrier Reverse Convertible,100000,0,0.01630889983709611,3,1630.889983709611
2026-05-22 09:00:00,Client_20,P036,Tracker,100000,0,0.04115198393334838,8,4115.198393334838
2026-05-22 09:00:00,Client_19,P002,Callable Multi BRC,2000000,1,0.126676640745141,10,253353.281490282
2026-05-22 09:00:00,Client_18,P035,Tracker,1000000,0,0.02270944202353424,6,22709.44202353424
2026-05-22 09:00:00,Client_13,P032,Bonus Certificate,1500000,0,0.02062944228709443,5,30944.163430641645
2026-05-22 09:00:00,Client_09,P014,Autocall,1000000,0,0.04489609160467779,9,44896.09160467779
2026-05-22 09:00:00,Client_09,P028,Reverse Convertible,750000,0,0.023488413069851295,6,17616.30980238847
2026-05-22 09:00:00,Client_09,P031,Bonus Certificate,250000,0,0.05618873536911359,9,14047.183842278399
2026-05-22 09:00:00,Client_09,P032,Bonus Certificate,500000,0,0.02135953979370999,5,10679.769896854996
2026-05-22 09:00:00,Client_03,P034,Tracker,250000,0,0.02509324165460306,6,6273.310413650765
2026-05-25 09:00:00,Client_20,P036,Tracker,100000,1,0.02979080215436817,7,2979.080215436817
2026-05-25 09:00:00,Client_18,P035,Tracker,1000000,0,0.023027776537940484,6,23027.776537940485
2026-05-25 09:00:00,Client_13,P032,Bonus Certificate,1500000,0,0.019977692215928218,5,29966.538323892328
2026-05-25 09:00:00,Client_09,P014,Autocall,1000000,0,0.0412057856450779,8,41205.7856450779
2026-05-25 09:00:00,Client_20,P022,Barrier Reverse Convertible,100000,0,0.01571180469351365,3,1571.1804693513648
2026-05-25 09:00:00,Client_09,P031,Bonus Certificate,250000,0,0.04278285879953741,9,10695.714699884353
2026-05-25 09:00:00,Client_09,P032,Bonus Certificate,500000,0,0.021906920142490665,5,10953.460071245332
2026-05-25 09:00:00,Client_03,P034,Tracker,250000,0,0.02392489224713002,6,5981.223061782505
2026-05-25 09:00:00,Client_09,P028,Reverse Convertible,750000,0,0.01887345212922527,4,14155.089096918951
2026-05-26 09:00:00,Client_03,P034,Tracker,250000,0,0.023901543834497416,6,5975.385958624354
2026-05-26 09:00:00,Client_09,P032,Bonus Certificate,500000,0,0.020079733622796695,5,10039.866811398348
2026-05-26 09:00:00,Client_09,P031,Bonus Certificate,250000,0,0.033653601936427385,8,8413.400484106847
2026-05-26 09:00:00,Client_09,P028,Reverse Convertible,750000,0,0.024779747863236567,6,18584.810897427426
2026-05-26 09:00:00,Client_09,P014,Autocall,1000000,0,0.16245701236707802,10,162457.01236707802
2026-05-26 09:00:00,Client_13,P032,Bonus Certificate,1500000,1,0.01841642688994206,4,27624.640334913092
2026-05-26 09:00:00,Client_18,P035,Tracker,1000000,0,0.08141022493114619,10,81410.2249311462
2026-05-26 09:00:00,Client_20,P022,Barrier Reverse Convertible,100000,0,0.020970191628350805,5,2097.0191628350804
2026-05-27 09:00:00,Client_20,P022,Barrier Reverse Convertible,100000,0,0.02006378751512591,5,2006.378751512591
2026-05-27 09:00:00,Client_18,P035,Tracker,1000000,0,0.024245248871838664,6,24245.248871838663
2026-05-27 09:00:00,Client_09,P014,Autocall,1000000,0,0.04226785945245561,9,42267.85945245561
2026-05-27 09:00:00,Client_09,P032,Bonus Certificate,500000,0,0.025119073618610977,6,12559.53680930549
2026-05-27 09:00:00,Client_09,P031,Bonus Certificate,250000,1,0.03905474318818126,8,9763.685797045315
2026-05-27 09:00:00,Client_03,P034,Tracker,250000,0,0.029998130779470434,7,7499.532694867608
2026-05-27 09:00:00,Client_09,P028,Reverse Convertible,750000,0,0.023600968807225908,6,17700.72660541943
2026-05-28 09:00:00,Client_03,P034,Tracker,250000,0,0.024370741496199045,6,6092.685374049761
2026-05-28 09:00:00,Client_09,P032,Bonus Certificate,500000,0,0.02793903387855145,7,13969.516939275725
2026-05-28 09:00:00,Client_09,P028,Reverse Convertible,750000,0,0.02465557132623858,6,18491.678494678934
2026-05-28 09:00:00,Client_09,P014,Autocall,1000000,0,0.0479257668382471,9,47925.766838247095
2026-05-28 09:00:00,Client_18,P035,Tracker,1000000,0,0.02137138993189935,5,21371.38993189935
2026-05-28 09:00:00,Client_20,P022,Barrier Reverse Convertible,100000,0,0.01987510027922907,5,1987.510027922907
2026-05-29 09:00:00,Client_18,P035,Tracker,1000000,0,0.021663533696102945,5,21663.533696102946
2026-05-29 09:00:00,Client_09,P014,Autocall,1000000,0,0.04625055322383961,9,46250.55322383961
2026-05-29 09:00:00,Client_20,P022,Barrier Reverse Convertible,100000,0,0.019940577873768867,5,1994.0577873768868
2026-05-29 09:00:00,Client_09,P032,Bonus Certificate,500000,0,0.025956212048346004,6,12978.106024173001
2026-05-29 09:00:00,Client_03,P034,Tracker,250000,0,0.02345791250733109,6,5864.478126832772
2026-05-29 09:00:00,Client_09,P028,Reverse Convertible,750000,0,0.024004863286437767,6,18003.647464828326
2026-06-01 09:00:00,Client_03,P034,Tracker,250000,0,0.023438404470343354,6,5859.601117585838
2026-06-01 09:00:00,Client_09,P032,Bonus Certificate,500000,0,0.026320128704602545,6,13160.064352301273
2026-06-01 09:00:00,Client_09,P028,Reverse Convertible,750000,0,0.024889454753488992,6,18667.091065116743
2026-06-01 09:00:00,Client_09,P014,Autocall,1000000,1,0.04538151015045958,9,45381.51015045958
2026-06-01 09:00:00,Client_18,P035,Tracker,1000000,0,0.021304763908356863,5,21304.76390835686
2026-06-01 09:00:00,Client_20,P022,Barrier Reverse Convertible,100000,0,0.08485997203268597,10,8485.997203268596
2026-06-02 09:00:00,Client_20,P022,Barrier Reverse Convertible,100000,0,0.16631539194590642,10,16631.53919459064
2026-06-02 09:00:00,Client_18,P035,Tracker,1000000,0,0.0205394203299703,5,20539.4203299703
2026-06-02 09:00:00,Client_09,P028,Reverse Convertible,750000,1,0.060189929915378595,9,45142.44743653395
2026-06-02 09:00:00,Client_09,P032,Bonus Certificate,500000,0,0.03290017206919501,8,16450.086034597505
2026-06-02 09:00:00,Client_03,P034,Tracker,250000,0,0.022701082960236128,6,5675.270740059032
2026-06-03 09:00:00,Client_03,P034,Tracker,250000,0,0.1339062438692043,10,33476.56096730108
2026-06-03 09:00:00,Client_09,P032,Bonus Certificate,500000,0,0.23180628279715132,10,115903.14139857567
2026-06-03 09:00:00,Client_18,P035,Tracker,1000000,0,0.02946792907270789,7,29467.929072707888
2026-06-03 09:00:00,Client_20,P022,Barrier Reverse Convertible,100000,0,0.05288597229897371,9,5288.597229897371
2026-06-04 09:00:00,Client_03,P034,Tracker,250000,0,0.0274567847737478,7,6864.19619343695
2026-06-04 09:00:00,Client_09,P032,Bonus Certificate,500000,0,0.05285701463944386,9,26428.507319721928
2026-06-04 09:00:00,Client_18,P035,Tracker,1000000,0,0.023487424044551914,6,23487.424044551914
2026-06-04 09:00:00,Client_20,P022,Barrier Reverse Convertible,100000,0,0.08162579134920646,10,8162.579134920646
2026-06-05 09:00:00,Client_18,P035,Tracker,1000000,0,0.023502897645207584,6,23502.897645207584
2026-06-05 09:00:00,Client_20,P022,Barrier Reverse Convertible,100000,0,0.030992400778396226,7,3099.2400778396227
2026-06-05 09:00:00,Client_03,P034,Tracker,250000,0,0.03128656062490814,7,7821.640156227034
2026-06-05 09:00:00,Client_09,P032,Bonus Certificate,500000,0,0.05976695279185073,9,29883.476395925365
2026-06-08 09:00:00,Client_03,P034,Tracker,250000,0,0.025992135393441734,6,6498.033848360434
2026-06-08 09:00:00,Client_09,P032,Bonus Certificate,500000,0,0.05010335575478991,9,25051.677877394955
2026-06-08 09:00:00,Client_18,P035,Tracker,1000000,0,0.02203024291324887,5,22030.242913248872
2026-06-08 09:00:00,Client_20,P022,Barrier Reverse Convertible,100000,0,0.029688717000372324,7,2968.8717000372326
2026-06-09 09:00:00,Client_03,P034,Tracker,250000,0,0.03267200046919663,8,8168.000117299158
2026-06-09 09:00:00,Client_09,P032,Bonus Certificate,500000,0,0.06436238555908957,10,32181.19277954479
2026-06-09 09:00:00,Client_18,P035,Tracker,1000000,0,0.021956954511361537,5,21956.95451136154
2026-06-09 09:00:00,Client_20,P022,Barrier Reverse Convertible,100000,0,0.03902263706830681,8,3902.2637068306813
2026-06-10 09:00:00,Client_18,P035,Tracker,1000000,0,0.03230057040527547,7,32300.570405275466
2026-06-10 09:00:00,Client_20,P022,Barrier Reverse Convertible,100000,1,0.023753245621801446,6,2375.3245621801448
2026-06-10 09:00:00,Client_03,P034,Tracker,250000,0,0.026738095628840056,7,6684.523907210014
2026-06-10 09:00:00,Client_09,P032,Bonus Certificate,500000,0,0.05089635006874972,9,25448.17503437486
2026-06-11 09:00:00,Client_03,P034,Tracker,250000,0,0.026146941440990563,6,6536.7353602476405
2026-06-11 09:00:00,Client_09,P032,Bonus Certificate,500000,0,0.04112808571987724,8,20564.04285993862
2026-06-11 09:00:00,Client_18,P035,Tracker,1000000,0,0.023309568637952645,6,23309.568637952645
2026-06-12 09:00:00,Client_03,P034,Tracker,250000,0,0.026326762077759174,6,6581.690519439793
2026-06-12 09:00:00,Client_09,P032,Bonus Certificate,500000,0,0.04211758264129762,9,21058.79132064881
2026-06-12 09:00:00,Client_18,P035,Tracker,1000000,0,0.022558358942423973,6,22558.358942423973
2026-06-15 09:00:00,Client_03,P034,Tracker,250000,0,0.027931593778473315,7,6982.8984446183285
2026-06-15 09:00:00,Client_09,P032,Bonus Certificate,500000,1,0.043242924343608394,9,21621.462171804196
2026-06-15 09:00:00,Client_18,P035,Tracker,1000000,0,0.20921616982111155,10,209216.16982111154
2026-06-16 09:00:00,Client_03,P034,Tracker,250000,0,0.043019930708810106,9,10754.982677202526
2026-06-16 09:00:00,Client_18,P035,Tracker,1000000,1,0.035602757650090605,8,35602.75765009061
2026-06-17 09:00:00,Client_03,P034,Tracker,250000,0,0.02642879222222209,6,6607.198055555523
2026-06-18 09:00:00,Client_03,P034,Tracker,250000,0,0.03073918993841175,7,7684.797484602937
2026-06-19 09:00:00,Client_03,P034,Tracker,250000,0,0.027011613761095277,7,6752.90344027382
