rfq_id,client,product_type,underlying,direction,notional,underlying_move_pct,iv_change,bid_ask_spread_pct,distance_to_barrier_pct,traded,timestamp
3130,Client32,Autocall,NVDA,SELL,1080000.0,2.03178753373487,-0.5945383401279215,0.3474053204721206,1.9553649122241168,1,2025-01-01 08:03:00
4218,Client34,Autocall,NESN,BUY,380000.0,1.7001067421873708,3.2922416212495746,0.6297003298558611,11.808964331156618,0,2025-01-01 08:03:00
1834,Client31,Autocall,TSLA,BUY,800000.0,1.4551172727469894,2.606703509202973,0.3381255104080774,39.43209605026789,1,2025-01-01 08:07:00
3278,Client18,Reverse Convertible,AAPL,BUY,850000.0,5.295314227306995,3.887962083626932,0.1808651237527515,,1,2025-01-01 08:09:00
1105,Client37,Autocall,AAPL,SELL,290000.0,-2.8333947137335054,-0.9710148373887015,0.6380747345234907,25.495218405922955,0,2025-01-01 08:11:00
3271,Client27,Autocall,SMI,SELL,440000.0,4.686376687383658,-2.6928867490288755,0.424384842952136,33.0067891999698,1,2025-01-01 08:21:00
2248,Client27,Autocall,SPX,SELL,370000.0,2.2121125386061973,2.4329343555687477,0.6630062807765892,33.05292492816279,1,2025-01-01 08:21:00
3588,Client10,Autocall,SMI,SELL,1200000.0,-0.7714846794659159,2.1777776983691064,0.37626355854548454,28.258678395957165,0,2025-01-01 08:23:00
2996,Client31,Barrier Reverse Convertible,TSLA,SELL,360000.0,0.9537252575336445,-1.8992673125920123,0.4208948228421478,49.10851254073441,0,2025-01-01 08:24:00
958,Client18,Reverse Convertible,MSFT,SELL,1050000.0,1.6145501836829508,1.270981684064657,0.6617374988992725,,0,2025-01-01 08:27:00
2324,Client18,Autocall,NESN,BUY,820000.0,4.027444217238949,3.605444211434402,0.29295035706845374,33.76804778382625,0,2025-01-01 08:32:00
2245,Client30,Autocall,AAPL,BUY,250000.0,-0.6566253355455436,6.717022206599614,0.9987478195663376,38.04868138965981,0,2025-01-01 08:34:00
1327,Client21,Autocall,NVDA,BUY,120000.0,-0.6373182921931506,4.674930817351747,0.27369877252929026,47.064091083905815,0,2025-01-01 08:49:00
3273,Client11,Reverse Convertible,AAPL,SELL,580000.0,-0.21794642940733552,0.7265255039667964,0.5705658732402739,,0,2025-01-01 08:50:00
1952,Client09,Barrier Reverse Convertible,AMZN,BUY,1250000.0,-0.6169642198368919,0.6587799845982593,0.6594124715512097,42.07685848868294,0,2025-01-01 08:50:00
4231,Client22,Tracker,NESN,SELL,390000.0,-3.450727276578471,0.8927218167071913,0.3319150217311871,,1,2025-01-01 08:52:00
904,Client31,Autocall,AAPL,SELL,1010000.0,0.5574910166382148,3.4832023997187544,0.28688781629921667,1.1260812402036247,0,2025-01-01 08:52:00
1090,Client07,Autocall,NESN,SELL,840000.0,1.4578368701753874,1.654430987294564,0.378257459941138,25.077308233544915,1,2025-01-01 09:04:00
765,Client28,Barrier Reverse Convertible,NESN,BUY,490000.0,1.0802156308063056,-4.481489955342903,0.9911284680698427,30.833708045922485,1,2025-01-01 09:05:00
1454,Client26,Autocall,SMI,SELL,560000.0,0.7358859659776752,0.6387729508607721,0.8464745745296854,48.95041254553905,1,2025-01-01 09:11:00
526,Client06,Autocall,TSLA,BUY,1130000.0,0.2315867002075364,1.3567787692330437,1.0069840939678039,12.47401692395918,0,2025-01-01 09:13:00
1384,Client07,Autocall,AMZN,BUY,980000.0,1.0437568708304925,-1.4865025340730749,0.22845283959703572,29.466098702469218,0,2025-01-01 09:13:00
1395,Client07,Reverse Convertible,NVDA,SELL,770000.0,-2.148519122014363,1.1937693711142625,0.5785597015547066,,0,2025-01-01 09:13:00
4136,Client28,Barrier Reverse Convertible,NVDA,SELL,800000.0,-2.0543641759431384,-3.312850288067261,0.7535679817759038,18.87719677011931,0,2025-01-01 09:20:00
2091,Client34,Bonus Certificate,AMZN,SELL,450000.0,-3.8751769357542734,0.4894785637018127,0.3170968842506368,24.610071414326878,0,2025-01-01 09:24:00
99,Client25,Autocall,SPX,BUY,750000.0,1.77411567159381,-2.219632320518169,0.37394609616647595,17.58400234987556,1,2025-01-01 09:30:00
137,Client26,Tracker,NESN,BUY,580000.0,-1.4268522617935453,-6.718918107863367,0.9974978559499158,,0,2025-01-01 09:39:00
3438,Client03,Autocall,AAPL,BUY,170000.0,-2.383657107312389,-2.285749664672757,0.3680385042105994,45.151458211703726,0,2025-01-01 09:42:00
2945,Client28,Reverse Convertible,TSLA,SELL,500000.0,0.3961291796019047,5.316727086054126,0.09840069696832708,,1,2025-01-01 09:43:00
2012,Client22,Autocall,TSLA,SELL,310000.0,-1.9763814567468272,-2.9117942511470645,0.5015956143479948,20.085870577225467,0,2025-01-01 09:47:00
2781,Client01,Reverse Convertible,SPX,SELL,410000.0,0.2632059054450111,-5.9332466418112455,0.8022267988516997,,0,2025-01-01 09:51:00
1937,Client03,Autocall,AMZN,BUY,390000.0,-0.5255329099818176,-0.2305918893287752,0.40693973648579845,6.192306365466848,0,2025-01-01 09:52:00
1063,Client14,Autocall,NESN,SELL,1340000.0,3.184831127565707,-0.021146895400742813,0.3202205329613324,28.386711052500317,1,2025-01-01 09:55:00
4422,Client22,Autocall,NVDA,BUY,480000.0,2.857837397256604,3.032178649697986,0.24539720171769847,32.25327352107821,0,2025-01-01 09:56:00
3725,Client18,Autocall,SPX,BUY,1480000.0,0.9739441087068643,3.4445802641625294,0.46739008824247974,37.965164426859175,0,2025-01-01 09:56:00
1218,Client20,Tracker,AAPL,SELL,430000.0,-0.5344710440995954,4.8933368641113395,0.32180886350315996,,0,2025-01-01 09:57:00
872,Client38,Barrier Reverse Convertible,SPX,BUY,690000.0,1.3784338346417753,-2.2618339773904417,0.8118567794225822,15.154198608063563,1,2025-01-01 09:57:00
4865,Client18,Autocall,AMZN,BUY,2140000.0,-3.020100438619579,-1.5347905697730617,0.3575587156966731,7.40926594936786,0,2025-01-01 09:57:00
3170,Client04,Autocall,SPX,BUY,360000.0,-0.3134591002790795,1.9928967238880426,0.22619767489621356,33.98979468999791,0,2025-01-01 09:57:00
2022,Client12,Autocall,AAPL,BUY,400000.0,-1.5272118024303813,1.0821440257205617,0.39758195057448853,33.074086107141284,0,2025-01-01 09:58:00
3555,Client32,Autocall,TSLA,BUY,730000.0,1.7160794784343825,-2.269304636434658,0.39794493718894547,1.0921315713064872,1,2025-01-01 10:02:00
3935,Client32,Barrier Reverse Convertible,AAPL,BUY,650000.0,1.8647194651421273,-0.5249489488807101,0.29547410950999153,42.345267390827786,0,2025-01-01 10:08:00
2099,Client17,Autocall,NVDA,BUY,1010000.0,0.03451316223132488,-0.062223298259211246,0.2801308996718986,49.50320614109713,1,2025-01-01 10:11:00
1193,Client15,Barrier Reverse Convertible,NVDA,BUY,1340000.0,-0.650193124325775,-0.49435539873254836,0.3393840562748093,5.380578465233665,1,2025-01-01 10:12:00
1285,Client34,Autocall,SMI,SELL,890000.0,1.3045649013491358,-1.4110738062567876,0.46875057065036696,23.413318209434976,1,2025-01-01 10:13:00
1036,Client01,Reverse Convertible,MSFT,BUY,120000.0,-0.2549503792949071,0.5772702323052802,0.2778665077882665,,1,2025-01-01 10:13:00
312,Client37,Autocall,NVDA,BUY,350000.0,0.7715068223623542,-2.7358172739906235,0.5554117124307189,0.36010897772247863,0,2025-01-01 10:15:00
1965,Client02,Tracker,MSFT,BUY,2470000.0,-1.8505760409610108,-5.990552532866992,0.3447836665559613,,1,2025-01-01 10:17:00
2709,Client18,Autocall,TSLA,BUY,1130000.0,-3.626020630742518,0.5587630826822401,0.6540871005664658,39.085250812603626,0,2025-01-01 10:29:00
1553,Client18,Autocall,AAPL,SELL,1060000.0,-0.3785803995125943,-2.310447230717239,0.6463380228765911,14.193217384188639,0,2025-01-01 10:36:00
1845,Client17,Autocall,SMI,SELL,700000.0,2.3934245474030407,6.947217640622702,0.4598847658954433,44.043788443342386,1,2025-01-01 10:36:00
214,Client32,Barrier Reverse Convertible,SPX,BUY,800000.0,2.103490498379935,-3.18423295271998,0.15968144225388642,8.239646225515724,0,2025-01-01 10:37:00
2904,Client02,Reverse Convertible,MSFT,BUY,570000.0,-2.633436659426041,-5.433887385678219,0.2337266907342551,,1,2025-01-01 10:38:00
3227,Client02,Reverse Convertible,AAPL,SELL,1020000.0,0.7956991934755296,-0.5550701215910929,0.12730956666679966,,0,2025-01-01 10:40:00
4327,Client38,Bonus Certificate,TSLA,BUY,310000.0,-0.9385091534850345,-2.146111171560629,0.6000407076693609,13.337860937991518,1,2025-01-01 10:40:00
1698,Client09,Bonus Certificate,AAPL,BUY,370000.0,-0.5526879966329491,-1.3623454870395855,0.6918448981177191,12.151905874222896,0,2025-01-01 10:41:00
2628,Client21,Barrier Reverse Convertible,NESN,SELL,180000.0,2.2311619015349553,1.827708673488985,0.6711995835561001,2.212143371387598,1,2025-01-01 10:41:00
112,Client35,Reverse Convertible,MSFT,SELL,810000.0,-0.8279366607151629,4.316853952396435,0.5680584175930161,,0,2025-01-01 10:44:00
4411,Client25,Autocall,AAPL,SELL,540000.0,0.013810042773887794,3.3579540786450246,0.2346457023228756,36.36445286598989,1,2025-01-01 10:56:00
2940,Client15,Autocall,NESN,SELL,3730000.0,0.7635769431805668,-0.25087554462608136,0.20156061871591122,47.99764948857976,0,2025-01-01 11:02:00
1704,Client03,Barrier Reverse Convertible,TSLA,SELL,740000.0,1.925125814404748,1.987596969534775,0.42025304245146256,47.036139343297485,0,2025-01-01 11:04:00
1691,Client33,Autocall,TSLA,SELL,80000.0,-2.7851392655657246,-2.0263836350646036,0.3062073595586771,37.44599047863013,0,2025-01-01 11:09:00
3154,Client34,Autocall,TSLA,BUY,400000.0,-0.01770315909368156,2.433822505415372,0.350107022217695,44.29490550655335,0,2025-01-01 11:10:00
680,Client37,Autocall,SPX,SELL,180000.0,0.3405877404693511,2.4203392431157322,0.3919951635221015,45.1265549490982,0,2025-01-01 11:12:00
573,Client40,Autocall,MSFT,BUY,470000.0,0.42823637435375034,-1.9068858168341971,0.2571196799773227,5.299276108685152,0,2025-01-01 11:14:00
4389,Client05,Autocall,MSFT,BUY,920000.0,-1.2377708443319748,2.895795578987799,0.33007933893817515,16.804281092114888,0,2025-01-01 11:20:00
2677,Client08,Tracker,NVDA,SELL,210000.0,-1.765309815413028,-1.2046957551626631,0.30427645568319256,,0,2025-01-01 11:24:00
3827,Client31,Autocall,TSLA,SELL,640000.0,2.252734602208574,-4.125496298809238,0.53898866713682,43.22837699478847,1,2025-01-01 11:25:00
1009,Client34,Barrier Reverse Convertible,AMZN,BUY,620000.0,0.3737854218135384,7.047722074891349,0.1898696049886176,10.685648794621017,0,2025-01-01 11:26:00
2948,Client31,Bonus Certificate,MSFT,BUY,530000.0,-0.10298353304446066,0.26453100667164314,0.18030903544917012,20.82169188734646,1,2025-01-01 11:30:00
1635,Client21,Tracker,TSLA,SELL,140000.0,-0.28882564081563855,2.6717040795386207,0.5095513283962456,,0,2025-01-01 11:35:00
2862,Client32,Autocall,NVDA,BUY,500000.0,-0.30981335023604173,2.3807232374427354,0.19087175953578778,39.9864007951793,0,2025-01-01 11:35:00
3504,Client05,Autocall,AMZN,SELL,440000.0,0.8097524246392461,-3.9537521263245115,0.6706557090860641,33.89000976934931,0,2025-01-01 11:37:00
3837,Client26,Autocall,NVDA,BUY,750000.0,1.3268566590207325,-4.049656209019223,0.4832512698092753,23.526672399788552,0,2025-01-01 11:46:00
1639,Client03,Autocall,SMI,SELL,390000.0,-1.646179295290579,1.804483990956698,0.3507272939524906,37.40779222667746,1,2025-01-01 11:47:00
2881,Client24,Reverse Convertible,NESN,BUY,1390000.0,0.6162796958309033,4.039322281225688,0.433747797210643,,1,2025-01-01 11:48:00
523,Client28,Reverse Convertible,NVDA,SELL,350000.0,1.887673020844988,0.2761939992826177,0.2841293497767654,,1,2025-01-01 11:48:00
1115,Client18,Autocall,SMI,BUY,1290000.0,1.328991451801088,-3.3050922641506206,0.26772022090359127,46.72256424902707,1,2025-01-01 11:49:00
3239,Client34,Autocall,NESN,SELL,400000.0,1.080208895953068,-0.030787153831266262,0.5375950859815092,2.043128117525561,0,2025-01-01 11:52:00
2833,Client34,Autocall,SMI,SELL,600000.0,4.5207396190461315,-4.710431528069643,0.7428748407952208,33.40411241637467,0,2025-01-01 12:00:00
4115,Client38,Autocall,AAPL,BUY,100000.0,-0.37239089327610303,2.096115042680089,0.25394015067638054,23.23032240646724,0,2025-01-01 12:01:00
1194,Client23,Autocall,NVDA,SELL,460000.0,3.613285704097239,-4.178155567250206,0.15300908644608383,13.266253935717936,1,2025-01-01 12:12:00
2947,Client37,Autocall,NESN,BUY,670000.0,1.3572231957172671,5.168192188726756,0.4863736904963239,36.25273324118775,0,2025-01-01 12:12:00
898,Client03,Reverse Convertible,TSLA,SELL,430000.0,-0.5252902241635988,-0.5105925325348813,0.76136416968287,,0,2025-01-01 12:14:00
273,Client20,Autocall,SPX,SELL,890000.0,2.7534780342394685,-2.0309814485864783,0.164339549262035,23.026718427088333,0,2025-01-01 12:15:00
4319,Client08,Bonus Certificate,NVDA,SELL,260000.0,-1.3999638317754524,0.8361801868512411,0.5755025218771598,15.881086476056094,0,2025-01-01 12:16:00
4366,Client39,Autocall,TSLA,BUY,180000.0,-0.302699150911326,-0.7416322285686565,0.12500702144511291,34.42239784465024,1,2025-01-01 12:16:00
1651,Client27,Autocall,MSFT,SELL,270000.0,0.9569018293714548,-0.9377375593971681,0.5950950311697978,8.664853725639555,0,2025-01-01 12:18:00
4458,Client20,Tracker,MSFT,BUY,410000.0,4.6258403416527,-4.496360228916869,0.42178626000616154,,1,2025-01-01 12:20:00
1359,Client15,Autocall,SMI,BUY,2290000.0,-0.9947078761689927,-1.4836689935034986,0.3130853749591433,34.263932902051494,1,2025-01-01 12:20:00
2278,Client34,Reverse Convertible,AMZN,BUY,490000.0,2.620072936303956,0.7021270880994703,0.6499906763644526,,1,2025-01-01 12:30:00
1521,Client15,Autocall,AAPL,SELL,2090000.0,-0.3749030592839007,5.615613120755981,0.4637790902699657,22.467109558910416,1,2025-01-01 12:31:00
2760,Client10,Autocall,TSLA,SELL,870000.0,-0.7172481007018611,-1.8171484036221641,0.2877093967017792,33.464129473052324,1,2025-01-01 12:32:00
521,Client03,Autocall,AAPL,SELL,1140000.0,-2.9189146729816806,-3.950573105555981,0.23638726138770608,9.134125618912092,0,2025-01-01 12:35:00
3554,Client22,Tracker,AMZN,SELL,300000.0,-4.959344470735845,0.6028294040943654,0.2587887063475693,,1,2025-01-01 12:36:00
3947,Client15,Autocall,SPX,SELL,2760000.0,-1.3192487192332396,-2.779551383851534,0.2552183974409631,34.513733545395965,0,2025-01-01 12:37:00
3544,Client16,Autocall,AMZN,SELL,840000.0,2.91269116245397,3.080162306382741,0.6694396332092166,26.28203053046252,0,2025-01-01 12:37:00
2798,Client28,Barrier Reverse Convertible,AAPL,SELL,490000.0,-1.5242359052199803,-2.6771819820576543,0.5739817733416932,31.005811858246812,0,2025-01-01 12:44:00
2294,Client02,Autocall,AMZN,BUY,1640000.0,1.135076882263551,-1.2206064649216806,0.14690875972520914,45.22428219569478,1,2025-01-01 12:51:00
2768,Client28,Autocall,AMZN,BUY,450000.0,-1.744382244022267,-1.6846204299453449,0.9452163334712123,39.61138618748375,0,2025-01-01 12:59:00
1008,Client28,Bonus Certificate,AAPL,SELL,700000.0,4.545106446306444,-6.854602977664168,0.5787833641300424,25.53938473800133,1,2025-01-01 13:06:00
2393,Client10,Autocall,MSFT,SELL,1780000.0,2.234135219273781,-1.0685249803844785,0.3144453214284325,1.24909752626286,0,2025-01-01 13:08:00
2890,Client11,Autocall,AMZN,SELL,1440000.0,0.3563917988980813,-1.434206112289448,0.33731052414624507,11.889812024287949,1,2025-01-01 13:09:00
527,Client28,Autocall,SMI,SELL,440000.0,-5.490525116048353,4.9459502043078105,0.35144543032715553,30.087508236937804,1,2025-01-01 13:10:00
3325,Client31,Bonus Certificate,AAPL,BUY,440000.0,3.0835138351734095,-0.6668721388546496,0.46023033933560176,40.606005774169304,1,2025-01-01 13:17:00
240,Client20,Barrier Reverse Convertible,SPX,SELL,360000.0,0.5644086874927595,-1.7335812977779266,0.6290525906341402,47.19649537885193,1,2025-01-01 13:19:00
2392,Client26,Bonus Certificate,NVDA,SELL,290000.0,0.538687354309161,-0.796202035721486,0.41502434722892617,33.73595863030611,0,2025-01-01 13:20:00
3103,Client08,Autocall,SMI,SELL,230000.0,1.2647037653372954,-1.1880619008544842,0.49948639673538797,38.08347891644179,1,2025-01-01 13:20:00
2657,Client09,Autocall,AAPL,SELL,750000.0,1.2778759214036948,-0.6918727236967586,0.3246820473685341,23.787667298760123,0,2025-01-01 13:24:00
4302,Client22,Barrier Reverse Convertible,NVDA,SELL,450000.0,0.23036408456927993,-2.9929663624096414,0.30880475691544584,40.126017647872125,0,2025-01-01 13:26:00
4763,Client21,Barrier Reverse Convertible,SPX,BUY,110000.0,-0.7299209048368988,-2.7795420856378508,0.6029529850109597,5.763793519040067,0,2025-01-01 13:32:00
1876,Client18,Autocall,AMZN,BUY,460000.0,-2.8781134376995645,2.148516540789316,0.6083763104288226,34.3827938054646,0,2025-01-01 13:38:00
1974,Client01,Bonus Certificate,TSLA,SELL,50000.0,-2.096377447686943,0.5188342456715004,0.3332701437223738,40.140714550284244,0,2025-01-01 13:39:00
2378,Client34,Barrier Reverse Convertible,AAPL,BUY,310000.0,-0.6598209515855342,1.003214840445077,0.276210225596433,0.45987855901723496,0,2025-01-01 13:41:00
3731,Client23,Autocall,NVDA,BUY,720000.0,0.16899684343642032,-2.9159111512590004,0.1774035800195021,36.45401356501239,1,2025-01-01 13:44:00
4862,Client01,Bonus Certificate,SMI,SELL,130000.0,0.017607526689058708,-2.1188504410622135,0.40769757644897014,4.6925896081669745,1,2025-01-01 13:45:00
1888,Client31,Autocall,SMI,BUY,580000.0,-2.328494599272294,-0.7219004692551315,0.66497037901359,2.5528530384346713,1,2025-01-01 13:47:00
3943,Client25,Autocall,NVDA,BUY,640000.0,-2.0662277037268315,2.4540001489944365,0.6296381405191216,10.215416008996403,0,2025-01-01 13:49:00
4276,Client28,Autocall,MSFT,SELL,250000.0,2.3893793665218976,-5.079166716148807,0.2780783756431279,8.193036201797538,1,2025-01-01 13:54:00
3695,Client13,Autocall,MSFT,SELL,400000.0,1.569276608137529,-0.9601573661122157,0.7656087499031858,44.964050360563064,1,2025-01-01 13:56:00
1766,Client03,Autocall,NVDA,BUY,680000.0,-1.0691051472416904,-2.4018565616168273,0.3931598044296641,9.142553160277828,0,2025-01-01 14:01:00
1885,Client10,Autocall,AAPL,BUY,1800000.0,-2.431623564706398,-3.6108849974348995,0.40901206157014036,23.19275713698638,0,2025-01-01 14:13:00
4938,Client35,Barrier Reverse Convertible,AAPL,SELL,220000.0,0.9887623624505761,-1.8161241410642468,0.3461765907783614,9.611638711429338,0,2025-01-01 14:16:00
1260,Client19,Autocall,AMZN,BUY,910000.0,-2.3758980974837094,0.405667985629755,0.3043347294583447,8.753781519083487,0,2025-01-01 14:18:00
3649,Client13,Autocall,TSLA,BUY,260000.0,0.590644356685877,1.3345187591941385,1.0904904749549227,10.880779079258767,0,2025-01-01 14:25:00
4337,Client02,Tracker,TSLA,BUY,680000.0,1.8557334196849478,-4.742975995061223,0.3401570925726863,,1,2025-01-01 14:27:00
4735,Client14,Autocall,AMZN,BUY,1570000.0,-0.20888274035012563,0.4249265103543717,0.3605590270286717,42.798290143241736,0,2025-01-01 14:27:00
3912,Client15,Barrier Reverse Convertible,SPX,SELL,800000.0,2.001403039047057,3.037404311642945,0.533583903391415,28.58709742779148,1,2025-01-01 14:32:00
712,Client04,Barrier Reverse Convertible,NVDA,SELL,500000.0,1.7976118182773444,5.963939455353655,0.2677295860354873,30.799512887449044,0,2025-01-01 14:34:00
4,Client20,Autocall,NESN,SELL,560000.0,-3.4055046238616646,-0.289497581233153,0.15460745662675923,6.757148780300976,0,2025-01-01 14:39:00
3395,Client12,Autocall,TSLA,SELL,520000.0,1.3245056688525239,1.2592927123485538,0.5939275429171785,49.3512178808671,0,2025-01-01 14:41:00
4085,Client07,Barrier Reverse Convertible,NESN,BUY,550000.0,2.3733703967895705,0.24413469132933807,0.7424220459125344,24.548097871990183,0,2025-01-01 14:42:00
2081,Client15,Autocall,NVDA,BUY,3500000.0,-0.02455811873720192,0.23218309354851024,0.4510178730264546,20.67089429837346,0,2025-01-01 14:43:00
4787,Client04,Tracker,SPX,SELL,1040000.0,0.10920256325660571,5.8179356712833386,0.3500844004685085,,0,2025-01-01 14:47:00
2986,Client40,Bonus Certificate,NESN,BUY,550000.0,1.2332563467022553,1.1936036880692418,0.23170562282124438,11.169256739727523,1,2025-01-01 14:48:00
337,Client34,Autocall,NESN,SELL,320000.0,0.9379179790510692,-4.265869231756964,1.0670429816112914,13.056569869750584,1,2025-01-01 14:49:00
450,Client40,Bonus Certificate,AMZN,BUY,370000.0,2.996583041045212,-4.377605839487593,0.6235048373892803,22.332285442147874,0,2025-01-01 14:50:00
4739,Client34,Autocall,AAPL,BUY,770000.0,-3.1492193567472815,0.5097972396345846,0.4874347538036242,3.2574990944442552,1,2025-01-01 14:52:00
59,Client34,Autocall,NESN,SELL,770000.0,0.45399000219866925,-3.7595474813534633,0.530969455443876,7.637936206784158,0,2025-01-01 14:53:00
195,Client38,Autocall,MSFT,SELL,440000.0,-2.6246055028131887,5.958778575520373,0.37321083731966637,26.29705194709522,0,2025-01-01 14:56:00
3291,Client08,Autocall,NVDA,BUY,270000.0,-0.1861861437403777,-1.0668832165518038,0.3777114341297516,39.72501565755276,1,2025-01-01 14:56:00
4606,Client20,Autocall,NESN,BUY,710000.0,0.8698109815284644,-1.2035207277996853,1.18197098669012,45.91773247017663,1,2025-01-01 14:57:00
1528,Client34,Autocall,AMZN,BUY,220000.0,-3.724908976213538,-1.8447160783111778,0.6617625502794227,33.38555763139791,0,2025-01-01 14:58:00
208,Client32,Autocall,TSLA,BUY,540000.0,-1.1470639768645854,-2.5530550280018867,0.26477683213220143,21.2847185595874,0,2025-01-01 14:59:00
88,Client05,Autocall,TSLA,BUY,500000.0,2.6542061624982414,2.788045156515013,0.561766205350071,32.13905274120753,0,2025-01-01 15:02:00
3385,Client10,Bonus Certificate,MSFT,SELL,850000.0,2.2870261182391247,0.16556095483364386,0.5607193761058025,30.700160234051854,0,2025-01-01 15:08:00
1688,Client21,Bonus Certificate,NVDA,SELL,70000.0,-2.6383809501737043,3.0706529374947213,0.2494643094772526,42.13320906361252,1,2025-01-01 15:09:00
2797,Client10,Autocall,MSFT,SELL,1040000.0,2.221651098081859,0.7425265121396223,0.42268805425603756,34.29008337585609,0,2025-01-01 15:10:00
1968,Client04,Autocall,AAPL,BUY,290000.0,0.07382331129750885,2.995524150596645,0.4864956720453992,17.958982500397813,0,2025-01-01 15:10:00
1724,Client17,Autocall,AAPL,BUY,1170000.0,0.5917338177540934,4.6113324626159695,0.1108073687951471,4.903119447503318,1,2025-01-01 15:11:00
2488,Client01,Barrier Reverse Convertible,TSLA,BUY,190000.0,0.5453457701051551,-5.55445803225001,0.2806780599297044,15.505800224313433,1,2025-01-01 15:12:00
2051,Client13,Bonus Certificate,AAPL,BUY,130000.0,-1.4766092208608363,-1.1887909117767461,0.3864034825650206,43.2615005684128,0,2025-01-01 15:14:00
134,Client08,Autocall,AMZN,SELL,180000.0,1.252715354813493,0.14743602592928823,0.41720242446080835,7.72903828187923,1,2025-01-01 15:15:00
3870,Client33,Autocall,MSFT,BUY,180000.0,2.5599985961758054,0.7609376633943992,0.9193250927812296,21.96641852850461,1,2025-01-01 15:15:00
110,Client34,Reverse Convertible,MSFT,BUY,230000.0,-1.441648600470403,0.7931760576230092,0.3056724144109772,,1,2025-01-01 15:18:00
3026,Client29,Autocall,MSFT,SELL,660000.0,2.2545388349797277,0.32197414570014626,0.37286579071068,22.61003267627009,0,2025-01-01 15:20:00
2587,Client11,Tracker,AAPL,SELL,320000.0,1.7327807776590562,-5.1463148442954605,0.5165624870214349,,0,2025-01-01 15:22:00
2471,Client26,Autocall,NESN,SELL,380000.0,-0.7807678965327131,0.13123781698141296,0.24828108622790715,26.790059785288733,1,2025-01-01 15:26:00
2157,Client15,Barrier Reverse Convertible,TSLA,SELL,2200000.0,1.3815230980276298,1.3249855384289624,0.9433925552385461,8.533680049282765,0,2025-01-01 15:27:00
330,Client04,Autocall,SMI,BUY,1110000.0,-0.8530101830019152,-0.17258776740176618,0.8713668175225402,14.889601616668713,0,2025-01-01 15:40:00
3174,Client33,Bonus Certificate,AAPL,BUY,200000.0,-2.744676227731302,2.127655476212863,0.4197441407462064,36.531812273298094,0,2025-01-01 15:49:00
4318,Client31,Autocall,NESN,BUY,460000.0,0.6133061231320898,1.94185067586454,0.2704372445281608,46.177930378325094,0,2025-01-01 15:50:00
3360,Client34,Barrier Reverse Convertible,NESN,BUY,360000.0,3.559734286239083,2.5018465339220435,0.2718921555156408,38.435375067879136,1,2025-01-01 15:57:00
3032,Client15,Autocall,NVDA,BUY,830000.0,-1.747783918746729,5.485567445313343,0.20145203036909023,24.959235292453023,0,2025-01-01 15:57:00
4186,Client11,Autocall,TSLA,SELL,550000.0,2.0533461413445866,-0.7426347032385284,0.38035395309808634,0.956837290776491,1,2025-01-01 15:59:00
1430,Client17,Autocall,MSFT,SELL,710000.0,0.3431080432660829,2.543628979675219,0.42455602570367795,8.30934779545554,0,2025-01-01 16:04:00
2866,Client16,Autocall,SMI,BUY,500000.0,1.643201500030502,0.754507134062185,0.18793689999859675,44.019631999848976,0,2025-01-01 16:05:00
2093,Client05,Autocall,NVDA,SELL,690000.0,-3.118796171997257,-4.273712848319875,0.4422529957976884,41.6332749707293,1,2025-01-01 16:07:00
1173,Client22,Barrier Reverse Convertible,NVDA,SELL,530000.0,0.8878962347653842,3.7746273979888616,0.25994824351260243,42.25296534371011,1,2025-01-01 16:13:00
1795,Client32,Autocall,AAPL,BUY,380000.0,1.8934621485518697,1.1410275261221763,0.8239132301215586,30.29393402386743,0,2025-01-01 16:14:00
4755,Client24,Autocall,NVDA,BUY,460000.0,-0.10110621943505338,2.231380105203944,0.8651724223923051,27.473259102306663,0,2025-01-01 16:21:00
4490,Client03,Barrier Reverse Convertible,AAPL,BUY,130000.0,2.9236643234971122,3.1529437851315887,0.40346728242628827,27.933053505317147,0,2025-01-01 16:23:00
878,Client07,Barrier Reverse Convertible,NESN,SELL,350000.0,0.8416968133226523,-1.0440816758506941,0.47952938097017184,24.680717814438953,0,2025-01-01 16:23:00
2331,Client23,Autocall,AMZN,BUY,460000.0,2.228192133683767,1.1744024622914861,0.22398882381369192,15.108117101925423,1,2025-01-01 16:25:00
2570,Client33,Autocall,NESN,SELL,210000.0,0.26401351817326363,1.693262767498048,0.6570923096961975,14.150278816974376,1,2025-01-01 16:25:00
2969,Client27,Bonus Certificate,MSFT,BUY,200000.0,1.1202082167229193,1.0720750283494278,0.5371022074660226,2.9583049723058084,0,2025-01-01 16:31:00
4657,Client30,Autocall,SPX,SELL,420000.0,3.8492940440293952,-0.06313831011064279,0.16466479935290285,2.2369620331281483,0,2025-01-01 16:35:00
827,Client17,Tracker,TSLA,SELL,480000.0,0.051765351594257936,-0.10999720946114347,0.5967081935565864,,1,2025-01-01 16:37:00
4630,Client09,Tracker,SMI,SELL,860000.0,-0.9116678190109546,-0.34524789092579533,0.2131740329271784,,0,2025-01-01 16:38:00
999,Client20,Autocall,SPX,SELL,1150000.0,0.11147763351672262,2.3385510417945623,0.2991085390366359,40.5341041507339,0,2025-01-01 16:41:00
404,Client11,Autocall,SPX,BUY,460000.0,0.26833277366877956,4.482197034705911,0.26406618701058027,19.11408195338129,1,2025-01-01 16:42:00
2251,Client40,Autocall,AMZN,BUY,970000.0,0.4813431833399771,-0.802983084339653,0.44776226628295623,45.62074284827532,0,2025-01-01 16:43:00
569,Client32,Autocall,SMI,SELL,720000.0,2.0036166202849386,-4.377591806870882,0.27824417259944817,43.79457149983712,0,2025-01-01 16:48:00
2016,Client25,Autocall,TSLA,BUY,730000.0,-0.45811376982213925,0.20747958212624398,0.2575292302174013,36.87896645002539,1,2025-01-01 16:55:00
1083,Client20,Autocall,NESN,SELL,630000.0,1.2189868734451923,5.113663032044113,0.38288841872799895,4.037595256734095,0,2025-01-01 16:58:00
1527,Client37,Autocall,NESN,SELL,430000.0,-0.6567800412060562,2.7055668440076044,0.36027861888934065,32.340468575342676,1,2025-01-01 16:59:00
3233,Client11,Autocall,AAPL,SELL,630000.0,-1.788233457270871,3.569903605567867,0.46981268825385925,41.14984652082383,1,2025-01-01 17:04:00
309,Client32,Autocall,MSFT,SELL,170000.0,1.2242726100955967,-2.3451652216657193,0.5135418868118299,4.535313463855179,0,2025-01-01 17:05:00
1720,Client22,Autocall,AAPL,SELL,410000.0,-0.21545536987539649,1.5974831512099392,0.5525608552062081,10.49020064658388,1,2025-01-01 17:06:00
4387,Client03,Autocall,SPX,SELL,370000.0,-3.4126872750690236,0.49451237160492223,1.014477304783206,8.130853923636499,1,2025-01-01 17:12:00
2662,Client06,Bonus Certificate,TSLA,SELL,530000.0,1.0156213533551575,-0.30239190296281315,0.35787613898652854,36.189828163178056,0,2025-01-01 17:13:00
4549,Client21,Autocall,NESN,BUY,280000.0,-3.3209129200790515,-1.619277107831607,0.15021260229135985,47.09239333720533,1,2025-01-01 17:16:00
3072,Client39,Autocall,NVDA,BUY,390000.0,1.1866097046634456,-0.9417393526826912,0.5357788481609196,46.49410444150922,0,2025-01-01 17:17:00
3469,Client07,Autocall,AMZN,BUY,710000.0,-0.4079350358577126,-4.205814364398016,0.4615270914507546,11.314834302890736,1,2025-01-01 17:19:00
1551,Client31,Autocall,MSFT,SELL,810000.0,2.243374549384018,-1.4116908258589689,0.6808275710264903,41.2879749347948,0,2025-01-01 17:22:00
4367,Client05,Autocall,MSFT,BUY,310000.0,-0.051593218015383094,-6.680409004045323,0.4522303955214237,24.935464720710236,0,2025-01-01 17:29:00
1761,Client27,Barrier Reverse Convertible,TSLA,SELL,280000.0,-0.04992333007269667,-6.203779751745763,0.34282111436328344,38.31117657981817,0,2025-01-01 17:33:00
1863,Client25,Autocall,NESN,BUY,1160000.0,-0.048214989737525436,-2.724416174472127,0.24397140945062692,20.56454809798234,0,2025-01-01 17:35:00
3331,Client07,Autocall,SMI,SELL,750000.0,0.4998519010977752,-4.464352406141058,0.17845029564928921,35.948955969838714,0,2025-01-01 17:38:00
1833,Client32,Autocall,NESN,SELL,380000.0,2.7547193332681537,-3.5402778589227455,0.30446387893323185,34.68631517936876,0,2025-01-01 17:38:00
3655,Client26,Autocall,AMZN,BUY,290000.0,0.9854805599873455,-1.3176700960822514,0.3914748928207735,32.01085800824389,0,2025-01-01 17:46:00
3954,Client03,Autocall,AMZN,SELL,400000.0,-1.3957894652387695,1.478203701285066,1.1113938359221194,20.564787526143007,0,2025-01-01 17:54:00
94,Client22,Barrier Reverse Convertible,NESN,BUY,380000.0,-0.05731787743418957,-0.9493151713599108,0.38202292104551655,23.126921722943983,1,2025-01-01 17:55:00
1024,Client17,Bonus Certificate,NVDA,SELL,540000.0,0.8747489008791506,2.907833140094498,0.28016385130849875,17.196349529228307,1,2025-01-02 08:08:00
2271,Client33,Barrier Reverse Convertible,TSLA,BUY,220000.0,0.7727289835590577,5.166763806251193,0.19137290211900426,22.090695096821726,1,2025-01-02 08:13:00
3210,Client17,Barrier Reverse Convertible,TSLA,BUY,690000.0,-1.5486567343728335,-3.475721439168314,0.26856763922240845,36.54833857304459,1,2025-01-02 08:21:00
3021,Client18,Tracker,AAPL,BUY,1530000.0,1.9906029407877464,-4.847136815121467,0.22660603057275852,,0,2025-01-02 08:23:00
4693,Client01,Tracker,SPX,BUY,300000.0,0.5757538098573161,2.8798541462637477,0.21620728484407326,,0,2025-01-02 08:24:00
2282,Client33,Reverse Convertible,AAPL,BUY,220000.0,2.0536748092922625,-2.0528667213207696,0.46874037524429474,,1,2025-01-02 08:27:00
798,Client16,Autocall,TSLA,BUY,1720000.0,-0.9679816450403738,-2.7231550773945408,0.19860458640979858,42.13592711951465,0,2025-01-02 08:31:00
1317,Client28,Autocall,SMI,BUY,580000.0,-1.9797155761882053,1.983046572969247,0.25516385802348635,42.91643006310138,0,2025-01-02 08:38:00
2345,Client33,Autocall,AMZN,BUY,130000.0,0.23533096404415654,-1.0457468391222084,0.493149802275321,27.076046231036717,1,2025-01-02 08:39:00
1368,Client28,Autocall,AAPL,SELL,240000.0,0.7344633082185777,-4.083966347296029,0.38897680250587485,22.564563694011884,1,2025-01-02 08:39:00
4844,Client40,Autocall,AMZN,BUY,600000.0,0.009799040428630855,-3.1058384666569996,0.393417024551012,15.382501414064581,0,2025-01-02 08:46:00
3671,Client37,Autocall,SPX,SELL,490000.0,-1.297449244561366,4.938317028356504,1.0017411334970028,5.035454481511609,0,2025-01-02 08:54:00
2641,Client19,Autocall,AMZN,BUY,1840000.0,2.695033917229172,4.628285707599961,0.21664388804685303,43.28204009289738,0,2025-01-02 08:55:00
3301,Client18,Autocall,AMZN,BUY,820000.0,-0.31841215477518153,-5.337997266334458,0.5041526320567113,34.56857545822413,0,2025-01-02 08:59:00
3880,Client17,Autocall,SMI,SELL,2610000.0,2.2656696194724684,-6.484444245094826,0.31138047889651094,39.245729210436345,1,2025-01-02 09:02:00
4020,Client20,Autocall,SPX,SELL,580000.0,1.776338804021868,-0.8275202493189387,0.44306440255977625,25.281254833649847,0,2025-01-02 09:03:00
913,Client35,Autocall,SMI,BUY,440000.0,2.9439871388275263,-6.876363139339731,0.18891040778542684,15.6710645023736,0,2025-01-02 09:06:00
4016,Client14,Bonus Certificate,AAPL,BUY,550000.0,2.871173493475085,-0.26554310297008255,0.327809795285074,26.28661663055342,1,2025-01-02 09:08:00
3879,Client34,Autocall,SMI,BUY,330000.0,-1.9499290019228754,-3.1780495785156635,0.6385096545965556,31.089349689432726,1,2025-01-02 09:15:00
635,Client25,Reverse Convertible,AAPL,BUY,810000.0,1.2348182030405965,2.155146683939025,0.15522448943834272,,0,2025-01-02 09:19:00
4564,Client23,Autocall,AMZN,BUY,520000.0,1.214295632227729,1.3977311108941852,1.1291405962751075,47.72416511982321,1,2025-01-02 09:20:00
3357,Client11,Autocall,NVDA,SELL,540000.0,-1.8120190824579514,-1.0336836268491012,0.3040600497885232,39.479180557357985,1,2025-01-02 09:27:00
1176,Client16,Autocall,MSFT,BUY,320000.0,1.0446579226856973,-1.167133595425151,0.7641158405372594,30.66609955551085,0,2025-01-02 09:30:00
1211,Client02,Barrier Reverse Convertible,AMZN,BUY,440000.0,-1.6168900430021287,0.28462923568340437,0.20436620191895363,9.9372127988758,1,2025-01-02 09:30:00
1506,Client38,Tracker,SMI,SELL,450000.0,-0.6679809740744738,-0.7008405113670302,0.3410243458246832,,0,2025-01-02 09:31:00
4566,Client11,Reverse Convertible,TSLA,SELL,670000.0,-0.8065880406716566,-1.0739352841324357,0.5371085663491311,,0,2025-01-02 09:33:00
1846,Client32,Autocall,AAPL,SELL,660000.0,-2.196715162278349,1.8362716684974125,0.31700775696614514,9.46795784943874,0,2025-01-02 09:34:00
2749,Client10,Barrier Reverse Convertible,SPX,SELL,1760000.0,-0.012756623738349872,1.0785316419667441,0.5533283478841187,44.201762543592054,0,2025-01-02 09:38:00
1482,Client12,Reverse Convertible,MSFT,SELL,800000.0,2.0195974317804826,7.99268433978825,0.6340010341649314,,0,2025-01-02 09:44:00
3596,Client17,Reverse Convertible,AAPL,BUY,1250000.0,-1.6843166410781993,-1.82547152684588,0.2979066123606465,,0,2025-01-02 09:44:00
3821,Client01,Autocall,TSLA,BUY,230000.0,-2.44065334297721,-2.471909204122602,0.27526503418609033,36.013544427219244,0,2025-01-02 09:46:00
2865,Client30,Autocall,AAPL,BUY,670000.0,1.2522326278472025,-3.288500140435825,0.2183735696743407,48.87929691608818,0,2025-01-02 09:47:00
2642,Client04,Reverse Convertible,MSFT,SELL,670000.0,3.002745582378737,3.903761333445291,0.7920293655975653,,0,2025-01-02 09:53:00
4775,Client20,Bonus Certificate,MSFT,SELL,450000.0,-1.4488652314997574,2.022380387001451,0.29143999551454175,32.02881645687514,0,2025-01-02 10:04:00
2293,Client40,Barrier Reverse Convertible,AMZN,SELL,710000.0,1.4120748347250163,1.0816540109715138,0.3422289784804957,29.37469015913976,0,2025-01-02 10:04:00
2664,Client22,Autocall,AAPL,SELL,230000.0,-0.28184284088254646,-2.128556161848385,0.5436528984187379,5.851326099271381,0,2025-01-02 10:05:00
4409,Client03,Autocall,TSLA,SELL,540000.0,0.7262321084586263,0.36594046278406667,0.3603358121541138,30.165531928549832,0,2025-01-02 10:11:00
493,Client05,Bonus Certificate,NESN,SELL,570000.0,0.8160952123714248,0.3495595482901523,0.27117032412596936,31.680591399551915,0,2025-01-02 10:13:00
1188,Client27,Autocall,MSFT,SELL,100000.0,-0.5338668272654863,3.402596107803137,0.24998689537711866,34.65975577779836,0,2025-01-02 10:14:00
2228,Client10,Tracker,TSLA,BUY,1580000.0,-1.446340746633869,2.012814322075623,0.37616896031928976,,0,2025-01-02 10:19:00
2995,Client26,Autocall,MSFT,SELL,260000.0,-3.0030782839522785,-0.5472660564363578,0.9699845751926552,16.461551920054518,1,2025-01-02 10:23:00
1611,Client34,Autocall,NVDA,BUY,510000.0,1.3702874907759517,-0.24283147898860602,0.6587256667306207,18.325509920743503,0,2025-01-02 10:23:00
930,Client36,Autocall,AAPL,BUY,1300000.0,-2.585208569277086,-0.7867176520809452,0.27189636421813757,12.462323246168205,1,2025-01-02 10:26:00
446,Client16,Autocall,NVDA,SELL,840000.0,0.6976483353556929,-3.5737345592089005,0.3434484351316078,16.10085839201043,0,2025-01-02 10:28:00
1629,Client31,Autocall,NESN,SELL,370000.0,-1.3010159067286209,3.43275690807925,0.43627779704158026,3.612283598543881,0,2025-01-02 10:31:00
4764,Client22,Autocall,NESN,BUY,650000.0,-2.0944076358971238,-0.3213451468806689,0.3900683284127845,5.584869564755779,0,2025-01-02 10:33:00
1112,Client25,Autocall,MSFT,BUY,870000.0,-1.515110671665669,-2.2953313716194454,0.3197542630776564,21.44484816113983,1,2025-01-02 10:34:00
669,Client03,Tracker,NESN,BUY,410000.0,-0.19294842903969664,0.9946669267345458,0.3427747904509679,,1,2025-01-02 10:37:00
1223,Client18,Autocall,SPX,SELL,840000.0,-0.5495450437309689,4.421675147174465,0.34320487564370067,40.30926929726358,1,2025-01-02 10:47:00
1758,Client14,Autocall,NESN,BUY,210000.0,-2.2315402290603474,-2.787022203741066,0.41884619304332704,16.711035662825136,1,2025-01-02 10:48:00
1599,Client28,Autocall,NVDA,BUY,180000.0,-3.12299292102065,5.937045406384356,0.2655065849549542,11.596211184357507,0,2025-01-02 10:49:00
935,Client40,Autocall,NESN,SELL,360000.0,1.7944096887633234,2.218659607479979,0.2867818991031929,37.62917949921961,0,2025-01-02 10:50:00
2617,Client03,Autocall,NVDA,BUY,370000.0,-2.699901925984808,-2.4610653921482784,0.4784038906174455,22.65135040164874,0,2025-01-02 10:55:00
40,Client13,Autocall,AAPL,BUY,400000.0,-1.3180729484718428,8.353966150373626,0.9768060810922083,40.459205139220636,1,2025-01-02 10:56:00
2175,Client32,Autocall,NESN,SELL,710000.0,1.2573191492492855,0.3926684375803493,0.49269965775806124,25.856170519896622,1,2025-01-02 10:58:00
2225,Client03,Autocall,TSLA,SELL,490000.0,-0.45466104288865905,2.7636714542764076,0.25879989386774166,16.1475533980289,0,2025-01-02 11:00:00
3053,Client14,Autocall,NVDA,BUY,2060000.0,2.554511703245339,-0.7496788980295818,0.42336088209523476,43.27219363972435,0,2025-01-02 11:02:00
3884,Client35,Autocall,MSFT,SELL,240000.0,-0.06649230589022911,-1.958850808595293,0.1811008653903349,38.85873289440722,1,2025-01-02 11:03:00
1998,Client12,Autocall,NESN,SELL,1070000.0,-1.684366162333306,-3.6099181660791064,0.20049398509099045,30.74077918737295,1,2025-01-02 11:04:00
3738,Client04,Bonus Certificate,NVDA,SELL,1150000.0,0.6782730299856152,0.6782079157490519,0.19690143877958655,22.836524129020514,1,2025-01-02 11:07:00
1201,Client35,Autocall,TSLA,BUY,260000.0,-2.0677713587284243,2.1134683677409027,0.4939074017848991,1.4851642784063868,1,2025-01-02 11:15:00
2951,Client32,Autocall,SMI,BUY,660000.0,2.283142514677662,-4.337678324260113,0.2352645385385931,40.7114286628053,0,2025-01-02 11:16:00
4535,Client34,Autocall,SPX,BUY,850000.0,0.49211457455949476,-1.01230964187509,0.37084957298078414,1.3995946875116516,0,2025-01-02 11:17:00
3108,Client07,Reverse Convertible,MSFT,SELL,830000.0,2.372691455096659,-2.6996863662019623,0.2534559891297293,,0,2025-01-02 11:18:00
117,Client36,Autocall,AMZN,SELL,1420000.0,0.16285163072192066,-2.444409257392822,0.4725295991597909,3.2405428771271563,1,2025-01-02 11:19:00
3795,Client20,Autocall,SMI,BUY,450000.0,-3.3199310616668734,5.572482627165948,0.1551791293098285,48.23455701914932,1,2025-01-02 11:20:00
3549,Client16,Reverse Convertible,NESN,SELL,670000.0,-0.10926496246074774,-2.279073070146767,0.17279827690591332,,1,2025-01-02 11:22:00
2318,Client19,Autocall,NESN,SELL,420000.0,0.9680099862359464,7.585525090316225,0.4534155183866357,14.399845134906947,1,2025-01-02 11:22:00
3155,Client37,Autocall,NESN,SELL,640000.0,6.039015752049457,-2.604065987770833,0.5450343678862352,37.56485366783743,0,2025-01-02 11:26:00
4311,Client16,Autocall,TSLA,BUY,830000.0,-0.16480279436944387,-2.6642207037284806,0.5531446778886422,34.118004013902095,0,2025-01-02 11:31:00
3756,Client40,Autocall,SMI,SELL,410000.0,-3.4630313488820685,-2.5773574788433744,0.3430957700566821,23.338472823213262,0,2025-01-02 11:32:00
496,Client36,Bonus Certificate,SMI,SELL,1230000.0,2.8016001716490995,3.147590890919737,0.2543124043538249,7.780505739325388,0,2025-01-02 11:36:00
3652,Client15,Reverse Convertible,NESN,SELL,2900000.0,-1.3527421422307355,-2.8766132123925896,0.3170320530149936,,0,2025-01-02 11:41:00
4890,Client27,Autocall,MSFT,BUY,280000.0,-2.6955592884628263,-4.8258323430183285,0.399782630828878,37.6956388519737,1,2025-01-02 11:41:00
2516,Client05,Reverse Convertible,NESN,BUY,560000.0,3.3681105252707515,-1.5215706983556534,0.56904098057451,,0,2025-01-02 11:44:00
4757,Client05,Reverse Convertible,SMI,SELL,390000.0,-1.4886481253568846,3.328779320081457,0.24230033945685456,,0,2025-01-02 11:50:00
3085,Client28,Barrier Reverse Convertible,MSFT,SELL,870000.0,-1.5241315329553902,-1.5087834056499816,0.6199576475126382,45.74320160659387,0,2025-01-02 11:56:00
4036,Client34,Reverse Convertible,AMZN,SELL,180000.0,-0.37965752845558787,0.46483334776539736,0.9450869059097973,,0,2025-01-02 11:58:00
933,Client08,Autocall,NESN,SELL,550000.0,1.2247858048664177,5.642685775536878,1.332765423984689,35.6401941152997,1,2025-01-02 11:58:00
3557,Client32,Autocall,NESN,BUY,470000.0,2.846643875935179,5.394577631576093,1.3198724071975327,12.297923633909736,0,2025-01-02 12:04:00
4121,Client20,Reverse Convertible,SMI,BUY,400000.0,0.7376039670578334,-1.2422511687330255,0.4305262141312713,,0,2025-01-02 12:05:00
4441,Client02,Autocall,MSFT,SELL,660000.0,0.6658705916628525,-1.1350658132317244,0.46252703733480444,29.684436525144058,1,2025-01-02 12:06:00
4023,Client10,Autocall,TSLA,BUY,610000.0,-0.5881949432424024,0.07896063641117923,0.17319354098178016,11.287825203354835,1,2025-01-02 12:10:00
3058,Client30,Reverse Convertible,AAPL,BUY,610000.0,-2.971929939335043,-3.6181617620087825,0.8675615962757764,,0,2025-01-02 12:14:00
4876,Client24,Autocall,MSFT,BUY,790000.0,4.695496768435933,-6.5265304395945325,0.39098945512471706,40.80578421505091,1,2025-01-02 12:17:00
3004,Client32,Autocall,SMI,SELL,670000.0,0.0979295927035922,0.6179858092652756,0.4223607320931416,45.97200394529548,0,2025-01-02 12:18:00
534,Client12,Autocall,AMZN,BUY,720000.0,3.164499337231975,2.690551063812269,0.20987144581930015,0.3847775898207062,0,2025-01-02 12:18:00
2521,Client09,Autocall,SMI,SELL,640000.0,-3.4794302600391167,1.8424984474658532,0.4608685450829617,32.07829753157799,1,2025-01-02 12:23:00
697,Client12,Tracker,MSFT,SELL,270000.0,-1.0936524600533863,1.2021078061910973,0.4505537987655328,,1,2025-01-02 12:23:00
278,Client22,Autocall,SMI,BUY,650000.0,-0.12284042488612887,-3.1199208278936,0.21492420106786755,3.27178320380358,0,2025-01-02 12:27:00
835,Client15,Tracker,TSLA,SELL,1000000.0,-3.481930245248778,-2.7271557580959964,0.35163143589255047,,0,2025-01-02 12:31:00
4397,Client31,Autocall,AMZN,SELL,430000.0,-0.6680654907490431,-4.5180340579816285,0.4911403425516007,44.4860060737501,1,2025-01-02 12:32:00
3964,Client17,Autocall,SPX,SELL,760000.0,2.316502373237559,2.8559654435174244,1.0333349247654298,35.7915132509043,0,2025-01-02 12:34:00
3813,Client28,Barrier Reverse Convertible,NVDA,SELL,360000.0,0.3914489812765843,4.415390008443925,1.0544280527680743,25.37359511510665,0,2025-01-02 12:40:00
4553,Client34,Autocall,NVDA,BUY,300000.0,-4.431252739116464,1.4573741836853222,0.2470665372558864,20.970994184029244,1,2025-01-02 12:42:00
2526,Client25,Bonus Certificate,SPX,SELL,700000.0,0.05529334784895548,2.506289349129721,0.42499573626740095,19.351410837765716,0,2025-01-02 12:43:00
3045,Client27,Autocall,SMI,SELL,420000.0,0.21909795741221647,-1.790578964749506,0.3267495847267105,14.96113950719295,1,2025-01-02 12:44:00
1703,Client23,Autocall,TSLA,BUY,350000.0,1.7922888552121674,-2.1120905132621113,0.46217740012073605,11.377825796465274,1,2025-01-02 12:45:00
3413,Client14,Bonus Certificate,NESN,SELL,1170000.0,-2.1751920982604194,-2.83536676158886,0.1557357781485755,49.80521577855754,1,2025-01-02 12:48:00
663,Client26,Reverse Convertible,AMZN,SELL,440000.0,0.23657600200996787,2.864225535160202,0.39833108990877075,,0,2025-01-02 12:50:00
1537,Client20,Autocall,NESN,SELL,480000.0,-0.4193869431933143,3.7491206874216525,0.36441862306329714,3.0033692194129546,0,2025-01-02 12:50:00
609,Client31,Barrier Reverse Convertible,AMZN,SELL,590000.0,-0.15878934142840598,1.602323440907902,0.3546126092406157,20.202650365091294,1,2025-01-02 12:55:00
1219,Client21,Autocall,SMI,SELL,250000.0,-1.7118900907527075,0.04869538062401785,0.32978699321718935,32.43218436724872,0,2025-01-02 12:57:00
3610,Client12,Autocall,AMZN,SELL,290000.0,0.7562652305494526,4.637919011724923,0.5108521890607577,22.876415550595624,1,2025-01-02 12:59:00
1732,Client37,Tracker,NVDA,SELL,430000.0,1.13357022835143,-0.7345849638067726,0.6041074653759679,,1,2025-01-02 13:00:00
3023,Client13,Autocall,SPX,BUY,150000.0,2.754111136396691,-0.2252725219216103,0.4431883710698235,33.298038332696414,1,2025-01-02 13:02:00
4610,Client03,Autocall,AMZN,SELL,850000.0,0.37731311192896444,1.7598949764871006,0.2804492512170604,6.183087024724565,1,2025-01-02 13:03:00
4855,Client33,Tracker,AAPL,BUY,90000.0,0.4996391712670027,-0.9796335032646206,0.2966468134557003,,1,2025-01-02 13:03:00
115,Client28,Bonus Certificate,MSFT,SELL,120000.0,-4.31272884643994,-2.1143388310926134,0.8353509034279091,10.148395942056359,1,2025-01-02 13:05:00
3752,Client05,Autocall,AAPL,BUY,1440000.0,-1.9744945256168414,-5.3740736996119685,0.4182232566772415,38.317187216141605,0,2025-01-02 13:09:00
3165,Client34,Autocall,NESN,SELL,570000.0,-2.0053583930816425,-1.3681504882489213,0.3623779599474733,14.92540515743927,0,2025-01-02 13:12:00
308,Client11,Autocall,MSFT,SELL,220000.0,-1.5918683635974313,5.2628914741485255,0.23732527754007096,47.07091258429109,0,2025-01-02 13:14:00
4545,Client29,Barrier Reverse Convertible,SPX,BUY,290000.0,-1.4012189676184168,6.371049761457998,0.6449515676841917,21.776799777660194,0,2025-01-02 13:18:00
150,Client27,Reverse Convertible,AAPL,SELL,210000.0,1.5547999090209421,5.541902022227107,0.812535878939778,,0,2025-01-02 13:25:00
2361,Client30,Autocall,NVDA,BUY,380000.0,-1.9198257089306643,-0.44545399850474676,0.2897927834663942,14.713948692435618,0,2025-01-02 13:29:00
3743,Client04,Autocall,SPX,BUY,580000.0,0.5309695513680853,-5.470597423275049,0.36912266676979044,13.3840224218158,0,2025-01-02 13:31:00
2443,Client20,Autocall,TSLA,SELL,290000.0,-0.6581866689797398,0.8986191343758404,0.2887453516912941,34.73756576767381,0,2025-01-02 13:36:00
3810,Client31,Bonus Certificate,TSLA,SELL,470000.0,-4.83266348276677,0.7242435487091062,0.3961987096758171,17.00370220039671,0,2025-01-02 13:36:00
1277,Client28,Autocall,AMZN,BUY,650000.0,1.7869584178884315,2.065522037269788,1.1487173080267339,36.04736167066183,0,2025-01-02 13:43:00
1310,Client10,Barrier Reverse Convertible,NVDA,SELL,680000.0,0.32529198793721364,-5.6635948252668395,0.3500805505937787,15.481994929996596,0,2025-01-02 13:45:00
2295,Client01,Autocall,SPX,BUY,210000.0,-0.6787587239986648,7.821333380991555,0.24949612849854158,42.299114866642576,1,2025-01-02 13:46:00
3608,Client14,Autocall,AMZN,SELL,1230000.0,3.0646439181911678,2.4525415252015743,0.37746701059606663,14.248743612444864,1,2025-01-02 14:04:00
2402,Client25,Barrier Reverse Convertible,TSLA,SELL,960000.0,0.09194595877616475,0.6365337130593145,0.509110986803801,45.54547446439411,0,2025-01-02 14:05:00
1228,Client32,Autocall,SMI,BUY,560000.0,1.6566698759320666,-1.4659974650540153,0.27712398747285394,28.63806504546623,1,2025-01-02 14:11:00
4683,Client04,Reverse Convertible,AMZN,BUY,810000.0,2.1392799585034195,-3.8853667740989586,0.3953043296577109,,0,2025-01-02 14:14:00
1638,Client22,Autocall,NVDA,BUY,320000.0,0.2024997765239432,0.9362151207818503,0.2797921275898613,39.903242360437254,1,2025-01-02 14:19:00
1270,Client01,Autocall,AMZN,SELL,130000.0,0.9204641031712066,-1.3951190766654924,0.5238128177004132,1.6755519097173932,1,2025-01-02 14:23:00
153,Client05,Autocall,SPX,BUY,300000.0,1.1833347960117744,0.8279461091561477,0.27615900346378514,41.990482112919445,0,2025-01-02 14:26:00
2621,Client22,Reverse Convertible,AAPL,BUY,220000.0,-0.620706626244492,4.213718004094919,1.0698719922718083,,1,2025-01-02 14:28:00
2840,Client22,Reverse Convertible,NESN,BUY,280000.0,0.8545054051624328,-0.720938907090625,0.5990163148215195,,0,2025-01-02 14:31:00
4046,Client04,Tracker,TSLA,SELL,110000.0,-3.161144217110145,-3.3803731078085315,0.639719181477983,,0,2025-01-02 14:33:00
1313,Client06,Autocall,AAPL,SELL,2120000.0,-4.020339393068942,-1.7042637623619514,0.28012842111155184,3.9089177525256256,0,2025-01-02 14:38:00
2199,Client34,Autocall,SPX,SELL,440000.0,-4.8000320067250115,-3.7583205790339327,0.47859749294959997,41.2168699111033,1,2025-01-02 14:38:00
4961,Client16,Bonus Certificate,TSLA,SELL,290000.0,0.45659147974343106,-1.4461981116813607,0.48881418345412514,6.141443199302082,1,2025-01-02 14:42:00
780,Client12,Reverse Convertible,SMI,SELL,390000.0,-0.7094646865605445,-1.6639204382473178,0.2319715811207697,,0,2025-01-02 14:46:00
4975,Client16,Bonus Certificate,NESN,SELL,290000.0,-1.9485515060761427,-2.925321670133913,0.6388245625107386,34.841042190772676,0,2025-01-02 14:46:00
4267,Client38,Autocall,MSFT,BUY,260000.0,-0.016827713968239764,2.119676021749317,0.7143670741048083,13.826065546207216,0,2025-01-02 14:50:00
4388,Client20,Barrier Reverse Convertible,AAPL,BUY,380000.0,-0.9218936533845602,0.11308554890298979,0.3664615981796164,2.013167130368998,0,2025-01-02 14:52:00
3205,Client17,Tracker,MSFT,BUY,1310000.0,0.04636055637532262,4.027195962648072,0.2050946297816681,,0,2025-01-02 14:54:00
2096,Client29,Autocall,TSLA,BUY,1170000.0,0.4607972862396598,4.444092567146981,0.37580583557815367,2.8535540934549686,0,2025-01-02 14:54:00
4581,Client11,Barrier Reverse Convertible,AMZN,BUY,330000.0,-1.6299180475858968,1.8778679786091654,0.30977012857803493,23.200755630674347,0,2025-01-02 14:55:00
2207,Client18,Autocall,AMZN,BUY,1110000.0,-0.9997645699706994,5.9888569874188855,0.32195044291791625,34.18784759907232,1,2025-01-02 14:57:00
3495,Client03,Autocall,MSFT,BUY,950000.0,1.4842030857582378,-1.1400340652929204,0.3342311221755472,12.322122225832649,1,2025-01-02 15:02:00
3027,Client16,Reverse Convertible,TSLA,SELL,350000.0,-0.3249228390532058,-5.681501347572073,0.2749845586402579,,1,2025-01-02 15:03:00
4950,Client03,Autocall,SPX,BUY,930000.0,4.21001082730078,0.02005957210722938,0.3589903602324818,31.224740424745885,0,2025-01-02 15:06:00
4615,Client20,Autocall,SPX,BUY,300000.0,-2.738859230832899,0.8839613064726547,0.16974719784268105,0.7269456582106038,0,2025-01-02 15:12:00
4295,Client14,Autocall,NESN,BUY,800000.0,0.32312488838805514,-1.2610551140843695,0.6231132178459132,28.079053858053086,1,2025-01-02 15:13:00
1696,Client34,Autocall,NVDA,SELL,440000.0,4.316608250811505,2.9687363119274957,0.35779519456570125,27.63013017429455,1,2025-01-02 15:14:00
4298,Client22,Autocall,NVDA,BUY,570000.0,0.3254779788985982,6.0055460071121605,0.1578552025261543,12.821996171534018,0,2025-01-02 15:15:00
4296,Client20,Autocall,AMZN,BUY,570000.0,1.6590767359950216,2.394831774705731,0.44543975762362525,35.58112825963665,1,2025-01-02 15:18:00
3281,Client27,Barrier Reverse Convertible,SPX,BUY,430000.0,0.8046481175880887,0.4283425592769967,0.6674067902176444,28.11118246039157,0,2025-01-02 15:20:00
1252,Client40,Bonus Certificate,TSLA,SELL,1060000.0,0.3523206632420646,1.9514150019738508,0.502983424671768,11.137495313694124,0,2025-01-02 15:23:00
3299,Client11,Reverse Convertible,NESN,SELL,300000.0,2.417055442361084,-1.2625446979073027,0.28187401658839867,,1,2025-01-02 15:24:00
742,Client13,Autocall,SPX,SELL,650000.0,3.6986717637252795,3.40148234843661,0.6577024472884662,6.867977908475842,1,2025-01-02 15:25:00
3055,Client16,Autocall,AMZN,BUY,330000.0,0.9384080573533223,-3.7693096631471654,0.8914700299341507,15.724562620463105,1,2025-01-02 15:25:00
303,Client02,Autocall,MSFT,SELL,1260000.0,1.8249021251587971,-1.0841857751290398,0.4603616669454759,27.07034016613703,0,2025-01-02 15:27:00
3714,Client06,Barrier Reverse Convertible,SMI,BUY,2880000.0,1.6784663563427227,-5.949453147180326,0.35710665643380846,21.473502009689742,0,2025-01-02 15:27:00
3715,Client35,Autocall,AAPL,SELL,470000.0,-3.3415197127396667,1.638985703711775,0.29820907781204686,6.095308325766396,1,2025-01-02 15:29:00
4761,Client35,Autocall,MSFT,BUY,320000.0,-1.2283155750226984,0.8957308657087864,0.5352634463067467,46.03530882737254,1,2025-01-02 15:30:00
950,Client10,Autocall,SMI,BUY,2340000.0,1.2999245338833265,-0.25465221183597625,0.3853234677805616,46.08887822200945,0,2025-01-02 15:32:00
2536,Client34,Autocall,SMI,BUY,370000.0,2.256561140550707,3.3281509558535562,0.28030274635629143,44.39641646283755,0,2025-01-02 15:32:00
3112,Client40,Bonus Certificate,AAPL,SELL,980000.0,-3.006084434088891,4.672589729993007,0.40577589237485273,25.26452431185202,0,2025-01-02 15:39:00
2437,Client36,Autocall,AMZN,SELL,1170000.0,0.149733407241516,-0.39167355509928303,0.3585452911167133,47.79290032194416,1,2025-01-02 15:41:00
463,Client29,Autocall,SPX,SELL,450000.0,0.06074204503362907,-7.128375566814289,0.3173028069094312,0.04430287974103719,0,2025-01-02 15:42:00
4428,Client24,Reverse Convertible,NVDA,SELL,1080000.0,2.519239910886182,-3.654113572981775,0.20331317874077373,,0,2025-01-02 15:43:00
4882,Client05,Barrier Reverse Convertible,SMI,SELL,610000.0,-7.229540783827057,-3.2732188364951273,0.3460512137306427,35.01178455933102,1,2025-01-02 15:48:00
2739,Client16,Autocall,SMI,SELL,1520000.0,1.2010532672421426,2.5933759650049186,0.2188931593130143,10.37894443396965,0,2025-01-02 15:49:00
2236,Client02,Autocall,SMI,SELL,840000.0,2.552561582339812,-1.8683938113888017,0.12936088274418897,48.38162791255272,0,2025-01-02 15:52:00
385,Client32,Autocall,AAPL,SELL,520000.0,-0.9421545703240798,0.7378185914108564,0.4547687550802998,30.58552032762899,0,2025-01-02 15:53:00
3035,Client12,Autocall,AMZN,BUY,400000.0,1.9779259941532559,0.4942834493857361,0.30792119650204114,45.99140322537695,0,2025-01-02 15:59:00
1811,Client11,Autocall,SMI,SELL,440000.0,1.7176739860064545,5.884677407078568,0.2646286917138105,8.981650989567342,0,2025-01-02 16:00:00
457,Client25,Autocall,SPX,BUY,940000.0,-1.2202272452873568,4.297626790315236,0.6855612074467954,39.0001430748843,1,2025-01-02 16:00:00
435,Client01,Barrier Reverse Convertible,SMI,SELL,170000.0,-0.04143274974990729,0.24821500758703896,0.5708713318193257,10.310899595906303,0,2025-01-02 16:00:00
813,Client22,Tracker,MSFT,BUY,210000.0,-0.8299398669620047,-1.2126745492932272,0.7332744977501627,,0,2025-01-02 16:02:00
621,Client38,Autocall,NVDA,BUY,330000.0,-2.3001664653782807,-0.8585569597729719,0.3393605881606314,22.405497786624284,1,2025-01-02 16:03:00
1298,Client23,Autocall,AMZN,BUY,670000.0,0.8447854670404858,3.520133453750767,0.26046044545894104,5.205687930742253,0,2025-01-02 16:04:00
3088,Client35,Autocall,SPX,BUY,290000.0,0.9662761696321337,7.547850550088828,0.27529855320750884,44.97896693433548,0,2025-01-02 16:06:00
3458,Client29,Barrier Reverse Convertible,NVDA,BUY,230000.0,2.8170165016346798,-3.307891487366121,0.5385941833634817,28.072190979922123,0,2025-01-02 16:18:00
4261,Client12,Autocall,SPX,BUY,790000.0,1.651614633067432,2.672202903524241,0.3071407409298846,11.541786761930101,0,2025-01-02 16:20:00
4385,Client34,Bonus Certificate,NESN,SELL,1340000.0,-1.385720939254789,2.7018645152950884,1.0486904187330355,0.5112431955454022,1,2025-01-02 16:23:00
2903,Client07,Autocall,AMZN,SELL,260000.0,3.451501345070816,5.145623306761309,0.4977675845357688,42.73223498211897,0,2025-01-02 16:24:00
113,Client28,Barrier Reverse Convertible,NVDA,SELL,300000.0,-1.6009772195054324,-5.329254556713649,0.4379375528430424,8.218929409562003,1,2025-01-02 16:30:00
3750,Client20,Bonus Certificate,SMI,BUY,810000.0,5.15259016901391,0.04742913718373487,0.470320235899993,15.932988349329385,0,2025-01-02 16:38:00
1994,Client20,Barrier Reverse Convertible,SMI,SELL,640000.0,-0.5063269701278734,-5.399089848546456,0.5034610877645302,1.905983659615157,0,2025-01-02 16:39:00
1585,Client19,Bonus Certificate,TSLA,BUY,430000.0,1.3279960897067422,-1.375352091527509,0.27976919082072665,1.7741531075186556,0,2025-01-02 16:48:00
349,Client13,Autocall,AAPL,BUY,300000.0,0.9819072485556556,1.9465436639662737,0.48061346523853554,36.72161161062243,1,2025-01-02 16:50:00
3672,Client02,Reverse Convertible,AAPL,SELL,780000.0,-0.2948054721248467,-3.09066491860344,0.548307669450483,,0,2025-01-02 16:53:00
1483,Client15,Autocall,AMZN,SELL,1730000.0,1.2079170837545312,5.533126822435797,0.6020692946382304,9.945019648307508,1,2025-01-02 16:56:00
102,Client25,Autocall,MSFT,BUY,790000.0,0.4371533479994658,5.73314277909239,0.5010650704932296,19.76018247042183,0,2025-01-02 16:56:00
3363,Client02,Autocall,SPX,SELL,1120000.0,-2.541497943839689,1.0315941603871668,0.6020304982052728,17.987195318186412,0,2025-01-02 16:57:00
1232,Client25,Autocall,MSFT,BUY,650000.0,1.100608609348979,1.9802383174735256,0.25818364358201656,17.768410782400228,1,2025-01-02 17:02:00
1238,Client05,Autocall,SPX,SELL,900000.0,1.3139985569410961,-2.0895143408039627,0.2875231180775064,41.206671262600516,1,2025-01-02 17:04:00
1249,Client13,Autocall,NESN,SELL,460000.0,0.9804936484021628,-2.840947703296244,0.3077007560292673,33.375614121992434,1,2025-01-02 17:04:00
1529,Client26,Barrier Reverse Convertible,NVDA,BUY,360000.0,1.4383337758882322,6.583395914399814,0.2628885686584378,16.21092377708458,0,2025-01-02 17:07:00
1367,Client40,Autocall,SMI,BUY,120000.0,-2.478095219276156,2.0086721927600903,0.530072071956299,46.0233225944796,0,2025-01-02 17:13:00
3136,Client19,Bonus Certificate,AMZN,SELL,510000.0,-2.736991332320434,-0.43503099407023305,0.15328749942344003,32.08811455526324,0,2025-01-02 17:14:00
4773,Client16,Autocall,AAPL,BUY,740000.0,-1.9892181814182155,-1.4687708772748038,0.16463874838105863,39.67805168995518,1,2025-01-02 17:15:00
135,Client40,Bonus Certificate,SMI,SELL,920000.0,-0.7130056577138751,3.3484809585625763,0.8840533763430469,20.899604397986586,0,2025-01-02 17:15:00
2931,Client16,Reverse Convertible,SPX,SELL,2030000.0,-3.4988779311851883,-0.7169784834718529,0.3442541301180853,,0,2025-01-02 17:17:00
1713,Client36,Autocall,SPX,BUY,600000.0,-0.40250127009855563,1.7916112448756878,0.08231925557320802,31.752937560193057,0,2025-01-02 17:20:00
2193,Client33,Barrier Reverse Convertible,SPX,SELL,140000.0,-1.553893993745098,0.360601132660736,1.2223297789508856,48.46819119484325,0,2025-01-02 17:27:00
2825,Client37,Reverse Convertible,AAPL,SELL,580000.0,0.11436804181061988,-2.89119382519943,0.18387252783954533,,1,2025-01-02 17:29:00
2682,Client11,Autocall,AAPL,BUY,290000.0,-0.18103725416752037,-1.6122858982452626,0.26543233157663065,7.05307264806353,0,2025-01-02 17:32:00
1349,Client24,Autocall,MSFT,BUY,640000.0,-1.9773131286427497,-2.0337227279055323,0.1783200522043787,2.2264643360404843,0,2025-01-02 17:35:00
252,Client28,Autocall,NVDA,BUY,430000.0,-1.5074984508202705,-3.1459500128040885,0.37917253719973515,46.52965115519308,1,2025-01-02 17:39:00
4228,Client38,Autocall,NESN,BUY,560000.0,-1.0151983995744949,0.6151363189986264,1.0545433683268945,46.192972747756514,0,2025-01-02 17:43:00
1340,Client13,Autocall,AMZN,BUY,400000.0,-3.2814884854585173,-0.4520610594378067,0.6751551297707575,47.11636501879647,0,2025-01-02 17:47:00
553,Client27,Bonus Certificate,AAPL,SELL,150000.0,0.8413164750928702,-5.317621191703058,0.2372990963676734,33.72621820187242,1,2025-01-02 17:52:00
4219,Client03,Autocall,AMZN,SELL,470000.0,-0.014449765594580045,-6.866091388888675,0.49438576300795667,10.66801424771327,1,2025-01-03 08:02:00
2715,Client03,Tracker,SMI,BUY,680000.0,-0.7163011135530861,-3.9305543257874396,0.20536016789142852,,0,2025-01-03 08:07:00
4637,Client16,Barrier Reverse Convertible,NVDA,BUY,330000.0,3.728578974287496,-5.012290553139765,0.5091527628545098,15.854081982797885,1,2025-01-03 08:12:00
1247,Client09,Autocall,AMZN,SELL,470000.0,3.0151621801883954,1.9521177792205182,0.7795732758780293,3.7171439245393403,0,2025-01-03 08:18:00
3533,Client39,Autocall,MSFT,SELL,290000.0,1.815449791823317,-0.4508433712573042,0.3153798099989873,35.45967472642937,1,2025-01-03 08:20:00
4673,Client35,Autocall,SPX,BUY,370000.0,1.6462944806952728,3.434347153086856,1.2875800521006322,23.9035186805807,0,2025-01-03 08:25:00
1045,Client15,Tracker,SMI,SELL,1740000.0,1.4044235093621364,-4.124916320385736,0.38711878069974814,,1,2025-01-03 08:26:00
4463,Client15,Reverse Convertible,NVDA,SELL,2240000.0,-0.8002173995125881,-1.1361317893792953,0.23380182166435454,,0,2025-01-03 08:28:00
2359,Client05,Autocall,AMZN,BUY,370000.0,-2.8244731732559165,3.176891928558196,0.30332304282318334,7.431132962285858,0,2025-01-03 08:30:00
3768,Client13,Bonus Certificate,AAPL,BUY,350000.0,0.24669681893606885,1.7919463149484338,0.28168803221569194,45.31719436773455,1,2025-01-03 08:32:00
4941,Client13,Autocall,TSLA,SELL,230000.0,2.8317209860031642,0.08790057323013721,0.3352088949222034,24.17288186255272,0,2025-01-03 08:35:00
3377,Client02,Autocall,NVDA,SELL,1070000.0,-1.492234637165165,-1.6451896069875414,0.3890623492800097,34.837732592578796,0,2025-01-03 08:36:00
1770,Client20,Autocall,AMZN,SELL,460000.0,-0.8671427616147728,-1.4093033306713405,0.36328986599150687,14.416904605458953,1,2025-01-03 08:36:00
1596,Client16,Bonus Certificate,SMI,SELL,1100000.0,0.980910928686541,-1.3287315151578427,0.7819947880766029,15.72879899836066,0,2025-01-03 08:50:00
1409,Client03,Autocall,MSFT,SELL,290000.0,-4.048320647928702,3.158532106079268,0.29295584779116285,7.746244305086114,0,2025-01-03 08:57:00
2127,Client35,Bonus Certificate,AAPL,SELL,490000.0,-0.23261200808990118,1.3947338532856834,0.2127488493171565,43.20874475904668,0,2025-01-03 08:58:00
4126,Client32,Autocall,MSFT,SELL,680000.0,2.099100035332094,3.8422487573938184,0.4067458610297566,12.980067606933343,1,2025-01-03 09:00:00
4577,Client05,Barrier Reverse Convertible,TSLA,BUY,280000.0,1.1461042187707455,2.4066176743370837,0.5647969176555608,17.847938453044605,0,2025-01-03 09:04:00
4098,Client18,Autocall,TSLA,SELL,1090000.0,-1.7690443774442062,4.531540991742507,0.46761026178147597,40.7839679564078,0,2025-01-03 09:05:00
4621,Client32,Autocall,SMI,SELL,420000.0,-1.4453481325428992,2.578709172855702,0.5286326250555047,34.127246155762926,0,2025-01-03 09:09:00
4835,Client34,Bonus Certificate,NVDA,BUY,340000.0,2.6058303890091383,0.6574538131195664,0.40428858949806235,8.96078956803859,0,2025-01-03 09:09:00
2194,Client34,Autocall,SPX,SELL,460000.0,-0.535316535949056,2.612701877935524,0.37276287881955,26.585616453662126,0,2025-01-03 09:13:00
2874,Client26,Tracker,SPX,SELL,530000.0,-2.210978756837606,2.976902053343864,0.46555321589113124,,0,2025-01-03 09:13:00
2102,Client01,Autocall,AMZN,BUY,180000.0,0.24524383228714353,1.5292860821325556,0.3813095296324302,47.736902972120504,0,2025-01-03 09:13:00
4701,Client08,Autocall,MSFT,SELL,520000.0,1.8868308907327676,-0.3292044136503744,0.31253768018953626,10.963225787746433,1,2025-01-03 09:15:00
1948,Client15,Autocall,SMI,SELL,1920000.0,0.190463859505871,0.3608021341217721,0.3823950989616913,16.135828790351287,1,2025-01-03 09:16:00
4477,Client23,Autocall,SPX,SELL,540000.0,0.9608140259621779,-1.6176500404020469,0.588983426432628,7.745820284888206,1,2025-01-03 09:19:00
2764,Client08,Reverse Convertible,NESN,BUY,350000.0,-1.0159601076049516,-0.9547892421543761,0.19376186883210894,,0,2025-01-03 09:20:00
1123,Client25,Autocall,AAPL,BUY,730000.0,-0.7010275825684652,-4.593023436633112,0.24855900933568936,10.937971754507164,1,2025-01-03 09:25:00
4660,Client31,Autocall,TSLA,BUY,740000.0,-0.7522390649926748,3.0291167085262907,0.42407238991857527,12.037029426441908,1,2025-01-03 09:26:00
3432,Client10,Bonus Certificate,TSLA,SELL,720000.0,2.687059146251361,-2.8993636275461894,0.25790239531911213,21.35552387732625,1,2025-01-03 09:27:00
143,Client32,Autocall,NESN,SELL,1280000.0,-1.1309543624357246,-1.8667229791208175,0.472705063307667,15.46354981738044,0,2025-01-03 09:28:00
165,Client25,Barrier Reverse Convertible,NVDA,SELL,680000.0,-0.9882464191425284,1.0158452086233474,0.4476548953981227,14.307061968362106,0,2025-01-03 09:30:00
409,Client09,Autocall,SPX,SELL,600000.0,0.543059276442901,0.9824847403388066,0.18140289328360504,0.13864836474230535,0,2025-01-03 09:31:00
2144,Client26,Autocall,NESN,SELL,750000.0,1.2133529484709777,-2.4433045909135074,0.5391705100895766,10.796754302911943,0,2025-01-03 09:33:00
3604,Client18,Autocall,NVDA,BUY,1260000.0,-1.787586744575193,-1.7645083345794341,0.29599499638656634,33.42785796671996,1,2025-01-03 09:35:00
4481,Client21,Autocall,TSLA,BUY,380000.0,4.816732314627957,-0.982786086569505,0.3689326828025313,22.734179822779648,0,2025-01-03 09:35:00
2289,Client37,Autocall,NVDA,SELL,580000.0,-0.5192152138367017,-0.16871218466248514,0.325920708216204,42.15675655731777,1,2025-01-03 09:37:00
3607,Client32,Autocall,NESN,BUY,1770000.0,-0.6656242930738201,-1.0711772677681042,0.4241430952839172,24.199398734509625,0,2025-01-03 09:42:00
1578,Client16,Reverse Convertible,TSLA,SELL,420000.0,0.891317025065988,-1.960471843619791,0.2422193201156578,,0,2025-01-03 09:46:00
4524,Client02,Autocall,AMZN,BUY,650000.0,1.679878348190813,-1.3058944718050414,0.5338038271991093,16.004593706034186,0,2025-01-03 09:50:00
906,Client25,Barrier Reverse Convertible,MSFT,BUY,630000.0,1.1222546111495602,3.757703547429127,0.2600013643531517,35.31629933914289,0,2025-01-03 09:54:00
1812,Client34,Barrier Reverse Convertible,NVDA,SELL,170000.0,-2.6541538711246946,-0.6973573140954047,0.3439900231518456,40.025570172256224,1,2025-01-03 09:57:00
2780,Client17,Reverse Convertible,MSFT,SELL,660000.0,-2.372854149427187,3.698188787209699,0.545808196115373,,1,2025-01-03 09:58:00
1447,Client38,Autocall,SMI,BUY,120000.0,-1.4210826666522534,0.13834765028660095,0.3170735542800304,24.80316321048938,1,2025-01-03 10:01:00
2224,Client10,Bonus Certificate,MSFT,SELL,1110000.0,-0.591315677118549,2.5574465124401957,0.24715366008542666,31.81965550151169,1,2025-01-03 10:01:00
2748,Client13,Autocall,NESN,SELL,320000.0,0.7669207888881497,3.2881497023282336,0.331616146198392,21.33092177248249,1,2025-01-03 10:02:00
4265,Client22,Bonus Certificate,NVDA,SELL,240000.0,1.3681482199987787,-6.027430021245607,0.29188144561225127,21.326905472008466,1,2025-01-03 10:02:00
3530,Client26,Autocall,AAPL,BUY,340000.0,-2.481090738495863,-1.867014443039042,0.22433134676302627,32.32005247310073,0,2025-01-03 10:03:00
1828,Client13,Bonus Certificate,NESN,BUY,630000.0,-0.7779719857809544,0.2942464713083151,0.44636024631217797,9.326538860278632,0,2025-01-03 10:10:00
2650,Client32,Autocall,MSFT,BUY,460000.0,0.9930803349774174,4.815324694539829,0.35117364564734244,49.802375457912916,1,2025-01-03 10:12:00
769,Client20,Autocall,MSFT,SELL,540000.0,-0.3156413272152167,2.5433849667426816,0.27334031895483285,5.943624309460888,0,2025-01-03 10:12:00
4626,Client20,Autocall,MSFT,SELL,230000.0,-1.294070692088291,2.664055700915067,0.4576193794393854,48.030692229447794,0,2025-01-03 10:14:00
4097,Client16,Barrier Reverse Convertible,NVDA,SELL,850000.0,2.8400450791435103,-1.4230901158760636,0.28803006884808735,17.120921088957342,0,2025-01-03 10:16:00
4440,Client32,Autocall,MSFT,BUY,540000.0,2.765492102889818,1.222741602938907,0.8586233471071856,17.72016645159915,1,2025-01-03 10:18:00
241,Client27,Barrier Reverse Convertible,SMI,BUY,310000.0,-0.2898524427256303,4.2983770226079745,0.3873163851352587,25.544738936742966,0,2025-01-03 10:20:00
3883,Client28,Autocall,SPX,BUY,270000.0,-1.1818049720405628,2.5961035154716816,0.43268060378213274,26.70999206730199,0,2025-01-03 10:28:00
3145,Client29,Reverse Convertible,SPX,SELL,290000.0,1.1843735484585536,4.057096848615941,0.5267126140462813,,0,2025-01-03 10:42:00
3641,Client27,Barrier Reverse Convertible,SMI,SELL,210000.0,2.5796437388682656,-2.493017432372122,0.4534735188007296,38.53851195633803,1,2025-01-03 10:46:00
2356,Client13,Autocall,NVDA,BUY,230000.0,0.48544415106212,-0.3310388846296558,0.5426035328831949,38.91294422958625,0,2025-01-03 10:53:00
32,Client34,Autocall,AMZN,SELL,250000.0,-0.11528786645872502,-3.6841456569179547,0.6965639729700875,34.281825264741165,0,2025-01-03 10:55:00
2383,Client38,Autocall,SMI,SELL,340000.0,3.2016282311318003,-1.487558652743978,0.26943521532271236,10.307318400232019,0,2025-01-03 10:56:00
2728,Client19,Autocall,AAPL,BUY,630000.0,-1.6337893188425126,2.502774862270318,0.19088262537817846,45.66652227381701,1,2025-01-03 10:58:00
318,Client11,Autocall,SMI,SELL,250000.0,-0.031924681623406365,-1.0272131138609732,0.9394775043599105,11.170834868595236,0,2025-01-03 11:02:00
1775,Client27,Autocall,SPX,BUY,340000.0,2.507221952738006,3.3362156794229785,0.3885048966693251,16.800649413617958,0,2025-01-03 11:08:00
1554,Client34,Autocall,AAPL,BUY,100000.0,2.040924223000726,-2.6917121750034916,0.28284061740401606,9.793897334403507,1,2025-01-03 11:09:00
89,Client31,Reverse Convertible,TSLA,BUY,380000.0,1.030779162773439,-2.6705936062974738,0.2140982228082681,,0,2025-01-03 11:09:00
2222,Client38,Barrier Reverse Convertible,AAPL,BUY,320000.0,3.3301697873636567,2.148030571971175,0.3701666046060236,48.28543606655143,0,2025-01-03 11:13:00
197,Client34,Autocall,SPX,BUY,390000.0,1.443397179870703,-6.231609881271413,0.9236852604855549,5.772380531817656,0,2025-01-03 11:17:00
1155,Client38,Autocall,NESN,BUY,370000.0,-0.15108273081285753,1.688343532338544,0.40744754563154495,3.479802798392717,0,2025-01-03 11:17:00
3598,Client28,Autocall,SPX,SELL,330000.0,0.8965163644168934,-1.896437173704999,0.4728281615416539,20.624524243786986,0,2025-01-03 11:19:00
1662,Client33,Barrier Reverse Convertible,AAPL,BUY,250000.0,-1.4128311448929127,0.6904868928225654,0.20749634416881582,10.92056774406483,0,2025-01-03 11:22:00
1180,Client32,Autocall,TSLA,SELL,670000.0,1.902513246784127,4.1940586977789955,0.288311601327278,46.148708860460594,1,2025-01-03 11:26:00
2176,Client03,Autocall,AAPL,BUY,900000.0,0.4048267633903791,-0.8878955682366059,0.4288613018697881,8.575609212603752,0,2025-01-03 11:28:00
3383,Client32,Reverse Convertible,NVDA,SELL,980000.0,-1.7222244566654392,-0.796108411970714,0.4018787841125697,,1,2025-01-03 11:30:00
1891,Client12,Bonus Certificate,MSFT,SELL,230000.0,4.808376106807495,-0.1231643039746766,0.38405111497873345,14.45801106428245,0,2025-01-03 11:30:00
3570,Client03,Barrier Reverse Convertible,NVDA,BUY,310000.0,0.6636976722303,-0.7738008232451743,0.4139249099907035,49.9875778490961,0,2025-01-03 11:33:00
1931,Client16,Autocall,SMI,BUY,690000.0,0.1588746836640302,3.9883384075393153,0.8093596342882724,3.136936567863674,0,2025-01-03 11:40:00
68,Client35,Autocall,MSFT,BUY,580000.0,-0.5213549403587604,-1.1142757302125115,0.33218490916019866,18.553647244152337,1,2025-01-03 11:42:00
3797,Client40,Barrier Reverse Convertible,SPX,BUY,970000.0,1.454661382758199,-4.768566976911163,0.39895526692910904,5.478883930750716,0,2025-01-03 11:44:00
201,Client35,Autocall,TSLA,SELL,280000.0,-2.623896152942084,1.1271339739684938,0.36591245267198563,35.81185937112212,0,2025-01-03 11:46:00
3471,Client35,Tracker,MSFT,SELL,560000.0,-0.22237028927821742,0.6657114613578615,0.5884781112484838,,0,2025-01-03 11:48:00
413,Client02,Autocall,SMI,BUY,1180000.0,0.05520943425093818,1.1430899205064586,0.2919159331575943,49.162297470853915,0,2025-01-03 12:00:00
3382,Client35,Barrier Reverse Convertible,NESN,BUY,740000.0,-3.231259848478179,-3.1175260184606617,0.5452157265514157,19.966713202581293,0,2025-01-03 12:02:00
4860,Client13,Reverse Convertible,NVDA,BUY,80000.0,0.6934164333483404,0.4960248094748507,0.6230000637692233,,0,2025-01-03 12:02:00
4237,Client27,Autocall,TSLA,SELL,250000.0,-1.8179669084784162,-2.0262153545679715,0.34132868342859396,3.2468025405747225,0,2025-01-03 12:03:00
4196,Client20,Barrier Reverse Convertible,MSFT,SELL,1070000.0,-2.5103972401065153,4.588956625891836,0.3897423006000503,38.513969768894334,0,2025-01-03 12:03:00
4401,Client01,Autocall,SPX,BUY,80000.0,-0.44579219746089377,5.04705368511441,0.3983624139139956,38.54292607996091,0,2025-01-03 12:07:00
3566,Client05,Autocall,MSFT,BUY,690000.0,-1.5249860394185568,-1.100160366141865,0.5807915902845263,49.51089051067152,1,2025-01-03 12:07:00
1276,Client35,Autocall,TSLA,SELL,1690000.0,-2.3085197844235497,3.5382531087733593,0.4180990405099023,8.83740778888723,0,2025-01-03 12:08:00
1304,Client14,Autocall,AMZN,BUY,1470000.0,1.6506578066462378,1.5443857834422208,0.25150803005664063,0.6802334525042031,1,2025-01-03 12:10:00
563,Client20,Tracker,AAPL,BUY,1250000.0,1.3497802566730797,-2.4610581237254685,0.4912424900938669,,0,2025-01-03 12:15:00
382,Client20,Autocall,MSFT,SELL,690000.0,1.4259674322163445,-3.2128712413473623,0.325520733845643,33.5306991266353,0,2025-01-03 12:17:00
322,Client20,Bonus Certificate,NESN,BUY,690000.0,-2.4731517070380917,4.749835037457985,1.4119539581212444,30.317722324433728,0,2025-01-03 12:17:00
2799,Client11,Autocall,NESN,BUY,150000.0,1.1355644997614691,0.7933474639335723,0.2779025573379577,25.846917928483652,1,2025-01-03 12:23:00
1004,Client21,Autocall,NESN,BUY,340000.0,-1.817413201123817,-2.764017850251561,0.3175281066856241,4.717356982545362,1,2025-01-03 12:23:00
1574,Client27,Bonus Certificate,NESN,BUY,330000.0,-0.6773184153414782,2.9741360195880207,0.347942224712346,14.011744176193853,0,2025-01-03 12:24:00
363,Client28,Autocall,NVDA,BUY,120000.0,-2.2151326681362735,5.381096989183467,0.25926247637750105,40.37915325556915,1,2025-01-03 12:25:00
264,Client20,Bonus Certificate,AMZN,SELL,510000.0,-3.0201219340168106,-0.43553711805104695,0.15978305197819506,42.22199842720451,1,2025-01-03 12:29:00
3785,Client34,Bonus Certificate,MSFT,BUY,430000.0,2.206877576581806,-1.8191357607642966,0.27046916716830305,7.404679876253583,0,2025-01-03 12:29:00
4980,Client28,Autocall,NVDA,SELL,500000.0,3.0308394366223306,-3.5224405642686785,0.6474647293526091,3.3780102690960767,0,2025-01-03 12:30:00
593,Client18,Autocall,MSFT,SELL,2780000.0,-0.46090226103843673,-2.0833863978416343,0.6505137225845552,16.585588343221186,0,2025-01-03 12:32:00
3131,Client34,Autocall,SMI,BUY,620000.0,-2.3567793385358566,-6.457783262911352,0.2877268568010167,40.733375700173646,1,2025-01-03 12:36:00
1870,Client28,Autocall,AMZN,BUY,330000.0,-2.257505752461799,1.429296148134323,0.6252312691962442,21.196092130784837,1,2025-01-03 12:37:00
1564,Client30,Barrier Reverse Convertible,NESN,SELL,1120000.0,1.184906124785309,-6.407453051304175,0.7196038277239122,48.407246502711374,1,2025-01-03 12:38:00
4190,Client32,Bonus Certificate,TSLA,BUY,720000.0,3.794453384779035,4.044111580701913,0.21335658335864444,48.88132660921638,1,2025-01-03 12:39:00
3955,Client26,Autocall,AAPL,SELL,320000.0,-0.6828232473507925,-1.7371233285126544,0.3623522986218084,23.307524540758457,1,2025-01-03 12:41:00
2187,Client27,Tracker,NESN,BUY,380000.0,1.5744648403892134,-0.5839781843948131,0.3987978910322613,,0,2025-01-03 12:46:00
3289,Client31,Autocall,AAPL,SELL,610000.0,-1.1092831005575867,3.0536172794417187,0.828570875106729,39.81718771371835,1,2025-01-03 12:46:00
4956,Client28,Bonus Certificate,NESN,BUY,280000.0,-3.5497515896117866,7.344878136510434,0.20943906510109556,19.2857374227414,1,2025-01-03 12:46:00
1837,Client01,Autocall,TSLA,BUY,140000.0,0.6389024737259846,-3.819987092945122,0.48262914671542195,46.95245032322564,1,2025-01-03 12:47:00
3201,Client30,Autocall,MSFT,BUY,340000.0,3.158563707832186,-6.247880625049056,1.0931860070488273,20.721236123868735,1,2025-01-03 12:55:00
350,Client23,Autocall,SPX,BUY,620000.0,-0.3492363677962638,-0.572060923482763,0.36276241291518413,5.3718423978598935,1,2025-01-03 12:56:00
4007,Client13,Autocall,AMZN,BUY,830000.0,3.1989900108162375,5.135413754456793,0.27248752613062577,0.15485775924455325,1,2025-01-03 13:07:00
1539,Client22,Tracker,AAPL,SELL,370000.0,2.683129311306489,-1.384529127486923,0.2159540424041718,,1,2025-01-03 13:08:00
1959,Client12,Autocall,AMZN,SELL,490000.0,-0.49779586027341594,-1.568320637193077,0.8443723270948656,49.76806640564306,0,2025-01-03 13:12:00
582,Client15,Bonus Certificate,SPX,SELL,1710000.0,-0.4168508986176515,1.6193700265514535,0.9911960602428543,40.27542612282451,1,2025-01-03 13:17:00
2319,Client20,Autocall,SMI,BUY,520000.0,0.9684785515143656,1.140051492862362,0.10383076896132067,23.139495559976652,0,2025-01-03 13:18:00
2063,Client39,Autocall,TSLA,SELL,210000.0,2.6633396745357736,-4.232492844974137,0.6624380812359493,49.0478303851278,0,2025-01-03 13:18:00
2707,Client34,Autocall,SMI,BUY,1370000.0,2.074298248784225,-2.7572380363119398,0.342002219151918,21.13598178005962,0,2025-01-03 13:19:00
3248,Client38,Autocall,MSFT,SELL,480000.0,1.3541526514351983,-0.5827339566265249,0.22473975186114223,2.36899499525276,0,2025-01-03 13:21:00
4785,Client01,Barrier Reverse Convertible,AMZN,BUY,100000.0,-2.765574182235404,0.48278595908990235,0.39031197898869635,21.05838397511005,0,2025-01-03 13:21:00
1324,Client29,Autocall,NVDA,SELL,380000.0,3.3495921620159606,-0.4446783488253037,0.7417906726212188,10.085997472444097,0,2025-01-03 13:26:00
508,Client18,Barrier Reverse Convertible,TSLA,SELL,1060000.0,1.637891240008593,2.427943499308417,0.34107317173813284,37.89169698811719,0,2025-01-03 13:30:00
4330,Client20,Autocall,NESN,SELL,350000.0,-2.964150394727851,5.5426650357941005,0.20673041900628128,48.760118625701146,0,2025-01-03 13:30:00
833,Client07,Barrier Reverse Convertible,TSLA,BUY,1060000.0,2.1509414317316793,2.6562541674776226,0.7778606346135407,47.90763689024738,1,2025-01-03 13:34:00
1957,Client24,Barrier Reverse Convertible,SMI,BUY,610000.0,-3.886078434322933,1.4558478593312707,0.3120823005191935,3.5477849333164446,1,2025-01-03 13:35:00
832,Client02,Autocall,AAPL,SELL,930000.0,-0.8125560263531756,-5.086309696100042,0.36791116434253085,39.54900617818811,0,2025-01-03 13:36:00
1471,Client31,Autocall,MSFT,BUY,620000.0,0.1596555409831359,-3.3801538577069525,0.8177493116430292,6.060493030989845,1,2025-01-03 13:37:00
481,Client13,Autocall,NVDA,BUY,180000.0,0.19196690366379018,-1.5554958078698364,0.428879773355214,19.203183999114664,0,2025-01-03 13:43:00
4341,Client20,Autocall,NESN,SELL,730000.0,-1.5533376594215367,1.355643735391134,0.6889930791826896,20.233960574992484,1,2025-01-03 13:51:00
1634,Client20,Autocall,MSFT,BUY,410000.0,-1.3619704721422703,1.407017659236633,0.45213165710213143,10.45868059240388,1,2025-01-03 13:55:00
2254,Client08,Autocall,NESN,BUY,180000.0,0.5998913356873816,7.026293984080979,0.2384741648363318,12.992257096424515,1,2025-01-03 13:56:00
3754,Client16,Autocall,SMI,BUY,1040000.0,-0.19558401697469896,0.10552360591321973,0.37154666886679133,8.504414094900431,1,2025-01-03 13:57:00
3944,Client03,Autocall,MSFT,SELL,630000.0,-1.231793589922986,-5.037549627862246,0.23242000809796723,14.547111453975015,0,2025-01-03 13:57:00
2555,Client40,Autocall,AAPL,BUY,320000.0,-2.144932735054427,-2.1619978695448805,0.398546617666661,20.48070348307781,0,2025-01-03 14:01:00
4965,Client25,Bonus Certificate,MSFT,SELL,770000.0,2.064290633725958,-3.187518161515178,0.0748020705760391,12.449569394621573,0,2025-01-03 14:02:00
3963,Client34,Autocall,TSLA,BUY,430000.0,-0.08797644604673216,0.7203402138786987,0.16136407686987628,31.429105434718796,0,2025-01-03 14:03:00
2517,Client03,Autocall,SPX,SELL,550000.0,0.05716442139192708,-0.8359819001286581,0.3798530965022675,27.80649977668273,0,2025-01-03 14:07:00
3639,Client31,Barrier Reverse Convertible,MSFT,SELL,690000.0,0.25942874158920753,-4.313383739532196,0.3009180358017545,43.9788549540319,1,2025-01-03 14:08:00
4478,Client32,Autocall,MSFT,BUY,970000.0,3.1430110017819675,-2.5922046162627597,0.5868313295976186,2.9616767866490976,0,2025-01-03 14:10:00
2870,Client25,Autocall,NVDA,BUY,940000.0,-1.3645297403285706,1.1076999722373202,0.7696103609955708,9.73094469666263,0,2025-01-03 14:11:00
1421,Client28,Autocall,SMI,BUY,1130000.0,1.1175411247996196,-4.548100928439289,0.506792751532894,0.05902433248493044,1,2025-01-03 14:15:00
3212,Client14,Autocall,SMI,BUY,1610000.0,2.5581638578255634,0.8956631758119687,0.6257724755232908,44.95808450722096,1,2025-01-03 14:17:00
1369,Client34,Barrier Reverse Convertible,AAPL,BUY,490000.0,-0.36715554520916055,2.5004068419384184,0.33869278859852964,39.40356991364931,0,2025-01-03 14:22:00
4382,Client16,Autocall,MSFT,BUY,460000.0,-0.837218785524634,0.026728050692403117,0.3408905226057128,49.07538028361266,0,2025-01-03 14:22:00
578,Client02,Reverse Convertible,SPX,BUY,730000.0,-1.3816400176124906,2.0386061775604616,0.3962957620603697,,1,2025-01-03 14:22:00
1383,Client22,Tracker,MSFT,SELL,570000.0,-1.8624775406409924,-0.7556237770442975,0.4954544425898021,,0,2025-01-03 14:23:00
1910,Client28,Tracker,NVDA,SELL,510000.0,-3.559890685021114,-6.977623730120628,0.7554173229398538,,1,2025-01-03 14:25:00
2370,Client10,Autocall,NESN,SELL,560000.0,-2.1470539718805295,3.732543702500296,0.21798724847473197,0.8329445434394345,1,2025-01-03 14:25:00
4614,Client35,Tracker,NESN,BUY,390000.0,-0.25302505700013234,-3.9705467947481794,0.41021692829955825,,0,2025-01-03 14:25:00
261,Client10,Autocall,SPX,BUY,1060000.0,1.6522328991850055,1.9486932379354438,0.6352496488879981,1.0195236522668516,0,2025-01-03 14:34:00
1934,Client34,Autocall,AMZN,BUY,350000.0,-2.928214970165867,-1.2586183364189494,0.4825075470906335,3.705249399516908,1,2025-01-03 14:35:00
279,Client02,Autocall,SMI,SELL,380000.0,3.1417816983546007,2.5561637029786177,0.22105466463137882,23.47355682308132,0,2025-01-03 14:39:00
2721,Client25,Autocall,NVDA,BUY,1190000.0,0.7056532688215187,2.652895368176649,0.3293662254690295,9.745055605732766,0,2025-01-03 14:41:00
614,Client09,Autocall,MSFT,BUY,190000.0,-1.5155042499941997,-2.2596401037178104,0.3112066168593407,18.474003749150032,1,2025-01-03 14:43:00
4922,Client25,Tracker,MSFT,BUY,630000.0,-3.466072966942761,0.8459438927299914,0.17950904079799185,,0,2025-01-03 14:46:00
2861,Client03,Autocall,MSFT,SELL,810000.0,-1.4963638671193074,-2.0909282458929397,0.45263272286220435,28.444107514703404,0,2025-01-03 14:48:00
568,Client07,Autocall,NESN,SELL,390000.0,-1.2524446776870328,-3.553019406577434,0.24042318148533326,47.38426531726147,1,2025-01-03 14:53:00
3485,Client16,Autocall,NESN,BUY,410000.0,3.6169991066108196,1.8190219069528215,0.6334416991885665,33.32634366616295,1,2025-01-03 14:55:00
3710,Client20,Autocall,AMZN,SELL,440000.0,-0.06506681883040757,-0.629456216055714,1.4357816923420939,37.5246988493095,0,2025-01-03 15:02:00
867,Client15,Tracker,NVDA,SELL,2680000.0,0.3057930377992893,-1.6871018872583314,0.4260732434782667,,1,2025-01-03 15:03:00
1642,Client31,Autocall,MSFT,SELL,900000.0,1.045555978316141,-2.163146430333826,0.26855990269851515,47.22150034655772,1,2025-01-03 15:05:00
1512,Client35,Autocall,AMZN,SELL,720000.0,4.034371069680616,-2.467696019663466,0.2921771547625787,34.61575777232367,1,2025-01-03 15:11:00
4192,Client40,Autocall,AAPL,SELL,450000.0,-0.2067527180125894,-2.4476604144337135,0.25606381332151523,42.913737276902324,0,2025-01-03 15:23:00
3006,Client05,Autocall,AAPL,BUY,590000.0,0.18924839052912426,-0.390229674943913,0.26998717176164233,3.7316540102508124,1,2025-01-03 15:25:00
2132,Client28,Barrier Reverse Convertible,SMI,SELL,640000.0,-0.8635989912849945,1.35313174363327,1.0192568268521809,31.852217583901016,0,2025-01-03 15:27:00
2312,Client35,Autocall,NVDA,SELL,300000.0,-2.509648893186124,3.1506000894843247,0.3465920897138249,2.7061636027062965,0,2025-01-03 15:30:00
4362,Client15,Autocall,NVDA,BUY,1170000.0,-1.4767642730023178,-3.784972069233115,0.3625661442129557,19.75441544217257,1,2025-01-03 15:35:00
3593,Client15,Reverse Convertible,SPX,BUY,1200000.0,-0.9381358881811643,-0.31456406710948315,0.3427271825625858,,1,2025-01-03 15:37:00
1258,Client22,Autocall,AMZN,SELL,430000.0,-1.3388542574070084,-3.177755930337831,0.3295069291436871,23.566680286076476,0,2025-01-03 15:37:00
4556,Client16,Autocall,NVDA,SELL,860000.0,2.7572184090853633,0.8508418323194018,0.29081253915114663,35.886951383828894,1,2025-01-03 15:41:00
4867,Client05,Autocall,SMI,SELL,1220000.0,-0.1906341059928783,2.7296232357036305,0.8081225426884373,41.42341491591443,1,2025-01-03 15:46:00
1407,Client28,Autocall,SMI,SELL,470000.0,-3.0318910385170077,-0.3037793572423667,0.7191512208094027,28.95623647436137,0,2025-01-03 15:49:00
3629,Client05,Tracker,SPX,BUY,450000.0,-0.128105461085767,2.7257410751695543,0.2504448302290648,,1,2025-01-03 15:51:00
884,Client01,Barrier Reverse Convertible,TSLA,SELL,260000.0,0.34755760120233403,-3.9706106999306146,0.44020864364860574,31.74020324076936,0,2025-01-03 15:55:00
914,Client15,Autocall,SPX,BUY,1120000.0,5.427213231533634,-3.652721061284184,0.7125918949581249,28.92178848589871,0,2025-01-03 15:59:00
531,Client22,Autocall,SMI,SELL,420000.0,-0.375938162171242,0.6667438077302421,0.1965816943790858,17.598874469817854,1,2025-01-03 16:01:00
4307,Client02,Bonus Certificate,NVDA,BUY,1140000.0,-3.6405654007020054,4.151909850931373,0.7510201788428926,34.97396418304301,0,2025-01-03 16:02:00
3519,Client31,Autocall,TSLA,BUY,630000.0,3.266463250923052,4.919031379144884,0.3721561366227537,9.511236393867994,0,2025-01-03 16:04:00
3235,Client38,Autocall,MSFT,SELL,530000.0,-1.9024527471959465,3.945709250468742,0.34443240075630144,14.916078104505381,0,2025-01-03 16:04:00
1010,Client32,Autocall,AMZN,SELL,890000.0,-1.8767021417102134,-0.13222065445071574,0.4112823586155256,35.78233834471122,0,2025-01-03 16:04:00
1210,Client07,Autocall,SPX,BUY,510000.0,1.4622090848050922,-3.6752754258290214,0.3248282718096834,24.41352779608729,1,2025-01-03 16:13:00
4547,Client16,Bonus Certificate,AMZN,SELL,470000.0,-1.319232896088015,-3.2173005457551014,0.2856462481543083,26.606429013633985,0,2025-01-03 16:15:00
506,Client22,Autocall,AAPL,BUY,310000.0,-1.0502860564990097,3.1455033025253236,1.2465742482754119,26.499865878227563,0,2025-01-03 16:17:00
3708,Client09,Autocall,MSFT,SELL,570000.0,-3.435040708922666,-2.632869180071258,0.24740212140182063,42.4209700105051,1,2025-01-03 16:22:00
4049,Client04,Autocall,AMZN,BUY,910000.0,-0.08613019329798068,4.882049136957789,0.22867683648189754,41.3094666247877,0,2025-01-03 16:25:00
4620,Client35,Autocall,NESN,BUY,470000.0,2.539770590216933,0.8433424101999636,0.29375357014771003,30.466296929516794,0,2025-01-03 16:26:00
4818,Client28,Autocall,MSFT,BUY,360000.0,-0.270369941137134,2.9563118987672032,0.3055915625425427,17.16100575207045,1,2025-01-03 16:27:00
122,Client37,Autocall,MSFT,SELL,910000.0,2.368021843235913,3.7549782644862644,0.20452813260078,22.361338679718596,0,2025-01-03 16:30:00
3257,Client17,Autocall,AAPL,BUY,520000.0,-2.652064302279154,0.38424822912642137,0.4354702008698733,47.74343388050218,0,2025-01-03 16:30:00
1823,Client18,Autocall,AAPL,SELL,850000.0,-2.7620125609342954,-2.304648160148727,0.604589761799463,11.969165585409241,0,2025-01-03 16:33:00
80,Client11,Barrier Reverse Convertible,MSFT,BUY,450000.0,-0.38865885457700317,4.880000971220179,1.7884565440420641,19.436303745277243,0,2025-01-03 16:35:00
151,Client16,Bonus Certificate,SMI,SELL,1080000.0,-2.43781826348843,0.8731781906634912,0.4585008074594562,18.627258952609193,1,2025-01-03 16:39:00
63,Client31,Autocall,AMZN,BUY,270000.0,-0.26764481019574693,-3.6932118620711862,0.34671741051891886,31.6893733508395,1,2025-01-03 16:40:00
2934,Client22,Tracker,MSFT,SELL,520000.0,0.9547794207527223,-1.076644940099966,0.35140717891228634,,0,2025-01-03 16:40:00
2815,Client35,Autocall,AMZN,SELL,360000.0,0.15371623523838723,5.90004017773244,0.5699052030358075,31.361309593390015,0,2025-01-03 16:42:00
1403,Client30,Autocall,NVDA,SELL,1650000.0,1.9765350506262267,-1.6016954595276376,0.2865084141092612,18.407902586285623,1,2025-01-03 16:50:00
3776,Client02,Autocall,MSFT,SELL,850000.0,1.7496127946929347,-0.30513155738082637,0.2151138482379857,38.02328724641368,0,2025-01-03 17:00:00
2297,Client35,Autocall,NESN,BUY,110000.0,1.517585458164893,-2.3208945230634717,0.3729307779584754,45.91288879232295,0,2025-01-03 17:09:00
4944,Client23,Tracker,SMI,BUY,520000.0,2.4433568716472296,0.47869325060969203,0.4019336651960037,,1,2025-01-03 17:10:00
2458,Client28,Autocall,AMZN,SELL,540000.0,-0.9034101860618091,2.516880520116965,0.37925782290893817,15.873837120303413,1,2025-01-03 17:11:00
1867,Client07,Autocall,SPX,BUY,420000.0,-2.2928688242958635,-2.1596349586085273,0.5017439619467555,31.103614924450397,1,2025-01-03 17:12:00
127,Client20,Autocall,TSLA,SELL,320000.0,-4.032490419736833,-5.576542365121415,0.280016349460589,18.068168254036,1,2025-01-03 17:12:00
4718,Client23,Autocall,AMZN,SELL,250000.0,0.3881686335786911,1.5397441851681812,0.7504007241461901,0.17112256013307459,1,2025-01-03 17:13:00
3787,Client18,Tracker,SPX,SELL,1350000.0,-0.4132525156084722,-0.8437735530643866,0.3707364413104691,,0,2025-01-03 17:13:00
4651,Client09,Bonus Certificate,AMZN,SELL,760000.0,2.980770580357246,-5.602524371857112,0.3315402105971309,23.360771582641938,0,2025-01-03 17:18:00
70,Client31,Reverse Convertible,NVDA,BUY,330000.0,0.10825252390159996,3.9420018659670064,0.3784871715926294,,0,2025-01-03 17:18:00
1352,Client22,Bonus Certificate,MSFT,BUY,450000.0,0.7091585381915915,0.481719912171976,0.3665523669056979,4.533151788182133,1,2025-01-03 17:22:00
1375,Client13,Autocall,SMI,BUY,50000.0,0.7153047634557486,0.5696853744176953,0.2816695507926009,14.870231507149445,1,2025-01-03 17:24:00
2434,Client22,Autocall,TSLA,SELL,370000.0,0.04901754738292469,0.6559855974336983,0.24087447551416868,49.222382634888575,1,2025-01-03 17:24:00
1523,Client35,Autocall,SMI,SELL,230000.0,-0.4101878008341948,-2.297741769122331,0.5935594969762751,14.940578225535178,1,2025-01-03 17:25:00
2057,Client40,Autocall,NESN,SELL,250000.0,1.0150962215295383,4.800533079278045,0.5326097888437002,43.169064748578165,0,2025-01-03 17:29:00
370,Client25,Barrier Reverse Convertible,SPX,SELL,910000.0,0.4292362480423797,-0.5955306714570633,0.9747120024636544,24.685585168361275,0,2025-01-03 17:29:00
225,Client20,Autocall,MSFT,SELL,630000.0,0.9858287755377778,6.391087116497854,0.5755367813898161,41.217682577495616,0,2025-01-03 17:34:00
4527,Client11,Autocall,SPX,SELL,670000.0,0.2274191437133812,-1.071405709553539,0.5496205127662616,15.16295922180706,1,2025-01-03 17:35:00
951,Client19,Reverse Convertible,NVDA,BUY,170000.0,-1.1981214704826046,5.31898421996859,0.8721658041890351,,0,2025-01-03 17:38:00
2307,Client02,Reverse Convertible,NVDA,SELL,1010000.0,-2.316363930778404,-0.014120055069830476,0.28883142033124276,,0,2025-01-03 17:39:00
406,Client27,Autocall,TSLA,BUY,410000.0,0.297946193657547,-5.170854908090029,0.33129238322299565,29.241972899440572,0,2025-01-03 17:40:00
4153,Client37,Tracker,MSFT,SELL,410000.0,-1.1034014474332807,0.6249205823839105,0.5623410302976545,,0,2025-01-03 17:48:00
4039,Client33,Autocall,AMZN,BUY,320000.0,-3.214456697078454,1.4105724510667716,0.1581143933376006,12.199862482549989,0,2025-01-03 17:49:00
2348,Client10,Autocall,MSFT,SELL,1340000.0,-2.3784034723848047,0.783702386186099,0.2883180097613566,7.746840912745373,1,2025-01-03 17:50:00
4635,Client34,Autocall,AAPL,BUY,430000.0,0.40101112828144875,-3.310205764425194,0.4877077361185334,5.426141450327737,1,2025-01-03 17:52:00
2023,Client16,Barrier Reverse Convertible,AAPL,SELL,480000.0,-3.049692580845505,0.3031158563786994,0.5476660800080788,20.991004408188495,1,2025-01-03 17:53:00
613,Client24,Autocall,SPX,BUY,820000.0,2.887547143599513,-4.251489036234162,0.2528879802678109,23.75156404358766,1,2025-01-03 17:53:00
2497,Client25,Autocall,TSLA,SELL,580000.0,-2.0864707525315405,1.2608074356679912,0.2893983515892037,15.940577020187707,0,2025-01-03 17:57:00
1198,Client22,Autocall,TSLA,SELL,340000.0,0.2499748402744241,-4.243945344005668,0.2889077068428608,46.59726814512348,0,2025-01-03 17:58:00
4572,Client26,Autocall,SPX,SELL,310000.0,-1.554537750924138,0.5128925898847578,0.4753732538234097,38.77971882786716,1,2025-01-03 17:59:00
1646,Client20,Barrier Reverse Convertible,TSLA,SELL,820000.0,2.1531934703437323,-0.7146435242467797,1.0494564075557116,32.68732044458241,1,2025-01-06 08:01:00
4988,Client38,Reverse Convertible,AMZN,SELL,520000.0,-1.3904815864542013,0.71764180484211,1.3809937782570045,,0,2025-01-06 08:04:00
3450,Client03,Autocall,NVDA,BUY,280000.0,0.8089214475782316,-7.368424693564908,0.3222947589282919,13.248141974114302,0,2025-01-06 08:07:00
1943,Client14,Autocall,SMI,SELL,2330000.0,-0.09047505225850713,-0.343446626916339,0.4194065017390672,23.49734643139766,0,2025-01-06 08:08:00
2900,Client35,Bonus Certificate,NVDA,SELL,560000.0,2.6481212311865328,-1.128628766454606,0.19331973762903404,16.927775618037483,0,2025-01-06 08:09:00
4243,Client11,Barrier Reverse Convertible,AMZN,BUY,380000.0,0.350991321816163,-0.23888786437958753,0.3797452040982505,34.229974682448535,0,2025-01-06 08:12:00
4413,Client34,Autocall,TSLA,BUY,200000.0,-0.4839829298918543,4.976575049941012,0.2803901611990423,47.03251276675542,0,2025-01-06 08:16:00
866,Client34,Bonus Certificate,AAPL,SELL,380000.0,-2.821005991674595,1.284311683288145,0.6210513776566029,12.57539581137223,0,2025-01-06 08:17:00
397,Client12,Reverse Convertible,MSFT,BUY,410000.0,3.305457035359057,-3.2825824786333255,0.1791164008950409,,0,2025-01-06 08:18:00
657,Client34,Autocall,MSFT,BUY,570000.0,-2.230594570821769,-0.06998078420431078,0.3222419142007268,36.25201828394805,1,2025-01-06 08:19:00
347,Client23,Autocall,NESN,SELL,1490000.0,-1.3302832207002315,-0.30375772609007,0.5334352024869897,43.2559537367987,1,2025-01-06 08:22:00
1792,Client25,Autocall,NVDA,SELL,560000.0,-2.5002786914489636,0.4380234562894204,0.3919476750152378,34.508053541453094,0,2025-01-06 08:24:00
643,Client08,Reverse Convertible,NVDA,SELL,580000.0,-2.987714212320516,-3.622873444129624,0.31912789538207753,,1,2025-01-06 08:31:00
436,Client39,Tracker,NVDA,SELL,220000.0,2.3666829002952015,0.919060773028528,1.2315240181008194,,0,2025-01-06 08:31:00
2776,Client34,Barrier Reverse Convertible,SPX,SELL,200000.0,1.6711050952740887,-2.5703470243528974,0.7135222745919905,5.621528761439832,0,2025-01-06 08:37:00
4992,Client02,Bonus Certificate,AMZN,SELL,610000.0,1.8090948663455728,2.3844067062400622,0.40973436371499833,36.86378737392496,0,2025-01-06 08:38:00
4485,Client16,Barrier Reverse Convertible,MSFT,SELL,410000.0,3.084550152524909,0.4941887946697141,0.601004277861507,45.38467806207437,1,2025-01-06 08:39:00
1178,Client10,Bonus Certificate,NESN,SELL,1590000.0,-1.7916734181848892,2.824062667527117,0.4068674360736889,43.566054230597416,0,2025-01-06 08:44:00
801,Client38,Tracker,NVDA,SELL,350000.0,3.7004697813872056,-5.947828421248741,0.8268211224930027,,0,2025-01-06 08:44:00
4500,Client11,Autocall,AAPL,BUY,290000.0,1.0859352232267647,1.2733103855804102,0.5987095314045706,41.11169419251783,0,2025-01-06 08:44:00
3956,Client32,Bonus Certificate,SMI,BUY,1030000.0,-1.0707652860038024,-2.5132727915990873,0.6823370944379423,28.87521615351154,0,2025-01-06 08:46:00
2181,Client11,Reverse Convertible,TSLA,SELL,730000.0,-2.693238899026651,-4.517438779668635,0.4522762637265098,,1,2025-01-06 08:47:00
539,Client18,Autocall,AMZN,BUY,1380000.0,-1.9304244077136508,1.7794796777998627,0.7165359831435912,49.62079601126479,0,2025-01-06 08:49:00
3653,Client40,Barrier Reverse Convertible,AAPL,BUY,640000.0,2.256419338551666,2.1933667008681246,0.3266544541036498,1.42229123589242,0,2025-01-06 08:49:00
244,Client05,Tracker,TSLA,BUY,780000.0,-0.7540988210418468,2.5396860525726095,0.30498259372645375,,0,2025-01-06 08:51:00
2981,Client23,Tracker,NVDA,SELL,220000.0,-2.802573369492231,-6.788408039967731,0.4615298382553854,,1,2025-01-06 09:03:00
1637,Client17,Autocall,AMZN,SELL,510000.0,1.4224233404292734,-1.4167169010992673,0.5845421805600092,24.940745013488634,0,2025-01-06 09:11:00
1145,Client35,Reverse Convertible,TSLA,BUY,280000.0,-3.4868253913731677,-1.3714523802475456,0.4989503328767697,,1,2025-01-06 09:12:00
879,Client10,Autocall,MSFT,SELL,1230000.0,-2.1258639223705624,1.4673809997573022,0.29524568052131095,13.728458967172758,0,2025-01-06 09:15:00
4111,Client08,Autocall,NESN,BUY,200000.0,-1.5881409405701439,4.0948850726545825,0.24189697831244136,33.94431449185122,0,2025-01-06 09:15:00
3187,Client22,Autocall,AAPL,BUY,210000.0,-2.117440820784488,-1.7780290062277326,0.4689576283543859,22.425454023529735,1,2025-01-06 09:18:00
3985,Client19,Reverse Convertible,NESN,BUY,510000.0,2.775547759238246,0.13464190444166005,0.25789252947245644,,1,2025-01-06 09:19:00
1493,Client22,Autocall,NVDA,SELL,510000.0,3.8339058030393254,-3.8399267283740572,0.2654653743241774,38.10969449446685,0,2025-01-06 09:23:00
2092,Client05,Autocall,SMI,SELL,900000.0,-1.0702924996508747,-4.580654217895743,0.9432962074566875,3.016726397048064,0,2025-01-06 09:24:00
2977,Client22,Autocall,NESN,BUY,680000.0,1.081695561908773,0.49506281673418917,0.14438695956379755,10.428267139274954,1,2025-01-06 09:29:00
3057,Client17,Tracker,SMI,BUY,530000.0,0.5092282135657826,-3.1377129886917894,0.7499077242898291,,0,2025-01-06 09:31:00
4310,Client28,Autocall,NESN,SELL,330000.0,-3.5691338917727413,0.547765231263018,0.4826822581646562,40.55124947415624,1,2025-01-06 09:35:00
1233,Client34,Barrier Reverse Convertible,MSFT,BUY,240000.0,-0.5150959039962485,0.009069832634692018,0.2910654747183825,11.835351806160727,0,2025-01-06 09:37:00
4811,Client32,Autocall,SPX,SELL,830000.0,-3.1796636718576217,0.8708522834837265,0.5249957681277522,16.55355650903132,0,2025-01-06 09:40:00
3042,Client28,Reverse Convertible,SPX,BUY,300000.0,1.870315051704619,-4.917014774029514,0.565738855696334,,1,2025-01-06 09:41:00
2499,Client32,Autocall,TSLA,BUY,630000.0,-0.44451895735630376,2.226556487333366,0.34256316823385113,10.611819491385411,0,2025-01-06 09:48:00
15,Client22,Autocall,SMI,SELL,670000.0,-1.0117612870925012,-1.3315030879682759,0.32444833468583745,35.062689735162735,0,2025-01-06 09:49:00
571,Client28,Barrier Reverse Convertible,SPX,BUY,320000.0,-3.953471502378628,-3.247287039484,0.12248743724014292,23.67752103700268,1,2025-01-06 09:58:00
3185,Client03,Autocall,SPX,BUY,490000.0,-4.475586582193825,-1.2229398628644532,0.22437427428320572,30.664563255231403,1,2025-01-06 10:00:00
4868,Client14,Autocall,TSLA,BUY,1780000.0,2.381280089250864,0.642596012381468,0.46495273030982104,3.1176102377061365,1,2025-01-06 10:04:00
4671,Client18,Autocall,TSLA,SELL,1400000.0,-1.4533468819929307,0.10146077696658241,1.0355637492496081,1.9379552835793068,0,2025-01-06 10:05:00
1186,Client35,Reverse Convertible,SPX,SELL,210000.0,3.0350126153714934,-6.320097784429889,0.5510053099410014,,1,2025-01-06 10:07:00
3850,Client22,Autocall,NESN,BUY,630000.0,0.7984003896027602,1.8880635293267556,0.6317560843981238,45.94594850609177,0,2025-01-06 10:11:00
1526,Client20,Autocall,SPX,SELL,220000.0,0.16486001323462832,-1.722076921077635,0.47332363051415055,39.26412570033223,0,2025-01-06 10:18:00
3796,Client35,Autocall,MSFT,SELL,310000.0,1.0305081751376985,4.164565173798475,0.30135037417321103,9.81389437477183,1,2025-01-06 10:18:00
3712,Client22,Autocall,SMI,BUY,360000.0,1.9831230995186315,0.09240780133387293,0.41708967410920755,24.667786186872053,0,2025-01-06 10:23:00
1853,Client34,Autocall,SMI,BUY,290000.0,-2.7178162808621065,2.8759803583528867,0.23227226381453475,36.6930904072268,0,2025-01-06 10:26:00
2259,Client14,Autocall,NESN,BUY,860000.0,-1.5365408434289043,4.131774529266351,0.21462027915127013,49.586028965525244,1,2025-01-06 10:27:00
2367,Client24,Autocall,NVDA,SELL,1020000.0,3.1482814312033396,-5.591362379285991,0.73046294423737,46.79239557107052,1,2025-01-06 10:34:00
3182,Client18,Barrier Reverse Convertible,MSFT,SELL,780000.0,-0.24492785893816046,0.8555145410689655,0.24192741321361397,30.080319534252624,0,2025-01-06 10:34:00
3007,Client24,Autocall,SPX,SELL,1720000.0,-2.8908792471629026,1.1157455223703012,0.9700211807581514,35.54449142489046,1,2025-01-06 10:35:00
4668,Client24,Autocall,AMZN,SELL,720000.0,4.788058297035534,1.2107766992115594,0.3704010503509229,19.507431489859016,0,2025-01-06 10:36:00
1261,Client03,Bonus Certificate,SMI,BUY,900000.0,-2.7034625086622084,3.2275407406057157,0.6076915570465746,22.64997339818319,0,2025-01-06 10:45:00
1602,Client38,Reverse Convertible,SMI,SELL,250000.0,-2.0400501030001528,-0.10784510459332469,1.0958551875186058,,1,2025-01-06 10:45:00
3686,Client05,Autocall,AAPL,SELL,850000.0,-1.6982077308571355,-4.891332810860199,0.4864622031880016,35.21352083142039,0,2025-01-06 10:53:00
3241,Client03,Tracker,NVDA,BUY,940000.0,2.1610788811968558,1.707592444799857,0.3673074427059911,,0,2025-01-06 10:56:00
2196,Client19,Autocall,SMI,BUY,530000.0,2.3317831653337615,-1.84923872440428,0.6187832631287897,19.61434406474946,0,2025-01-06 11:06:00
934,Client28,Autocall,AMZN,SELL,360000.0,0.46043940488934826,-6.998069884536335,0.31178347158099473,21.090543847352127,1,2025-01-06 11:06:00
2754,Client17,Barrier Reverse Convertible,AMZN,BUY,820000.0,2.0046668229930154,1.8410215203135212,0.6342908436707559,8.980338162397794,0,2025-01-06 11:23:00
2061,Client22,Autocall,SMI,BUY,640000.0,1.1779429782196005,0.32301034781565424,0.9432149139368324,48.49060238323739,0,2025-01-06 11:25:00
1094,Client33,Tracker,MSFT,SELL,330000.0,-2.1303537199392815,-3.4907787351206085,0.2503803029776786,,1,2025-01-06 11:27:00
4309,Client20,Barrier Reverse Convertible,MSFT,SELL,310000.0,-0.0715763589138691,1.8881981855010614,0.245330198457723,0.7625138585776348,0,2025-01-06 11:36:00
4473,Client39,Bonus Certificate,NVDA,SELL,500000.0,5.278320263727316,-4.3495192032313845,0.4073772906904844,11.482529499812255,1,2025-01-06 11:42:00
3192,Client31,Autocall,AAPL,BUY,370000.0,-0.06023082354000599,-1.456453588914429,0.8069742677034779,37.79136319294631,1,2025-01-06 11:43:00
1533,Client40,Autocall,SPX,BUY,1130000.0,-3.3951711658187103,4.238654004305039,0.31313343052558534,22.732195732173068,1,2025-01-06 11:46:00
3462,Client02,Bonus Certificate,SPX,BUY,1450000.0,0.6281910072661376,-4.8463913867294615,0.4248006697864013,5.236976528553816,0,2025-01-06 11:46:00
4062,Client34,Reverse Convertible,SPX,BUY,300000.0,1.7156404712499238,1.8920656621965455,0.2976756899098307,,0,2025-01-06 11:47:00
4917,Client12,Reverse Convertible,AAPL,SELL,510000.0,2.6416199278488253,-0.9976289493357969,0.22689779128925947,,0,2025-01-06 11:47:00
155,Client29,Tracker,MSFT,BUY,620000.0,-1.9272016627546624,3.1656844782039273,0.4130351819055609,,1,2025-01-06 11:55:00
2576,Client39,Autocall,NVDA,BUY,150000.0,-3.403826857370331,7.16466576997852,0.20049188234202459,28.833166169170614,1,2025-01-06 11:57:00
4471,Client12,Barrier Reverse Convertible,TSLA,BUY,460000.0,-0.8006121254626798,-0.10364425676628601,0.8391230410442816,16.75539474276247,0,2025-01-06 11:58:00
4599,Client37,Autocall,AAPL,BUY,1170000.0,-2.8015311831117495,3.432786271493341,1.479171956169049,42.23282924244684,1,2025-01-06 12:03:00
3189,Client22,Autocall,AAPL,SELL,450000.0,-0.565164099273614,3.6837294937978493,0.4723074445709606,32.91022326224608,0,2025-01-06 12:05:00
1444,Client22,Barrier Reverse Convertible,MSFT,SELL,360000.0,0.47644983183947476,-4.853806665561855,0.5804900720922945,9.985376095620685,1,2025-01-06 12:07:00
3141,Client22,Bonus Certificate,SPX,SELL,310000.0,-0.8147489090927057,0.10639188925716106,0.473131225097616,42.81150300613502,0,2025-01-06 12:12:00
907,Client16,Autocall,NESN,BUY,580000.0,0.12534182307181646,0.3213094350760927,0.22489936595124133,0.04648568701640654,1,2025-01-06 12:12:00
629,Client04,Autocall,SMI,SELL,580000.0,1.5754974092518779,3.0608744725697696,0.206752662448367,46.925720942803984,0,2025-01-06 12:16:00
718,Client34,Tracker,NVDA,SELL,600000.0,0.5834014701367501,0.2510406723607055,0.5414961104169451,,0,2025-01-06 12:19:00
2112,Client20,Autocall,MSFT,SELL,360000.0,1.8330365866547476,0.3040078288916212,0.6223204385203729,12.412140503874951,1,2025-01-06 12:20:00
662,Client28,Autocall,SPX,BUY,220000.0,0.22058648559132465,2.3586504979912304,0.11984314204797447,33.07891099980434,0,2025-01-06 12:23:00
722,Client14,Barrier Reverse Convertible,NVDA,BUY,1780000.0,1.5845828150942156,-0.6515403706975519,0.39184960893139803,5.797965747941913,1,2025-01-06 12:24:00
1170,Client22,Autocall,NVDA,SELL,470000.0,1.0531221277958116,-2.807907798784524,0.19114378481926184,12.949544817326297,0,2025-01-06 12:27:00
4814,Client20,Autocall,SMI,BUY,240000.0,-2.7210143760998546,-1.1137311013575988,0.308360442517571,45.761711716524154,0,2025-01-06 12:28:00
699,Client26,Autocall,NVDA,BUY,300000.0,0.993410750359073,1.7073050563211898,0.24197652940790754,24.72498659489053,0,2025-01-06 12:30:00
715,Client03,Autocall,SMI,BUY,130000.0,1.9109734729314238,0.33939113285589545,0.17790051390627326,26.274965012550577,1,2025-01-06 12:32:00
1144,Client17,Autocall,AMZN,BUY,1240000.0,2.3055064100641465,3.2843480184164546,0.46692116082544977,5.959599400231413,1,2025-01-06 12:34:00
2901,Client04,Barrier Reverse Convertible,SPX,BUY,300000.0,3.0929215008434205,-3.3812469228287227,0.1949436231466862,42.84925787183976,0,2025-01-06 12:34:00
4461,Client28,Autocall,MSFT,BUY,420000.0,-2.868312766161967,2.481690746987436,0.23007568535329276,11.972448046954948,1,2025-01-06 12:35:00
2669,Client28,Autocall,NVDA,SELL,410000.0,-1.6234411353785092,-0.8706821579150889,0.2790969921113514,41.5986497736117,1,2025-01-06 12:37:00
2217,Client35,Barrier Reverse Convertible,NESN,SELL,510000.0,-3.463921746063403,2.8384681454356233,0.18406048567325825,10.62308282725224,0,2025-01-06 12:38:00
3134,Client17,Autocall,TSLA,BUY,2380000.0,1.7069482891663614,4.742568285356278,0.2987137156875189,15.250881380126458,0,2025-01-06 12:38:00
2015,Client28,Autocall,AAPL,BUY,300000.0,0.48287251408703646,-3.154450967842187,0.32194282552616277,30.620668104507963,0,2025-01-06 12:41:00
3206,Client39,Autocall,MSFT,BUY,570000.0,0.5883006478872843,-0.4715121752052172,0.3324547955548764,18.493687183587394,0,2025-01-06 12:43:00
2390,Client02,Autocall,AMZN,BUY,1010000.0,-0.42690756041433536,-2.5051537700986706,0.4434029016245274,25.876075379889723,1,2025-01-06 12:45:00
2353,Client33,Reverse Convertible,MSFT,BUY,120000.0,4.132753680382604,1.2668320933312118,1.5251512094373794,,1,2025-01-06 12:49:00
2559,Client08,Autocall,AAPL,SELL,390000.0,-0.33067344017211464,0.14766235432228683,0.2100423340022668,20.18144576394654,1,2025-01-06 12:50:00
3096,Client34,Autocall,NESN,SELL,810000.0,-3.0064148311912993,-0.06620129197659337,1.1931281520992318,26.646257050725186,0,2025-01-06 12:50:00
3887,Client37,Autocall,SMI,SELL,270000.0,-1.1470244926642623,1.5844415151435887,0.32991624354511356,20.388631784154466,0,2025-01-06 12:51:00
2906,Client32,Autocall,SPX,BUY,480000.0,-2.144400848264461,1.1520788648823879,0.2782356313156891,3.9920383298747475,1,2025-01-06 13:02:00
3552,Client21,Autocall,SPX,SELL,400000.0,0.19890985203632783,-2.8727004515128547,0.5191793784718296,21.80320410194383,0,2025-01-06 13:04:00
4569,Client34,Autocall,NESN,SELL,450000.0,2.155962768090473,-0.14006995644530773,0.31569351147537267,13.743456351401834,1,2025-01-06 13:05:00
4966,Client35,Reverse Convertible,TSLA,SELL,150000.0,3.0384303460290774,1.644646034895565,0.4840439792978037,,0,2025-01-06 13:08:00
1014,Client27,Autocall,TSLA,SELL,340000.0,-0.6979936158250152,-0.7618011502771999,0.28227018528118003,37.64578554037297,0,2025-01-06 13:09:00
254,Client25,Autocall,AAPL,BUY,980000.0,2.118705211513305,-0.48754759902477895,0.7750740017815803,18.73790079093698,0,2025-01-06 13:10:00
3793,Client04,Autocall,MSFT,BUY,780000.0,0.9807212412363245,2.736918597815216,0.4385907195915676,7.887265953048855,1,2025-01-06 13:11:00
1776,Client17,Autocall,TSLA,SELL,1130000.0,-1.3937743920754737,1.7503501997503077,0.7428836177014165,44.12941692402125,0,2025-01-06 13:11:00
60,Client34,Autocall,NVDA,SELL,420000.0,1.3528658796162116,-0.359686591457367,0.26908052891865303,35.14809730072022,0,2025-01-06 13:12:00
983,Client02,Autocall,NVDA,SELL,610000.0,-2.7306209205530036,2.0308608882135104,0.47290709380130475,24.961516352995883,1,2025-01-06 13:16:00
2302,Client11,Autocall,AMZN,BUY,300000.0,0.3623255003248513,2.69513174546634,0.1909848941557285,9.079712463759066,1,2025-01-06 13:24:00
1915,Client02,Reverse Convertible,SMI,SELL,790000.0,1.3420970038160673,2.464617299049647,0.6015591804585642,,1,2025-01-06 13:31:00
4694,Client38,Autocall,SMI,BUY,700000.0,-1.9398406577625353,1.378318064041491,0.41427011669983566,5.90942705756774,1,2025-01-06 13:34:00
4871,Client35,Bonus Certificate,NESN,BUY,170000.0,3.4722457536063653,-3.0330666827170205,0.5816102767524306,18.897905574236624,0,2025-01-06 13:34:00
3854,Client32,Autocall,NESN,SELL,410000.0,0.09143267623668318,1.7593136472682815,0.4858635769929595,9.877700942897288,0,2025-01-06 13:41:00
1427,Client27,Autocall,AAPL,SELL,260000.0,1.7515207095722976,1.8351227085738362,0.38385703142203675,36.239177672881304,1,2025-01-06 13:45:00
3161,Client05,Barrier Reverse Convertible,MSFT,SELL,670000.0,0.3879573558878712,-1.1510525682010249,0.3346541684017338,1.1271720918313466,1,2025-01-06 13:46:00
2027,Client35,Bonus Certificate,NVDA,BUY,490000.0,-2.230398520312145,-5.971446652116482,0.7382712784504281,42.62468169227555,0,2025-01-06 13:48:00
1661,Client23,Autocall,NESN,BUY,790000.0,-0.5066473354882953,-1.7728593870832574,0.7770243039466129,10.563771675849342,1,2025-01-06 13:50:00
3740,Client10,Bonus Certificate,SPX,SELL,910000.0,0.7690840057275383,-5.05458428642803,0.726934473989258,7.929912249318027,1,2025-01-06 13:53:00
931,Client01,Autocall,MSFT,BUY,220000.0,3.389400507773141,-0.46978003040806016,0.24885422142346642,45.029829696443954,1,2025-01-06 13:55:00
2573,Client13,Autocall,AMZN,BUY,230000.0,2.5321312384886028,-0.7017103152857855,0.5999886909275447,40.92669891663244,0,2025-01-06 13:59:00
2805,Client32,Barrier Reverse Convertible,AMZN,BUY,470000.0,2.9113641069133225,-1.4072152563490152,0.37851045102805336,17.369508616667655,1,2025-01-06 13:59:00
4684,Client38,Autocall,AMZN,SELL,320000.0,-4.375794943021406,-1.9073747995856725,0.2039105423073026,2.563307074271348,0,2025-01-06 14:00:00
1675,Client16,Autocall,SPX,BUY,1090000.0,-0.2798619608054276,-2.9575610754634964,0.5862398213236136,27.239370941728186,0,2025-01-06 14:03:00
864,Client09,Barrier Reverse Convertible,AMZN,SELL,580000.0,0.9771698968017279,1.4624918447300257,0.5071228903900817,44.503450935986045,0,2025-01-06 14:09:00
2946,Client24,Autocall,NVDA,BUY,730000.0,-3.966115100335313,0.5758908603342596,1.5234076123753246,17.127519873287017,0,2025-01-06 14:12:00
1143,Client26,Tracker,SPX,SELL,660000.0,-0.43385997521946723,2.058361218887584,0.9282243815486559,,0,2025-01-06 14:12:00
892,Client13,Bonus Certificate,AMZN,BUY,390000.0,1.404049826852946,1.2188735744013706,0.28695945004006407,17.320191265598407,0,2025-01-06 14:15:00
1779,Client08,Autocall,AAPL,SELL,190000.0,0.5457020548759848,-1.4098091259776622,0.4242161267521762,11.246992151806017,1,2025-01-06 14:21:00
1197,Client36,Autocall,SPX,BUY,1200000.0,-1.2188900473427275,0.36992639468738925,0.17586171779659124,8.072700990156733,0,2025-01-06 14:22:00
4200,Client01,Autocall,SMI,BUY,170000.0,-0.27787680007803905,1.0418454995731365,0.21533027098658047,32.5518653803098,0,2025-01-06 14:25:00
2085,Client28,Barrier Reverse Convertible,NESN,BUY,470000.0,0.17805817006193134,-1.029642430842582,0.6841850414461181,20.214106349852646,0,2025-01-06 14:26:00
2620,Client18,Autocall,NESN,SELL,690000.0,0.1447810646084282,2.5442893073256867,0.646361997487178,47.80612638789028,1,2025-01-06 14:37:00
1589,Client08,Barrier Reverse Convertible,AAPL,BUY,240000.0,0.1322125614772115,-3.2057676625771387,0.297262405046369,26.387834341363774,1,2025-01-06 14:38:00
1146,Client32,Autocall,NESN,BUY,1140000.0,1.9841059736916462,1.7105776775918928,0.37129052754956837,26.942311282299276,0,2025-01-06 14:44:00
2172,Client17,Autocall,TSLA,BUY,1420000.0,-0.3427035495769512,0.412332937302744,0.3673982745481801,11.694630778685083,0,2025-01-06 14:47:00
4249,Client05,Autocall,NVDA,BUY,500000.0,0.3479642515456505,-4.467817276436251,0.7192635979460203,33.127301306107455,0,2025-01-06 14:48:00
1040,Client28,Bonus Certificate,NVDA,BUY,460000.0,0.27973010056116987,-0.3648164482332835,0.29684314783898935,19.465635320606285,1,2025-01-06 14:48:00
1411,Client28,Barrier Reverse Convertible,AAPL,BUY,260000.0,0.7316330561538537,-1.3161494402299474,0.3704217095898082,42.921341262835874,1,2025-01-06 14:54:00
361,Client23,Reverse Convertible,SMI,SELL,160000.0,0.6942472456373721,-3.5888524349253315,0.5647063218252381,,1,2025-01-06 15:02:00
2280,Client03,Barrier Reverse Convertible,MSFT,BUY,800000.0,-0.16923070603724108,4.82382683186753,0.39542726618091883,2.8482321961522947,0,2025-01-06 15:03:00
4796,Client02,Autocall,SMI,SELL,830000.0,2.191053017575969,-4.002838201800656,0.46258762661915176,16.327823198009046,0,2025-01-06 15:09:00
4771,Client18,Autocall,MSFT,SELL,1250000.0,-0.7157733935259651,1.36645906361501,0.324119874032153,44.55793314748795,1,2025-01-06 15:13:00
2594,Client30,Autocall,AAPL,BUY,480000.0,1.7249049008355442,-5.380681593439399,0.4666692931925295,31.529322184800023,0,2025-01-06 15:14:00
1184,Client33,Autocall,AAPL,BUY,240000.0,-0.004122852387433096,-3.5226605052495317,0.40943500832077906,0.07792119700248401,0,2025-01-06 15:15:00
4714,Client17,Tracker,TSLA,BUY,890000.0,0.9968723296159904,-2.706490340978133,0.43798984930955337,,0,2025-01-06 15:16:00
2004,Client23,Barrier Reverse Convertible,SPX,BUY,590000.0,2.9413170927542125,-4.953708914465996,0.23910415080204578,42.247117423534945,1,2025-01-06 15:18:00
86,Client28,Autocall,TSLA,BUY,220000.0,3.308241215004292,3.034866975448189,0.2059808696057116,40.12574124458392,1,2025-01-06 15:27:00
1914,Client19,Autocall,SMI,SELL,450000.0,-3.4070931414508925,-0.21123487646800265,0.23653349875650595,5.53891008291521,1,2025-01-06 15:28:00
331,Client28,Autocall,AAPL,BUY,780000.0,2.2548347109062927,5.17197178077807,0.12238304883992367,30.26834912641866,1,2025-01-06 15:30:00
440,Client22,Barrier Reverse Convertible,SPX,SELL,370000.0,0.0727503120124969,0.3838081312246423,0.6509967485422318,8.103200694312186,0,2025-01-06 15:32:00
2998,Client35,Bonus Certificate,SPX,BUY,230000.0,1.5739829849253135,1.227782056084673,0.3717237779779961,29.98064985426911,0,2025-01-06 15:33:00
1593,Client33,Autocall,AAPL,SELL,240000.0,0.40244846165856885,-1.5681461942049137,0.7651447614878559,46.489940396819776,0,2025-01-06 15:41:00
3918,Client34,Autocall,AAPL,BUY,650000.0,-0.008516354409528267,2.533603925881941,0.47240555185687466,18.334978559283932,1,2025-01-06 15:42:00
1772,Client04,Bonus Certificate,NVDA,SELL,790000.0,-1.483544747222229,4.636134635398971,0.8893870273705208,45.66235825323011,0,2025-01-06 15:45:00
3778,Client05,Autocall,NESN,SELL,580000.0,-0.7615041563753661,-3.9753734032989234,0.23105689060361106,3.7912501088490314,1,2025-01-06 15:46:00
921,Client02,Autocall,AAPL,BUY,610000.0,3.377267546414514,0.532611135056488,0.3000266696118673,15.163827345160929,1,2025-01-06 15:47:00
3634,Client40,Autocall,AMZN,BUY,660000.0,-1.0976956733600978,-2.356580769660562,0.44077562581507745,35.888574136817184,0,2025-01-06 15:48:00
3937,Client21,Reverse Convertible,AAPL,SELL,330000.0,-0.8427014474036263,-5.4810647099309096,0.3719797107461192,,0,2025-01-06 15:53:00
549,Client13,Autocall,AMZN,SELL,190000.0,4.916244258144645,1.3818401854391231,0.5502032499457182,33.50200360091562,0,2025-01-06 15:56:00
1378,Client16,Autocall,AMZN,BUY,540000.0,0.03383484582796104,1.3955681256899544,0.34480532715623713,40.5122821900336,1,2025-01-06 15:58:00
3568,Client31,Tracker,NVDA,SELL,480000.0,-1.1734995508753328,2.2131139953645875,0.25571001950366656,,0,2025-01-06 15:59:00
2997,Client05,Autocall,NVDA,BUY,320000.0,-4.7853364154676985,0.19297354705159006,0.39176628499347077,40.26490358804007,1,2025-01-06 16:01:00
141,Client25,Autocall,AAPL,SELL,1490000.0,2.740841374807623,0.629165282340068,0.6025739659067021,23.297450287905626,1,2025-01-06 16:02:00
2368,Client25,Autocall,TSLA,SELL,920000.0,-3.2274142214427934,3.9361732894618955,0.3980847456294156,39.85134849922519,0,2025-01-06 16:03:00
2578,Client35,Autocall,SPX,BUY,580000.0,-1.5033119381806823,0.5577314609728548,0.7896757743543654,29.435861397421263,0,2025-01-06 16:03:00
865,Client13,Autocall,AMZN,SELL,400000.0,-2.078579550635522,-0.4847142381537997,0.4628137424760411,29.709504624174016,0,2025-01-06 16:05:00
4990,Client25,Autocall,SPX,BUY,380000.0,-1.1740301297419224,-2.6880546452257716,0.34547613805419425,44.529142939828255,1,2025-01-06 16:08:00
4154,Client16,Autocall,AMZN,SELL,350000.0,0.9698072447470423,-4.304540829205984,0.40653667522563036,22.531491837280115,0,2025-01-06 16:12:00
1813,Client01,Barrier Reverse Convertible,MSFT,BUY,130000.0,0.1803900527071322,3.1859554120106983,0.7139856717045837,15.217991807437892,0,2025-01-06 16:14:00
452,Client05,Bonus Certificate,MSFT,SELL,340000.0,-3.1068598835941983,-0.7588121018743819,0.6209579742069177,1.5254418669507719,1,2025-01-06 16:16:00
1508,Client13,Tracker,NVDA,BUY,220000.0,-0.2120392932199966,-1.9845346345094188,0.3082906029403263,,0,2025-01-06 16:20:00
1590,Client09,Reverse Convertible,NESN,BUY,1180000.0,-0.7465844057925936,-2.3007270769032457,0.18772436825629363,,0,2025-01-06 16:22:00
277,Client05,Autocall,NVDA,BUY,1870000.0,-0.3955366339720544,4.1263093206569055,0.6880626548383767,44.7918845252711,1,2025-01-06 16:22:00
1347,Client16,Autocall,AAPL,BUY,350000.0,1.0032903467326564,0.956465668432873,0.9354855026964867,40.00475616597497,0,2025-01-06 16:23:00
1676,Client18,Autocall,AAPL,BUY,1560000.0,3.430952978577259,4.20808716877977,0.3921860558167761,1.5846842574216369,0,2025-01-06 16:25:00
3162,Client12,Autocall,NVDA,SELL,220000.0,-1.5783961193946714,2.2048192340874735,0.2704792243809663,21.822863875082604,0,2025-01-06 16:26:00
2600,Client40,Barrier Reverse Convertible,AMZN,BUY,430000.0,1.0438218018070133,-2.4124403352375925,0.365733199969084,27.32816608164797,1,2025-01-06 16:26:00
2708,Client33,Autocall,NESN,BUY,80000.0,-0.019614064707676796,-0.7501207703199276,0.5738996265850587,27.298619881633794,1,2025-01-06 16:27:00
3539,Client25,Bonus Certificate,SMI,SELL,1850000.0,3.171015042366633,-7.679033269240833,0.7055136662980479,20.61255246511718,0,2025-01-06 16:28:00
1655,Client34,Autocall,SMI,SELL,1070000.0,-0.612084908233458,0.9102736322248227,1.3365533012725095,45.49251655476479,1,2025-01-06 16:31:00
1366,Client37,Autocall,AMZN,SELL,680000.0,1.8338561276530247,2.802332541408531,0.2605797352014666,35.343459042261685,0,2025-01-06 16:40:00
1858,Client09,Autocall,NESN,BUY,1040000.0,2.2394209864840544,5.797291295477288,0.24667431029998171,0.4469042524497757,0,2025-01-06 16:44:00
1385,Client10,Autocall,AAPL,SELL,1250000.0,-0.17233506406925672,-0.22109261795322194,0.5079267954969714,48.41355556797014,0,2025-01-06 16:44:00
2678,Client24,Autocall,SMI,SELL,760000.0,0.7012612159334041,0.9268299687356469,0.36733294312659803,39.282757861478544,0,2025-01-06 16:46:00
1235,Client35,Autocall,SMI,SELL,260000.0,2.881812785270445,4.332022138566165,0.28875659588449687,31.641776721883915,1,2025-01-06 16:48:00
95,Client35,Tracker,TSLA,BUY,330000.0,4.0475048312691495,-0.6934543410289462,0.17605905645451095,,1,2025-01-06 16:54:00
2766,Client13,Autocall,SPX,BUY,490000.0,3.2356626305943057,-1.0198336810721247,0.5380793517782824,33.14324406731615,1,2025-01-06 16:55:00
3275,Client08,Autocall,AAPL,SELL,520000.0,3.3420017296273974,-0.7432938020239355,0.4567632683537435,31.88762756655144,1,2025-01-06 17:01:00
1964,Client20,Autocall,TSLA,BUY,250000.0,-2.6476104795579753,3.088549203437161,0.38828228078938937,4.1137399393041285,0,2025-01-06 17:02:00
1946,Client34,Autocall,TSLA,BUY,440000.0,-1.2831632464547618,-1.2461659252817778,0.6245425883436291,32.69962174833723,0,2025-01-06 17:04:00
2964,Client13,Autocall,SPX,SELL,310000.0,-0.2746896556802898,1.0150404584701653,0.21781627557493194,29.436321192809125,1,2025-01-06 17:04:00
4756,Client34,Autocall,AAPL,BUY,380000.0,-0.7248519709566333,-0.7222102769453422,0.3221850236557893,46.626448374664285,0,2025-01-06 17:04:00
1610,Client19,Reverse Convertible,NVDA,SELL,680000.0,2.547296889614432,-5.617307892433356,0.22157673378929624,,0,2025-01-06 17:06:00
213,Client09,Autocall,AAPL,BUY,330000.0,2.5490892055943246,3.759722425020226,0.4105811101404949,30.38131407803948,1,2025-01-06 17:07:00
4025,Client02,Autocall,NESN,SELL,760000.0,1.6735105614848456,-1.4551692275983956,0.4332536969684312,43.08074779354541,1,2025-01-06 17:09:00
1300,Client29,Bonus Certificate,MSFT,SELL,440000.0,3.6369543409949863,1.8532121589250046,0.22017629327959395,32.11125167484512,1,2025-01-06 17:12:00
4248,Client02,Autocall,SPX,SELL,1700000.0,0.03417356161122748,-4.281180720613272,0.8459943961576064,32.7093932307483,0,2025-01-06 17:13:00
1605,Client32,Barrier Reverse Convertible,AMZN,SELL,400000.0,3.5656812979035117,-4.404536901718193,0.43736508555182124,0.41286484052418526,0,2025-01-06 17:15:00
1911,Client17,Autocall,NVDA,BUY,1160000.0,3.336278940864693,-0.7318868325295589,0.2931369484905622,34.1487574180062,1,2025-01-06 17:15:00
1701,Client34,Autocall,SMI,SELL,600000.0,1.0695859633097895,3.3482619131304348,0.5507815464550008,49.714375444316104,0,2025-01-06 17:18:00
1358,Client40,Autocall,SMI,SELL,270000.0,-0.16312402639073365,0.029907636007626113,0.19742853968518365,30.944647035193874,0,2025-01-06 17:20:00
3125,Client10,Autocall,AMZN,SELL,2040000.0,-1.4467396072976502,4.744428035166738,0.20557593512712113,23.1514760002149,0,2025-01-06 17:21:00
4193,Client31,Tracker,SPX,SELL,480000.0,-2.7740723733925443,-1.8667481710151073,0.2101860199312667,,1,2025-01-06 17:23:00
1699,Client25,Autocall,NVDA,BUY,460000.0,-1.4319778934255878,-1.310540089552402,0.3123587517941224,33.211809201387396,1,2025-01-06 17:27:00
733,Client34,Autocall,AAPL,BUY,230000.0,-1.997331315572492,-1.5417201612758418,0.13068877141131552,29.78377016353283,0,2025-01-06 17:27:00
3220,Client20,Barrier Reverse Convertible,TSLA,SELL,560000.0,0.8664974827336998,1.8338362307695557,0.5473463454860361,31.242625294353527,0,2025-01-06 17:32:00
909,Client20,Tracker,NVDA,BUY,560000.0,2.909608373716133,-3.8047098415560088,0.12295676694866135,,1,2025-01-06 17:35:00
1331,Client35,Autocall,MSFT,BUY,560000.0,-0.2219400468413698,-5.460306856053812,0.5062598324477985,11.901966475038744,0,2025-01-06 17:36:00
1794,Client11,Autocall,AAPL,SELL,280000.0,4.527492905744657,-4.05401863936786,0.2642064095241804,34.69742802297133,1,2025-01-06 17:39:00
3089,Client02,Barrier Reverse Convertible,AAPL,SELL,1150000.0,-2.061735564181456,0.03572884309143406,0.2561679805931829,39.57775197528626,0,2025-01-06 17:40:00
2503,Client37,Autocall,SMI,BUY,270000.0,-0.9373694449367842,2.4342533077166113,0.32319754343542345,34.19516072563816,1,2025-01-06 17:41:00
1606,Client15,Autocall,TSLA,BUY,860000.0,1.0862682074198868,-2.236401513557192,0.4597639336716969,32.17908675689785,1,2025-01-06 17:42:00
313,Client26,Autocall,SMI,SELL,270000.0,-2.681194799213826,-3.864756404741886,0.5384156625855987,39.40721925957534,1,2025-01-06 17:42:00
3551,Client34,Autocall,MSFT,BUY,770000.0,-0.80662490774035,-2.189947678462794,0.23809656792520245,7.566988439858058,1,2025-01-06 17:43:00
145,Client36,Autocall,MSFT,BUY,1980000.0,3.29702050266499,2.833138119924855,0.584586888373939,35.791064270919854,0,2025-01-06 17:51:00
3989,Client30,Autocall,TSLA,BUY,240000.0,2.047932901660073,0.7052838972184533,0.5499305060469133,29.619305303848893,0,2025-01-07 08:01:00
3490,Client18,Reverse Convertible,AAPL,BUY,3380000.0,2.0792236129959916,3.243999016201415,0.5345122371298879,,1,2025-01-07 08:01:00
1983,Client14,Autocall,TSLA,BUY,650000.0,1.2440246451382084,2.4045702874606256,0.3508806875137933,48.952440941124586,0,2025-01-07 08:05:00
236,Client13,Autocall,SMI,SELL,120000.0,-0.3786814748033671,0.8383337547145782,0.575291984063596,40.40651798050652,1,2025-01-07 08:10:00
3791,Client10,Autocall,SMI,BUY,1570000.0,1.4939880904052258,-5.015446743124322,0.35353577086731147,35.51766831110624,1,2025-01-07 08:11:00
819,Client24,Barrier Reverse Convertible,TSLA,BUY,660000.0,0.3082885227960707,-2.317900663179902,0.23754799601346163,7.600819211808762,1,2025-01-07 08:13:00
1686,Client40,Autocall,MSFT,BUY,330000.0,-2.442961142007013,1.0408982763846937,0.25133405254472785,38.579286457813275,1,2025-01-07 08:14:00
956,Client18,Tracker,AAPL,SELL,3510000.0,-2.7386502968358704,-0.5338918834347602,0.31342738391731945,,0,2025-01-07 08:16:00
4991,Client27,Reverse Convertible,AAPL,BUY,420000.0,0.354170613102285,1.002511411508911,0.3777544125821687,,0,2025-01-07 08:16:00
2003,Client21,Bonus Certificate,MSFT,BUY,250000.0,-0.6043744798609828,1.507887163428776,0.8089277099857086,31.465931264343045,0,2025-01-07 08:18:00
1253,Client21,Autocall,NVDA,BUY,210000.0,4.127572904574137,-0.36621041408051613,0.6230086496264567,34.80861117450826,0,2025-01-07 08:19:00
2466,Client34,Reverse Convertible,SMI,SELL,510000.0,-1.66731375400226,-1.5277336970763145,0.4535401520344718,,1,2025-01-07 08:19:00
172,Client09,Tracker,MSFT,BUY,670000.0,-1.929843317833392,-2.590297114104392,0.2782111849138737,,0,2025-01-07 08:19:00
4141,Client38,Tracker,AMZN,SELL,600000.0,-0.3768381287161631,-0.9613743473003997,0.3215638409447647,,0,2025-01-07 08:28:00
3364,Client31,Autocall,SPX,SELL,350000.0,-2.8769287743209317,-2.4282674708686747,1.1816285053188296,9.465936630775662,1,2025-01-07 08:30:00
378,Client12,Autocall,TSLA,SELL,390000.0,1.4045209338341589,1.4348105793038466,0.4114449416267169,0.2849917589817341,0,2025-01-07 08:31:00
3359,Client34,Tracker,AMZN,BUY,420000.0,-1.011398497119918,-4.364621403380345,0.28298891798370523,,0,2025-01-07 08:36:00
1889,Client20,Barrier Reverse Convertible,AMZN,SELL,250000.0,-0.8847775444553068,-1.2982933519610154,0.5440405702603347,47.43670586822898,0,2025-01-07 08:36:00
3646,Client13,Bonus Certificate,TSLA,SELL,260000.0,-1.9356163518507499,1.627633013528797,0.3647682893535042,7.918240317774483,0,2025-01-07 08:40:00
376,Client12,Bonus Certificate,TSLA,SELL,330000.0,-2.573682236937267,-2.111150285244401,0.4155791874263431,34.65864015280675,0,2025-01-07 08:40:00
3143,Client37,Bonus Certificate,NVDA,SELL,1330000.0,3.4959863252973515,-1.5991600012070148,0.24434481209391615,20.38747753054367,0,2025-01-07 08:40:00
2753,Client17,Barrier Reverse Convertible,MSFT,SELL,1080000.0,1.0589478089208042,-3.4141649213599727,0.563428192252062,19.597895307864334,1,2025-01-07 08:41:00
4892,Client04,Autocall,NVDA,SELL,580000.0,-0.8022258417908179,0.9339386273417372,0.23152215878233265,13.059263084933608,0,2025-01-07 08:44:00
2957,Client16,Autocall,SPX,BUY,620000.0,0.5139239762172688,0.9508976204525618,0.4629795599564875,47.90743589569407,0,2025-01-07 08:44:00
4682,Client18,Autocall,TSLA,SELL,1270000.0,-0.5176141343677647,3.260495122676186,0.22181136337320345,2.624601660254011,1,2025-01-07 08:44:00
2839,Client13,Autocall,NESN,SELL,310000.0,1.456716726561776,-1.8124274151533404,0.10500111601453818,14.98031564866536,1,2025-01-07 08:45:00
3952,Client33,Autocall,NVDA,SELL,610000.0,1.9217823416640234,-1.3212019803603867,0.2297944212815185,14.570475208576422,1,2025-01-07 08:46:00
2761,Client01,Autocall,AMZN,BUY,160000.0,-2.4455859624002745,6.773642676160051,0.3690606015658768,30.407043564626356,1,2025-01-07 08:54:00
4778,Client06,Barrier Reverse Convertible,NVDA,SELL,1910000.0,2.5794107387524075,-5.92317070198889,0.19012286566535525,11.915474052803177,1,2025-01-07 08:56:00
2045,Client18,Reverse Convertible,SPX,BUY,1260000.0,1.280639326196809,-1.0708392544426166,0.6687989720617133,,0,2025-01-07 08:59:00
4734,Client22,Reverse Convertible,NVDA,SELL,520000.0,-2.3936688637908157,-0.5690977117622404,0.6574173143727217,,0,2025-01-07 08:59:00
4189,Client11,Autocall,NESN,BUY,770000.0,2.44740955596133,3.442647211570492,0.24796140549337195,34.664521250066564,1,2025-01-07 09:01:00
1932,Client14,Autocall,SPX,BUY,2520000.0,2.917079438722067,8.155253901461295,0.44929053256501755,37.09149142238438,1,2025-01-07 09:01:00
3075,Client09,Reverse Convertible,NESN,SELL,510000.0,0.4005292590454837,1.2924800053230265,0.2014125192799327,,1,2025-01-07 09:05:00
1207,Client38,Tracker,AMZN,BUY,430000.0,-0.5019913449265845,6.600982378272519,0.26848139680642535,,1,2025-01-07 09:07:00
1723,Client05,Bonus Certificate,SPX,BUY,850000.0,0.6627632109909013,2.966867646645086,0.6245497158794301,8.094406311062663,1,2025-01-07 09:09:00
4423,Client06,Autocall,AAPL,SELL,2240000.0,-0.5693486371908433,-2.1696354467743095,0.1755685984456615,39.43166186662086,1,2025-01-07 09:11:00
1162,Client15,Reverse Convertible,SMI,BUY,2180000.0,1.8519215900817312,-0.6110742351303564,0.43354286555186866,,0,2025-01-07 09:13:00
4898,Client02,Reverse Convertible,AMZN,BUY,900000.0,-0.2944911439455144,-1.0428242802640009,0.42870228516436154,,0,2025-01-07 09:13:00
3726,Client08,Tracker,SPX,BUY,380000.0,0.1501677022479631,-2.735052077354234,0.6841521181786618,,0,2025-01-07 09:16:00
4759,Client35,Tracker,SPX,SELL,160000.0,0.534094738374308,1.0093852470372264,1.273357116373949,,1,2025-01-07 09:18:00
719,Client11,Barrier Reverse Convertible,TSLA,SELL,300000.0,3.5466252017366333,2.6791556091525353,1.1525882736448236,0.3737306209292246,0,2025-01-07 09:19:00
652,Client20,Autocall,NESN,BUY,510000.0,2.1713677706380916,-2.826234778451005,0.442668113779672,15.782085640619936,0,2025-01-07 09:20:00
3823,Client08,Bonus Certificate,SMI,BUY,450000.0,2.5354296873825377,-3.029874245026873,0.31748251758743845,16.89020760463303,1,2025-01-07 09:21:00
4667,Client23,Reverse Convertible,AAPL,SELL,1890000.0,-1.1518847756592165,2.069823976050107,0.17336975272774827,,1,2025-01-07 09:22:00
3648,Client05,Tracker,NESN,BUY,440000.0,-0.182195613790432,2.810572906311773,0.44778602758851455,,0,2025-01-07 09:24:00
4306,Client12,Autocall,TSLA,BUY,350000.0,-0.313794882964022,-1.4490510460348038,0.3719096243989212,15.398729896208053,0,2025-01-07 09:29:00
2975,Client08,Autocall,NVDA,SELL,210000.0,0.007642637707377795,-2.1200685900252734,0.39324844768690603,48.051885667587676,1,2025-01-07 09:32:00
4260,Client17,Tracker,AAPL,SELL,1230000.0,-1.6921251384490132,-1.4541397678145873,0.860397893523246,,1,2025-01-07 09:32:00
1663,Client03,Tracker,MSFT,BUY,540000.0,-3.3192351578309514,0.010064188014702956,0.2311095777187484,,0,2025-01-07 09:33:00
284,Client12,Autocall,NVDA,SELL,550000.0,3.2694718912647738,1.958009673371871,0.5262163874950653,15.83750538254549,1,2025-01-07 09:37:00
4539,Client22,Autocall,NESN,BUY,580000.0,1.8025006149396021,-1.5172742487689193,0.6500724639422246,13.574133597026893,1,2025-01-07 09:44:00
683,Client35,Autocall,SPX,SELL,820000.0,-0.5251579365576556,-0.8501744435105253,0.6514468010929721,45.57742604188643,0,2025-01-07 09:51:00
1015,Client24,Autocall,TSLA,BUY,1310000.0,1.0927581750669952,0.5217805525306437,0.34812514271102796,33.8595310080655,0,2025-01-07 09:52:00
1580,Client03,Autocall,SPX,SELL,600000.0,1.3348084918751264,2.9618515896495357,0.45329925126799075,41.56448697559503,0,2025-01-07 09:53:00
2670,Client33,Autocall,SPX,SELL,200000.0,1.0066540762338991,1.2797802067075557,0.38959109376915696,14.557904108309256,0,2025-01-07 09:56:00
1050,Client16,Barrier Reverse Convertible,NVDA,BUY,430000.0,-2.979798969021379,-2.0472578257855147,0.4653996941424973,4.344717588742447,1,2025-01-07 09:57:00
3534,Client05,Tracker,NVDA,BUY,1000000.0,-2.367103221985885,-4.84633569573459,0.5366390308019787,,1,2025-01-07 09:59:00
4234,Client12,Autocall,AMZN,BUY,470000.0,0.9919423316027857,3.0707952894610586,0.4511449266527912,15.53315879697621,0,2025-01-07 10:00:00
1222,Client25,Autocall,SMI,BUY,710000.0,1.5807218567612318,5.544564788211473,0.7708659824675923,12.881127546270877,1,2025-01-07 10:00:00
4095,Client31,Autocall,AAPL,BUY,740000.0,-0.03252011157569588,-0.08688994387891952,0.4189868504052408,14.719290536779672,0,2025-01-07 10:00:00
3083,Client13,Autocall,TSLA,SELL,250000.0,1.7340627457535915,-0.13241528400256683,0.32863741231763205,11.72595317036892,1,2025-01-07 10:06:00
2836,Client22,Bonus Certificate,AMZN,SELL,390000.0,-2.8878232475679466,2.2142871278754765,0.6186689115449546,49.335002804196684,0,2025-01-07 10:06:00
3913,Client35,Autocall,SMI,BUY,230000.0,-1.2651242796507471,1.0781948685591458,0.1778678231792044,8.281879428457122,1,2025-01-07 10:08:00
3223,Client28,Reverse Convertible,NVDA,SELL,530000.0,-1.332620015608238,0.1271815659710879,0.32242031287582573,,0,2025-01-07 10:09:00
1975,Client09,Autocall,SPX,BUY,440000.0,-3.2380178884210924,-1.0934579486288807,0.2815454593278277,43.23442017669219,0,2025-01-07 10:11:00
3744,Client34,Barrier Reverse Convertible,SMI,SELL,530000.0,-0.20560831668439875,-3.9238715708536365,0.4519343951766616,16.85437628262735,0,2025-01-07 10:12:00
693,Client22,Bonus Certificate,NESN,BUY,260000.0,-0.1017040369516982,-1.5434205797344895,0.3154684966609522,2.685786157758158,0,2025-01-07 10:13:00
2541,Client27,Reverse Convertible,NVDA,BUY,360000.0,0.6576476601299376,-2.959799587197203,0.3671840539956412,,0,2025-01-07 10:18:00
2028,Client20,Bonus Certificate,SPX,BUY,970000.0,-1.3903061514641057,1.2979923987902537,0.6676743372422345,11.143608745498824,1,2025-01-07 10:21:00
3784,Client27,Barrier Reverse Convertible,TSLA,BUY,330000.0,0.5299069566616864,-7.304104345445157,0.25120643338564824,33.31942454204116,1,2025-01-07 10:22:00
3713,Client31,Autocall,SPX,BUY,470000.0,-3.756805704829958,1.287367229267167,0.10071382007626978,4.84155254040271,1,2025-01-07 10:29:00
3313,Client31,Reverse Convertible,TSLA,BUY,380000.0,-3.2799294647806354,-5.814073091690215,0.20721223972161476,,0,2025-01-07 10:31:00
2048,Client26,Autocall,NESN,BUY,410000.0,-5.288732931215027,0.5928170567382739,0.27078654282357884,8.208890057385625,0,2025-01-07 10:33:00
4127,Client17,Autocall,NVDA,BUY,1640000.0,2.216086481306658,-1.2596466460887679,0.7535607924993604,37.25937662482999,0,2025-01-07 10:39:00
3780,Client16,Autocall,SMI,SELL,1000000.0,-3.1202589929695725,1.1223707997312737,0.7573939796877063,10.365893916364971,0,2025-01-07 10:40:00
4321,Client33,Autocall,SPX,BUY,170000.0,-3.2231496539179747,-1.6315350464576028,0.4889769856837848,29.059270415120174,0,2025-01-07 10:40:00
3531,Client02,Bonus Certificate,NESN,BUY,430000.0,0.8694402894940606,0.32434234334758777,0.4752435164000766,11.279593473235666,0,2025-01-07 10:43:00
2954,Client17,Autocall,NESN,BUY,690000.0,-4.5300648425711225,-4.528671812862807,0.3973805219716854,22.085395295377936,1,2025-01-07 10:46:00
2886,Client11,Autocall,AMZN,SELL,430000.0,0.26251057173824116,-0.2492162474720021,0.5063882824600623,4.207677766443391,0,2025-01-07 10:50:00
1621,Client09,Autocall,SMI,BUY,800000.0,1.0904383285079868,5.139717395801904,0.503535660333624,49.98347626059878,0,2025-01-07 10:52:00
4925,Client20,Autocall,SPX,BUY,640000.0,-0.584079875834303,-2.909705820281243,0.7779167031158186,27.602482144525887,0,2025-01-07 10:52:00
3481,Client03,Bonus Certificate,AAPL,BUY,450000.0,1.8063178358823517,-1.3112011270647899,0.3367083180848441,18.44295391092042,1,2025-01-07 10:53:00
589,Client08,Autocall,SMI,SELL,490000.0,-4.051828444338128,0.21418147650244607,0.25763817558813007,6.748086484558568,1,2025-01-07 10:56:00
4492,Client16,Barrier Reverse Convertible,TSLA,BUY,830000.0,-0.942526927209271,2.4724590198431073,0.5379007030012644,28.019571081899,0,2025-01-07 10:57:00
3282,Client23,Reverse Convertible,AAPL,BUY,380000.0,0.06487894243154324,1.4253493456434336,0.5239576524988047,,1,2025-01-07 10:57:00
234,Client34,Autocall,TSLA,SELL,770000.0,0.4821652383173523,2.28363254518137,0.602046676318256,37.38914638167788,1,2025-01-07 10:58:00
4574,Client34,Reverse Convertible,SMI,BUY,700000.0,0.02356159462010272,5.400592666278177,0.3091910520963427,,0,2025-01-07 10:59:00
3931,Client13,Barrier Reverse Convertible,AMZN,SELL,170000.0,0.4445585044838806,-7.060757310251917,0.7529320439816475,18.940163586460336,1,2025-01-07 11:02:00
1051,Client17,Autocall,MSFT,SELL,760000.0,-0.8633578676671758,-0.8620582860007928,0.5416318807624191,24.96969790247351,0,2025-01-07 11:04:00
2432,Client01,Autocall,MSFT,BUY,110000.0,3.2666746957157025,-3.4021644976610954,0.6289760871554676,34.82358998459863,0,2025-01-07 11:14:00
4642,Client31,Autocall,SMI,SELL,340000.0,3.841476138334887,-0.024264612041028963,0.23504431437960366,16.461119560018634,1,2025-01-07 11:16:00
4222,Client22,Tracker,AMZN,BUY,250000.0,-2.1477585438004523,0.5300469418376957,1.147165912657258,,0,2025-01-07 11:16:00
3082,Client34,Autocall,SPX,SELL,460000.0,0.6481200278754485,-4.231232974792798,0.3065505566144187,10.384814240388545,1,2025-01-07 11:22:00
430,Client07,Autocall,TSLA,SELL,280000.0,-2.8846095382219996,-5.588499470285431,0.38656132432562745,36.05038581088974,1,2025-01-07 11:26:00
2240,Client40,Autocall,AMZN,BUY,640000.0,0.06933045465256621,1.8460707710639905,0.42623630012760927,35.53668677257769,1,2025-01-07 11:31:00
106,Client02,Autocall,SPX,BUY,530000.0,-4.057001734725251,-2.434799739371187,0.316492618685286,16.006878349123582,0,2025-01-07 11:31:00
2363,Client15,Autocall,AMZN,SELL,2580000.0,3.280996244068857,2.9375636300078014,0.26838131932345777,27.988445379569544,0,2025-01-07 11:34:00
1074,Client20,Autocall,AMZN,SELL,490000.0,0.8169856081413467,1.167805334649693,1.140571913801955,1.821160497331259,0,2025-01-07 11:35:00
581,Client33,Reverse Convertible,NESN,BUY,140000.0,-1.295796772448699,0.273217908798429,0.8618900847270146,,1,2025-01-07 11:41:00
4018,Client28,Autocall,NVDA,SELL,460000.0,-1.6961494583594017,-3.141108854219304,0.3616013832443688,34.159366601460306,1,2025-01-07 11:43:00
3418,Client02,Autocall,SMI,SELL,540000.0,-1.9952458556040829,2.2511225516324838,0.5300482026579387,10.569159013909402,1,2025-01-07 11:43:00
2109,Client12,Autocall,SPX,SELL,760000.0,1.25745972796743,-1.1353397549168143,0.6610403963777431,40.91052181757105,1,2025-01-07 11:55:00
1800,Client40,Autocall,SPX,BUY,1980000.0,-0.6080489794298587,-0.8389742154723122,0.35757563143684484,41.51439273010345,0,2025-01-07 11:55:00
3620,Client32,Autocall,NVDA,BUY,180000.0,-1.0501792531056897,-2.5534215779810854,0.2474385191996155,21.593213430882813,1,2025-01-07 11:58:00
1402,Client03,Autocall,MSFT,BUY,350000.0,-1.7594871866924555,6.329457222073755,0.3654167082042462,36.168657785733885,0,2025-01-07 12:00:00
3689,Client22,Autocall,SPX,BUY,400000.0,-2.3038945717471666,0.32667497477055185,0.22619279007740103,12.668867559891456,0,2025-01-07 12:01:00
580,Client13,Autocall,TSLA,BUY,380000.0,-0.42285711454580266,2.6678036420032427,0.45436921205316766,32.71376208206029,1,2025-01-07 12:02:00
4179,Client32,Autocall,SPX,BUY,830000.0,1.323718862166839,-1.78616758328367,0.20920536250321656,8.491438094254084,0,2025-01-07 12:06:00
2679,Client25,Autocall,SMI,BUY,660000.0,-1.4261544703136249,-0.995868537660747,0.44731463338786975,43.045351261158515,1,2025-01-07 12:07:00
1803,Client20,Bonus Certificate,MSFT,SELL,690000.0,-1.7156446340721927,-1.191344912359921,0.3704660756130374,45.41128685071385,0,2025-01-07 12:13:00
4360,Client13,Barrier Reverse Convertible,NVDA,SELL,150000.0,0.9636461683152073,3.6291462652446915,0.4191226367976857,23.205507968132196,0,2025-01-07 12:13:00
4803,Client13,Barrier Reverse Convertible,TSLA,SELL,340000.0,-2.824852705051121,1.197360217903111,0.4833258873647655,0.42966499156728566,1,2025-01-07 12:13:00
1392,Client05,Autocall,NVDA,SELL,220000.0,-3.475634884199687,0.21372340450593558,0.1905311939034192,22.033201855879003,0,2025-01-07 12:14:00
4602,Client09,Barrier Reverse Convertible,TSLA,SELL,220000.0,-1.1930458251885492,1.6916889552352452,0.1274619702222955,8.944814752471025,1,2025-01-07 12:18:00
4826,Client17,Autocall,TSLA,BUY,860000.0,-0.363027001549066,-3.8224377060581274,0.4494851427046929,19.847110422349356,1,2025-01-07 12:23:00
3758,Client38,Autocall,AAPL,SELL,310000.0,1.2523400613457818,0.14247462611505626,0.4707944273839069,7.631950316986852,0,2025-01-07 12:27:00
4444,Client17,Autocall,NVDA,SELL,410000.0,1.0950101983892853,-1.4918494263454385,0.23297984355495002,11.180142636844531,1,2025-01-07 12:28:00
3630,Client31,Autocall,AAPL,BUY,500000.0,-0.6048034562654165,-3.9344756312694162,0.7384682542048612,41.43946198560837,0,2025-01-07 12:29:00
1961,Client25,Barrier Reverse Convertible,AAPL,BUY,1030000.0,0.21954682027742087,1.0024385655868984,0.3285029197109227,35.5955874915698,1,2025-01-07 12:31:00
2239,Client07,Autocall,MSFT,BUY,510000.0,2.0546417660843663,-2.2562140768477805,0.19907979438484688,28.694757540866156,1,2025-01-07 12:32:00
146,Client26,Autocall,NVDA,SELL,860000.0,-2.5554942975485084,-4.466395848951639,0.4850598989117934,42.31075494457505,0,2025-01-07 12:32:00
762,Client11,Autocall,SMI,BUY,550000.0,-1.044458117437122,2.7890854361232784,0.6566822276586316,47.13028227794856,1,2025-01-07 12:39:00
4548,Client15,Bonus Certificate,SPX,SELL,1890000.0,0.5540762011986352,0.5572973426972299,0.25259435075415637,36.80398165371489,0,2025-01-07 12:44:00
513,Client20,Bonus Certificate,SPX,SELL,710000.0,-0.5325648617192759,-0.5410935252505973,0.8499610185936379,2.822578448361152,1,2025-01-07 12:51:00
2852,Client02,Barrier Reverse Convertible,NVDA,BUY,530000.0,-1.2710990903900012,2.143619784827697,0.2724388047294965,35.532203676753,0,2025-01-07 12:56:00
4251,Client04,Autocall,SMI,SELL,150000.0,-1.7424002694491916,5.518480911967533,0.29921499815488695,15.385774865776437,0,2025-01-07 12:57:00
2736,Client17,Autocall,SPX,SELL,470000.0,4.0487859236580785,-0.08886703897176096,0.7561220775990306,3.9829384659834712,1,2025-01-07 12:57:00
3327,Client34,Autocall,SMI,SELL,610000.0,2.3920253524656925,0.8102510658939339,0.5445619978506882,34.780942417443725,1,2025-01-07 12:59:00
4230,Client28,Autocall,TSLA,BUY,460000.0,-4.843124570989642,1.8932706372261863,0.5342284980840444,24.22830703010438,1,2025-01-07 13:01:00
730,Client14,Autocall,MSFT,SELL,1780000.0,-0.8442681795834188,-1.5980117385328896,0.7356189399101571,49.74964565527375,0,2025-01-07 13:03:00
4978,Client20,Bonus Certificate,SMI,SELL,610000.0,-2.522293158644801,-1.385149542008071,0.23247962610968556,24.50234518281033,0,2025-01-07 13:09:00
3455,Client21,Barrier Reverse Convertible,AAPL,SELL,60000.0,-1.6545371785014014,3.0592635450907917,0.5809999775848784,13.533318789585058,0,2025-01-07 13:10:00
2343,Client14,Autocall,MSFT,SELL,1230000.0,-0.6714037507410728,2.244250212574127,0.3539520902904018,34.80211684504287,1,2025-01-07 13:13:00
1883,Client40,Tracker,SMI,BUY,310000.0,-2.5123767451538215,0.9277543390161715,0.5149291182949419,,0,2025-01-07 13:14:00
4833,Client03,Barrier Reverse Convertible,MSFT,SELL,510000.0,-0.5884120952320372,-2.1751472684004955,0.3555799482203166,32.890195828294736,0,2025-01-07 13:15:00
3812,Client03,Autocall,TSLA,BUY,260000.0,2.2697732825982113,2.6162503362288607,0.8379289348554987,38.95680063797319,1,2025-01-07 13:18:00
4285,Client36,Barrier Reverse Convertible,TSLA,SELL,1070000.0,1.5624501559246813,-1.263699605706047,0.18256965400595707,22.969017787057716,0,2025-01-07 13:20:00
4570,Client20,Autocall,MSFT,SELL,230000.0,-0.4617619856340459,-1.9220831947324892,0.43833306583170994,15.035603629570826,1,2025-01-07 13:22:00
3101,Client13,Barrier Reverse Convertible,SPX,SELL,220000.0,-0.504180857063846,-2.995215642582738,0.7750420221680612,12.168820502370343,1,2025-01-07 13:29:00
1405,Client32,Barrier Reverse Convertible,AAPL,SELL,1600000.0,-1.3788284863609408,-6.444135265438524,0.4563963918267085,30.084703329596525,0,2025-01-07 13:29:00
4698,Client28,Bonus Certificate,NESN,BUY,210000.0,-1.20498283088544,-0.6511688377117671,0.41690979494859687,46.4167748222974,1,2025-01-07 13:30:00
4239,Client05,Reverse Convertible,MSFT,BUY,1240000.0,0.42859758584619884,-0.9529256445452379,0.3942638725645913,,1,2025-01-07 13:31:00
896,Client08,Autocall,TSLA,SELL,440000.0,-0.8091797720665675,5.029388680258448,0.17963407758060285,24.475405116346078,1,2025-01-07 13:32:00
2985,Client02,Reverse Convertible,NESN,SELL,680000.0,0.3983940082707834,-2.366733606018207,0.25418914379957075,,1,2025-01-07 13:34:00
4640,Client13,Barrier Reverse Convertible,SMI,BUY,280000.0,-1.3777768226824543,1.5882034939570366,0.5823405024979387,45.022779062881575,0,2025-01-07 13:35:00
3348,Client34,Bonus Certificate,TSLA,BUY,310000.0,0.6684440176180652,0.06440681826672678,0.22382564324551887,38.17204265459858,0,2025-01-07 13:38:00
3775,Client05,Autocall,AAPL,BUY,450000.0,-1.983628924652744,2.035655764895879,0.38807383089581615,0.3527137607726105,1,2025-01-07 13:38:00
1071,Client12,Autocall,TSLA,BUY,830000.0,-0.6112998824651877,-0.6097395544138908,0.40618132867712703,35.97579642030409,1,2025-01-07 13:44:00
2136,Client35,Autocall,AMZN,BUY,470000.0,-1.8816778131749847,4.542568281837827,0.9422963202515033,36.01900169695561,0,2025-01-07 13:45:00
1125,Client30,Autocall,NESN,SELL,300000.0,2.348375104525088,-2.1728806344290126,0.26722088120872256,10.399791494062748,0,2025-01-07 13:53:00
2384,Client31,Barrier Reverse Convertible,NVDA,BUY,1120000.0,-0.8755810110387945,0.33315060503996907,0.4640367396214892,6.925158683962457,0,2025-01-07 13:53:00
3508,Client04,Autocall,SPX,SELL,620000.0,0.6817790069262123,-2.3171220418698795,0.6853137126892228,24.98898032846013,1,2025-01-07 13:57:00
120,Client03,Barrier Reverse Convertible,SPX,BUY,1100000.0,0.02669860969147596,-2.0908697451513305,0.2497531077562191,25.995635079170377,0,2025-01-07 13:58:00
4439,Client34,Reverse Convertible,SMI,BUY,450000.0,0.19554569377603367,2.6631104166730695,0.7787511244011176,,0,2025-01-07 14:00:00
1305,Client37,Reverse Convertible,AMZN,SELL,280000.0,0.6231154171314564,-4.840395809167184,0.4852867725387709,,1,2025-01-07 14:00:00
4511,Client26,Autocall,AMZN,BUY,400000.0,-3.262971836697753,-3.5536125930001106,0.5162084587461716,35.52017856644182,0,2025-01-07 14:02:00
3739,Client20,Autocall,TSLA,SELL,590000.0,1.0697766469285317,0.9783787721218472,0.47228383963306153,45.023521208799416,1,2025-01-07 14:04:00
4955,Client37,Autocall,NVDA,SELL,510000.0,0.5484742153101042,-1.5132996756288746,0.4380645349439486,36.65709294744739,0,2025-01-07 14:05:00
1237,Client34,Autocall,SMI,SELL,440000.0,0.9978500637555214,-0.1411113890284562,0.15727663524127125,8.365763386947911,1,2025-01-07 14:08:00
4258,Client19,Autocall,SPX,SELL,430000.0,2.0195254712586195,0.8158861811330151,0.3043400310339854,39.165309847569596,0,2025-01-07 14:12:00
4434,Client28,Autocall,AMZN,BUY,290000.0,1.04299643318939,-1.2579491802790448,0.32609688014779764,21.492834417485174,1,2025-01-07 14:14:00
3745,Client24,Autocall,NVDA,BUY,1390000.0,2.4838127101045693,4.4654523566908715,0.588839282589718,2.334672598084342,1,2025-01-07 14:22:00
2189,Client16,Autocall,NESN,SELL,660000.0,1.6703388517459667,5.001518276876735,0.6008170093969621,47.188754599473484,1,2025-01-07 14:25:00
2581,Client17,Autocall,TSLA,SELL,1060000.0,1.5859983666504767,3.370256756895369,0.5842306257942119,26.156589239925342,0,2025-01-07 14:33:00
3819,Client39,Tracker,NESN,BUY,270000.0,-2.0495141262444867,1.4023419788997367,0.37649004238712236,,1,2025-01-07 14:35:00
3384,Client05,Autocall,MSFT,SELL,400000.0,-3.4576068469881287,-0.03345593806059102,0.5178630428878102,19.438569983072252,0,2025-01-07 14:40:00
805,Client05,Autocall,AMZN,BUY,980000.0,-2.8334600544625217,-2.836812802554202,0.2673623098293198,44.56582942531114,0,2025-01-07 14:40:00
3365,Client18,Autocall,SMI,SELL,1580000.0,-0.41353739177057486,3.3576219103573015,0.4155736332817835,24.017746750770797,0,2025-01-07 14:41:00
3892,Client18,Reverse Convertible,NVDA,SELL,3990000.0,0.7502384167626589,-0.15164483144921065,0.3896688796087242,,0,2025-01-07 14:43:00
2511,Client39,Autocall,NVDA,SELL,250000.0,-1.5692209978147134,-0.5067194357096443,0.5849613707192304,49.19507197746631,1,2025-01-07 14:44:00
708,Client14,Bonus Certificate,MSFT,SELL,1230000.0,0.18856763724882025,0.3601918268737917,0.43116239128925715,25.516449550028774,0,2025-01-07 14:46:00
1857,Client08,Barrier Reverse Convertible,SPX,SELL,170000.0,-0.7327514768128663,6.354922401222249,0.3387303316074659,46.03754795509645,1,2025-01-07 14:47:00
3800,Client32,Tracker,SMI,BUY,390000.0,-1.1526337506336475,3.389009996878605,0.42737678960687275,,1,2025-01-07 14:48:00
4780,Client26,Autocall,TSLA,BUY,760000.0,-0.3524123374629286,6.087902450638921,0.27346024133891955,42.82999521657568,0,2025-01-07 14:51:00
4920,Client32,Autocall,SMI,SELL,490000.0,1.0097260013108944,-0.4760898057663595,0.1698675580100136,37.349287872040954,1,2025-01-07 14:57:00
1519,Client11,Autocall,NESN,SELL,200000.0,-1.6155031876689627,-0.794292614048034,0.7744596739944777,29.67300983546152,0,2025-01-07 14:59:00
4507,Client31,Bonus Certificate,AMZN,BUY,550000.0,-2.294152565286081,0.060018170406466655,0.6001189604389673,28.52414566101401,0,2025-01-07 15:02:00
428,Client11,Autocall,TSLA,BUY,730000.0,0.4252311096641267,-1.8029006236478842,1.1259436299381262,47.57186579181914,0,2025-01-07 15:06:00
1460,Client18,Autocall,SMI,SELL,820000.0,-0.7893316948372511,-1.687487847155426,0.3052990847974086,43.55311242771287,0,2025-01-07 15:08:00
2442,Client05,Autocall,SMI,BUY,630000.0,1.3256196760012826,3.3026140129716297,0.18218072642007566,16.7554225563592,0,2025-01-07 15:12:00
4521,Client03,Reverse Convertible,TSLA,BUY,700000.0,-0.8680472098034752,4.230371551289039,0.1760948137468172,,0,2025-01-07 15:13:00
55,Client09,Autocall,NESN,BUY,310000.0,4.566990941686948,6.762449547650231,0.2953241700110506,40.690225373309694,0,2025-01-07 15:19:00
682,Client34,Autocall,AMZN,SELL,220000.0,-2.478461450036766,1.0497686624596412,0.4484356467525188,47.582846122627316,1,2025-01-07 15:28:00
3370,Client04,Autocall,TSLA,SELL,630000.0,-1.30606038828962,-4.731814606409296,0.6653254715481046,29.71275288080875,0,2025-01-07 15:31:00
3410,Client27,Tracker,SPX,BUY,410000.0,0.23694747703358846,3.1724538041896295,0.29534195292949394,,0,2025-01-07 15:31:00
3076,Client18,Autocall,NVDA,BUY,2140000.0,-0.3437485515961337,-1.7279483152101287,0.41934702606840946,20.114507947192646,0,2025-01-07 15:34:00
4315,Client28,Tracker,NESN,SELL,160000.0,-0.5558181480620565,0.19709387322286487,0.6933234728850376,,0,2025-01-07 15:38:00
3637,Client35,Autocall,AAPL,BUY,270000.0,0.34855746132172705,-0.9267706595286567,0.3633395158946776,39.16768188353981,0,2025-01-07 15:39:00
684,Client32,Bonus Certificate,SPX,SELL,560000.0,0.5085955307081717,-1.4495432649970637,0.993041915732017,1.8747034107413463,0,2025-01-07 15:44:00
1006,Client10,Reverse Convertible,SPX,SELL,1840000.0,-3.9387123045742207,-0.9537880162826261,0.3990646534115647,,1,2025-01-07 15:51:00
1089,Client32,Autocall,NVDA,BUY,630000.0,-1.0087747560760953,0.3100046129385592,1.2099047048884373,46.698148921728716,0,2025-01-07 15:52:00
532,Client10,Autocall,NESN,SELL,1120000.0,-3.422345209413149,3.4719346695264948,0.6426866565732587,32.71081704017337,0,2025-01-07 15:54:00
4723,Client13,Reverse Convertible,MSFT,BUY,150000.0,-4.410406084008609,1.4128697482223884,0.33534662890196926,,1,2025-01-07 15:54:00
97,Client20,Bonus Certificate,NVDA,SELL,740000.0,-1.1043483036578494,-2.253624342976352,0.3279636745945717,16.685693399873298,0,2025-01-07 15:56:00
3126,Client20,Autocall,NESN,SELL,380000.0,3.4879995798307712,-1.460082452816542,0.4427640082604714,49.45337387956932,0,2025-01-07 15:59:00
465,Client17,Tracker,AAPL,BUY,1300000.0,-1.8373298233569713,0.4115161483328387,0.6329990634280138,,0,2025-01-07 15:59:00
4532,Client38,Autocall,SMI,BUY,360000.0,-1.3238076005936736,-2.0951590683488055,0.3262652370319569,46.05164232818571,1,2025-01-07 16:00:00
3245,Client26,Bonus Certificate,SPX,SELL,260000.0,1.306013963052729,7.054940014897229,0.42765724003109734,18.755980593382738,0,2025-01-07 16:01:00
700,Client06,Autocall,NESN,SELL,3250000.0,-1.4100811305064023,-6.828669482683512,0.5802362129528024,34.27046964843738,0,2025-01-07 16:02:00
2140,Client17,Tracker,AMZN,SELL,1150000.0,3.4076383594290496,1.8464222187875337,0.9197283521309928,,1,2025-01-07 16:03:00
3656,Client35,Autocall,AAPL,BUY,630000.0,1.9706597150022187,0.4938414028230709,0.22249154590694736,32.98727150062402,0,2025-01-07 16:05:00
495,Client13,Bonus Certificate,AAPL,SELL,160000.0,2.6800847930064537,1.5725064934135786,0.3317684318764085,6.399847649060258,1,2025-01-07 16:05:00
4533,Client05,Autocall,AMZN,BUY,860000.0,0.2265808729327259,6.580948403439168,0.1758646920620303,34.999320162304706,1,2025-01-07 16:07:00
3619,Client20,Autocall,MSFT,SELL,1490000.0,-0.06469476059039857,-1.8803127776327475,0.4263117791947581,18.48110028789589,0,2025-01-07 16:13:00
123,Client38,Barrier Reverse Convertible,MSFT,SELL,580000.0,1.759969538894988,0.2517632833947844,1.1134340293434086,13.601337487680237,1,2025-01-07 16:16:00
352,Client22,Bonus Certificate,SPX,BUY,310000.0,-0.08188150830933083,-2.373845911403638,0.4218905018048112,10.897250200488706,0,2025-01-07 16:18:00
4639,Client25,Tracker,AAPL,BUY,580000.0,3.6172681853418913,2.365387759352222,0.8369489471191189,,0,2025-01-07 16:22:00
2999,Client12,Autocall,NESN,BUY,260000.0,-1.0146551964187671,2.213490419108714,0.26207429402310517,44.155956615796384,0,2025-01-07 16:23:00
1062,Client20,Barrier Reverse Convertible,NVDA,SELL,870000.0,2.9468623996038983,3.058145619673624,0.7972779056678174,2.0195018859090865,0,2025-01-07 16:23:00
1428,Client10,Autocall,NVDA,SELL,1180000.0,-0.6949363456242783,-2.200005933777053,0.2590732634189815,12.45689203299149,0,2025-01-07 16:27:00
1422,Client20,Autocall,NVDA,BUY,1200000.0,0.28388667320782196,-3.1208434268547496,0.3759703342798642,31.73311882459232,1,2025-01-07 16:27:00
4195,Client11,Autocall,NVDA,SELL,1140000.0,-0.7218039367762176,2.988496194399828,0.21074125207337044,45.17197582671112,1,2025-01-07 16:28:00
3091,Client28,Reverse Convertible,AMZN,BUY,210000.0,-1.7912271533916002,3.2882979984014913,0.2928745734549835,,1,2025-01-07 16:32:00
3226,Client10,Autocall,SMI,SELL,1050000.0,0.8345870870612108,-0.1672842450524461,0.30342385885095396,6.015550884069221,0,2025-01-07 16:36:00
2087,Client16,Autocall,SPX,BUY,1160000.0,-4.03659562748091,4.335624733390528,0.5365053077086593,13.400284316903988,0,2025-01-07 16:37:00
2804,Client28,Barrier Reverse Convertible,NVDA,BUY,1460000.0,-1.6321168131312758,1.5570651313830894,0.4634655658420866,15.821384361074687,1,2025-01-07 16:42:00
3322,Client31,Reverse Convertible,SMI,BUY,550000.0,0.08930179852083987,-0.007045202110468513,0.519711842370505,,1,2025-01-07 16:46:00
2835,Client05,Autocall,MSFT,BUY,480000.0,0.39367537064528185,1.3561809390411708,0.26128234142053613,17.05439428360766,1,2025-01-07 16:49:00
1496,Client35,Autocall,AMZN,SELL,540000.0,-2.641767687504184,-2.5435992772238207,0.28202947800094125,33.63932119746432,1,2025-01-07 16:50:00
3997,Client11,Autocall,SPX,BUY,450000.0,1.3351290362620265,0.32429465556736126,1.012835961616409,34.393604947748926,0,2025-01-07 16:53:00
1570,Client28,Autocall,SPX,BUY,400000.0,1.538482633125456,1.9226893521898218,0.5848138534415388,22.49577752150981,1,2025-01-07 16:54:00
2326,Client28,Autocall,MSFT,SELL,470000.0,0.9850905240272804,0.860330053052508,0.5017341394297663,12.581819402490668,1,2025-01-07 17:01:00
4623,Client18,Autocall,SMI,BUY,710000.0,2.237492200167346,-3.060661065835587,0.5329417929859688,3.048195506458795,1,2025-01-07 17:05:00
4386,Client40,Barrier Reverse Convertible,SPX,BUY,980000.0,-0.24582163322978723,2.111646339399862,0.8086766149190595,33.833472131013906,0,2025-01-07 17:05:00
3622,Client20,Autocall,MSFT,SELL,540000.0,-1.0977372974770447,-3.737345305689782,0.2056995622028045,19.035832849474804,0,2025-01-07 17:06:00
4479,Client24,Autocall,NESN,SELL,690000.0,-0.9953202337874898,0.38545952782071824,0.29541240392995577,34.41300914922949,1,2025-01-07 17:09:00
3809,Client20,Autocall,AAPL,SELL,630000.0,-0.8464865780123915,0.7989157365267401,0.5363285176154983,6.084321915534363,1,2025-01-07 17:14:00
1705,Client32,Barrier Reverse Convertible,MSFT,BUY,1170000.0,4.09590264721929,-5.061161908833467,0.39040568423549227,25.736303751036804,0,2025-01-07 17:21:00
4797,Client30,Barrier Reverse Convertible,NVDA,BUY,400000.0,-0.8638552052387186,5.5052502589969565,0.5060257150517193,49.874406995660145,0,2025-01-07 17:23:00
3428,Client02,Tracker,NVDA,SELL,780000.0,1.1287376278433565,-0.6615913209937472,0.6304832706602614,,0,2025-01-07 17:24:00
1825,Client25,Reverse Convertible,AMZN,BUY,530000.0,0.5593617705673526,3.6361301536388986,0.3147312596521949,,0,2025-01-07 17:24:00
3594,Client08,Tracker,MSFT,SELL,250000.0,-3.8278381021994283,-2.676429517030422,0.4983369162268006,,1,2025-01-07 17:29:00
1656,Client34,Autocall,AAPL,SELL,1060000.0,1.0095198869666786,-3.4906779588437757,0.3868573989489708,40.9505009692433,0,2025-01-07 17:30:00
2548,Client28,Barrier Reverse Convertible,NESN,SELL,820000.0,0.2867088945431067,1.4959940585175626,0.3770777393732304,8.783770225217108,0,2025-01-07 17:30:00
1572,Client30,Autocall,SPX,SELL,380000.0,1.5571363387906163,1.7938610820426084,0.24246210707692917,8.424587997541998,1,2025-01-07 17:31:00
4245,Client09,Autocall,AMZN,SELL,690000.0,-4.5618063292849955,-4.457436252054158,0.3767591488048371,16.546129574115536,0,2025-01-07 17:33:00
3753,Client13,Autocall,NVDA,BUY,470000.0,0.09763656963732716,-1.8064539812543665,0.3737115328719362,22.9253983071401,0,2025-01-07 17:34:00
2741,Client32,Barrier Reverse Convertible,NVDA,BUY,1190000.0,2.0380133768531628,-1.9118271425781832,0.15403044231254884,12.489111253170426,1,2025-01-07 17:43:00
2645,Client28,Autocall,SPX,SELL,740000.0,2.5318171390655624,-2.362531053874673,0.14607325635396376,3.32202544352847,0,2025-01-07 17:44:00
2435,Client36,Bonus Certificate,MSFT,SELL,1660000.0,-1.8279502759075732,0.8809778323685811,0.27829463051632275,9.636370701056151,0,2025-01-07 17:44:00
3986,Client38,Autocall,NESN,SELL,420000.0,3.024285997426984,-3.293772861033246,0.6310870318007991,19.1744510811462,1,2025-01-07 17:47:00
144,Client22,Autocall,NESN,SELL,510000.0,-0.38517696422159803,3.9454475081666835,0.4417769251810888,22.323709396581453,1,2025-01-07 17:51:00
3442,Client20,Autocall,TSLA,BUY,510000.0,0.46100957245108687,2.5300670250063884,0.5322804848099292,1.6239175235349623,0,2025-01-07 17:52:00
1507,Client20,Autocall,NVDA,BUY,1350000.0,0.761607216570155,1.034004696826228,0.5862042591746064,20.76849732405072,0,2025-01-07 17:53:00
1139,Client32,Autocall,NVDA,SELL,1240000.0,-2.161173179058348,2.9740376091912903,0.43214817481069384,35.976813375370085,1,2025-01-07 17:54:00
749,Client08,Autocall,MSFT,SELL,190000.0,1.1640158803840643,-1.4052341645348838,0.6492959397800548,18.282913255669165,1,2025-01-08 08:02:00
4946,Client38,Autocall,NVDA,SELL,390000.0,0.04880743062074275,2.2045265114778574,0.30556863225444325,48.28325315214152,0,2025-01-08 08:03:00
3696,Client40,Autocall,NVDA,BUY,360000.0,-1.121235391689432,5.756294125795845,0.3152185274396881,14.866006810244887,1,2025-01-08 08:08:00
1727,Client13,Autocall,MSFT,SELL,430000.0,3.16553181600149,-0.285799477390294,0.7536785960888672,2.3305404820279763,0,2025-01-08 08:08:00
759,Client09,Barrier Reverse Convertible,AAPL,SELL,530000.0,1.3883586578249392,2.1268560241566004,0.3939675054284845,18.516546556682297,0,2025-01-08 08:09:00
3580,Client35,Autocall,SMI,BUY,610000.0,0.8906718176558716,-6.430582249002246,0.32623514702633255,24.189307881772628,0,2025-01-08 08:13:00
2308,Client40,Autocall,SPX,SELL,310000.0,-0.04279314174897942,-4.866715937043402,0.22588637029758019,27.900829766163156,0,2025-01-08 08:15:00
577,Client33,Bonus Certificate,MSFT,SELL,100000.0,5.950385156786725,-1.8887367905400585,0.5773330065439427,27.584608983026946,0,2025-01-08 08:15:00
3816,Client18,Autocall,MSFT,SELL,990000.0,0.02850763633762095,-2.591732868799876,0.4339522004635179,15.970611812221359,0,2025-01-08 08:15:00
210,Client40,Autocall,MSFT,BUY,240000.0,2.566462712763292,-1.6411353488637253,0.34723991063782184,38.40933232791032,0,2025-01-08 08:15:00
4242,Client03,Autocall,MSFT,BUY,840000.0,1.4880163813403215,-2.215757773574433,0.22893566223949788,1.35944600674891,0,2025-01-08 08:16:00
1633,Client40,Autocall,AAPL,BUY,300000.0,-3.250207182203137,-1.1458065537735729,0.4016532587366688,6.296657323020077,0,2025-01-08 08:20:00
3692,Client13,Bonus Certificate,NESN,SELL,310000.0,-3.0537996191206944,2.03331532518863,0.2219407009479774,41.65349902091714,0,2025-01-08 08:25:00
4472,Client07,Autocall,SMI,SELL,260000.0,0.8085605946882116,-0.28951935943457147,1.119342584905137,21.801354727514493,1,2025-01-08 08:29:00
1153,Client36,Autocall,AAPL,SELL,490000.0,2.626395330092108,2.2823130804340233,0.333956315860494,27.606493445640286,0,2025-01-08 08:33:00
4116,Client08,Autocall,NVDA,BUY,260000.0,0.8326198637220401,-5.211282792670013,0.31968406943578437,4.800937871434041,1,2025-01-08 08:37:00
3177,Client34,Autocall,NVDA,BUY,260000.0,1.6133993218073415,-5.050079278312553,0.5194500047946391,44.208144065355285,0,2025-01-08 08:41:00
4503,Client17,Autocall,MSFT,BUY,700000.0,2.4127170148883645,-4.795463019372666,0.2590124921624389,41.92408482957523,1,2025-01-08 08:41:00
166,Client07,Autocall,MSFT,SELL,710000.0,0.3932530252997281,-0.8114678523479805,0.6367370775769138,28.095106869142672,1,2025-01-08 08:43:00
1725,Client31,Autocall,MSFT,BUY,590000.0,1.6146607038722205,-1.306027625696388,0.6490242271958259,36.72735796208376,0,2025-01-08 08:44:00
1841,Client26,Autocall,TSLA,BUY,160000.0,-2.5761949040259196,-0.9386175479788472,0.22563776721050935,28.47167604042353,1,2025-01-08 08:48:00
3198,Client25,Tracker,NESN,SELL,270000.0,-3.2925574388036596,-0.20189920775219267,0.8615779197704726,,0,2025-01-08 08:48:00
228,Client20,Autocall,SPX,SELL,500000.0,1.3199085052744886,2.565800881771652,0.3542446778303203,48.662655897876746,0,2025-01-08 08:48:00
4002,Client23,Reverse Convertible,AAPL,BUY,530000.0,0.7004405396788983,2.874094427752344,0.2741504865709244,,1,2025-01-08 08:49:00
1013,Client19,Autocall,MSFT,SELL,360000.0,1.1354618890694081,-3.4590937227038445,0.28364918456342814,10.706867220173361,0,2025-01-08 08:49:00
2472,Client02,Autocall,NVDA,BUY,430000.0,3.1432262433710743,2.075416195682673,0.3218499435222726,17.4072373916223,1,2025-01-08 08:54:00
61,Client27,Barrier Reverse Convertible,NESN,BUY,290000.0,1.8298527664425246,1.2271163139120884,0.28015744646965424,28.70951284201334,0,2025-01-08 08:58:00
828,Client05,Barrier Reverse Convertible,SPX,SELL,850000.0,-5.3364957760108505,-2.0192835759863454,0.3100768826005669,31.235417240861334,1,2025-01-08 09:02:00
1333,Client02,Reverse Convertible,AMZN,SELL,1590000.0,2.460226039483748,-6.873919475141901,0.2615347365023223,,0,2025-01-08 09:03:00
472,Client17,Reverse Convertible,AMZN,SELL,650000.0,-1.3841254072591922,4.863761713779772,0.43890235323725824,,0,2025-01-08 09:06:00
1923,Client38,Autocall,SPX,BUY,490000.0,-2.3100995106363125,2.0868737555855725,0.30397252634365335,3.8794464970443308,0,2025-01-08 09:08:00
854,Client22,Barrier Reverse Convertible,AMZN,BUY,730000.0,0.21950538229268324,-3.5581928070246285,0.3845305505423693,48.939968394672725,1,2025-01-08 09:09:00
4721,Client29,Autocall,SPX,BUY,250000.0,-2.606796274262719,-1.1971715664231544,0.1492221506810328,32.085073938931004,1,2025-01-08 09:19:00
4300,Client14,Autocall,AMZN,BUY,2350000.0,-0.34813277117469266,1.8847212554332844,0.4141109319873758,10.653016112171777,1,2025-01-08 09:19:00
3798,Client30,Barrier Reverse Convertible,SMI,SELL,400000.0,1.3682919003045284,1.5604751671364987,0.3389041664020651,14.05643504380048,1,2025-01-08 09:24:00
876,Client35,Reverse Convertible,NVDA,SELL,410000.0,-2.6084781013890868,-0.4861210886360986,0.4902498035123633,,0,2025-01-08 09:26:00
1397,Client21,Bonus Certificate,SPX,SELL,110000.0,-1.6917450331434813,2.30135640258268,0.4065026235693487,0.7463601493696681,0,2025-01-08 09:28:00
4873,Client31,Autocall,SMI,BUY,430000.0,-0.5247546050829309,3.6022572335596443,0.6074899721702948,49.84705346731712,0,2025-01-08 09:28:00
1722,Client40,Autocall,SMI,SELL,210000.0,0.681112465107434,1.8714696929807242,0.2087406697473823,27.415037626548582,0,2025-01-08 09:28:00
3573,Client21,Autocall,AAPL,SELL,100000.0,2.3042220990389928,-5.383620737256926,0.3421197447911568,22.02016764035611,0,2025-01-08 09:28:00
633,Client11,Autocall,SPX,BUY,1190000.0,2.181417392612111,-0.3463479127363621,0.5982758180275054,40.39922108552754,0,2025-01-08 09:30:00
4793,Client25,Autocall,AAPL,SELL,1620000.0,3.677853455672698,-2.1325230079003434,0.45701411048100854,4.922100540457319,1,2025-01-08 09:33:00
3496,Client34,Autocall,TSLA,BUY,560000.0,-2.8051412650854974,-0.41156624906064176,0.17269262973010396,34.38679609246363,0,2025-01-08 09:33:00
414,Client35,Autocall,NVDA,SELL,160000.0,1.7672025024117224,-7.733539146946697,0.3825909680073063,41.893310510248334,1,2025-01-08 09:38:00
3567,Client12,Barrier Reverse Convertible,SPX,BUY,340000.0,3.05810494740316,0.8411815246237782,0.2815112695372587,38.50516586524051,0,2025-01-08 09:44:00
4596,Client13,Autocall,NVDA,SELL,630000.0,-2.28842423426056,-2.5119386610655368,0.20595027706407237,35.81097007130468,0,2025-01-08 09:57:00
4204,Client28,Autocall,AAPL,SELL,520000.0,3.3944845387990137,-2.7980414099608786,0.17650442639333605,33.203994787192016,1,2025-01-08 09:59:00
372,Client35,Reverse Convertible,TSLA,BUY,440000.0,1.1310444407248341,1.8239003937627127,0.12352891683502105,,1,2025-01-08 10:01:00
3781,Client36,Autocall,SMI,SELL,850000.0,-0.1818864729906999,1.1953924439117207,0.5984949076917473,18.199998694937854,1,2025-01-08 10:01:00
4359,Client40,Tracker,SMI,BUY,420000.0,1.0321325359896183,-3.1793895293589243,0.4433561928998863,,1,2025-01-08 10:07:00
2387,Client15,Autocall,AMZN,BUY,1230000.0,-1.1612963118399457,-2.888308273338175,0.30332655332029274,26.201914583175466,1,2025-01-08 10:07:00
1843,Client28,Autocall,NVDA,BUY,620000.0,1.0082672730703812,3.1292270514601146,0.38172384726202174,1.7762484593240702,1,2025-01-08 10:10:00
717,Client10,Autocall,NVDA,SELL,800000.0,-3.412633330948497,1.236124120763443,1.179100189633888,35.05885994409012,0,2025-01-08 10:11:00
1185,Client34,Reverse Convertible,SPX,SELL,480000.0,-0.871050608306193,2.4173481861245674,0.4927862556055554,,0,2025-01-08 10:19:00
442,Client34,Autocall,MSFT,BUY,500000.0,1.7220283736432112,-1.3815560567899874,0.2358839989597317,19.258275656075675,0,2025-01-08 10:25:00
400,Client32,Autocall,MSFT,SELL,670000.0,0.9780749449624845,-0.4781081627173026,0.39491025759845133,47.76305150286021,1,2025-01-08 10:34:00
4559,Client30,Autocall,TSLA,SELL,660000.0,0.29226542976129793,-3.078482350119068,0.20866223369292264,14.147995019858984,0,2025-01-08 10:36:00
1404,Client22,Autocall,TSLA,BUY,460000.0,-2.6398079656618902,1.6417408005770997,0.5213504844412196,9.304623512387277,1,2025-01-08 10:37:00
20,Client22,Autocall,AAPL,SELL,320000.0,-1.0825122331849,5.022730585842254,0.8112433050147335,28.149870633386858,1,2025-01-08 10:40:00
3039,Client13,Autocall,NESN,SELL,140000.0,-0.5790604253234999,-3.746910986801465,0.3490634819760654,38.20950841359371,0,2025-01-08 10:44:00
806,Client09,Autocall,MSFT,BUY,430000.0,0.3914771377155659,-6.006092523186959,0.2733598066562071,14.577189457533507,0,2025-01-08 10:53:00
3915,Client19,Bonus Certificate,TSLA,BUY,1160000.0,2.4507277873419615,0.4305637585752688,0.2928885579697294,25.891614106814142,1,2025-01-08 11:05:00
3036,Client27,Bonus Certificate,NVDA,SELL,200000.0,-2.6728698663838872,1.4881853554860103,0.7115334530182664,3.7598799956529536,1,2025-01-08 11:08:00
1052,Client26,Bonus Certificate,AAPL,SELL,370000.0,-0.40215278516890046,-0.3489738232318802,0.4031976421551161,7.642860113664746,0,2025-01-08 11:24:00
2542,Client25,Autocall,MSFT,BUY,770000.0,1.5026407329914921,-1.220919493562935,0.5969479489713587,14.784544594831834,0,2025-01-08 11:26:00
4724,Client30,Autocall,NESN,SELL,720000.0,2.0497727303169837,4.756770183511911,0.28239536817054406,29.24457515422813,0,2025-01-08 11:30:00
2941,Client11,Autocall,TSLA,BUY,160000.0,1.1446664461887595,-3.0607792043911592,1.2674113358835188,37.28865078379774,1,2025-01-08 11:32:00
325,Client32,Autocall,NESN,BUY,440000.0,-1.6141344697954467,2.937814715580899,0.3408353180270487,27.44956188191979,1,2025-01-08 11:32:00
107,Client07,Barrier Reverse Convertible,TSLA,BUY,630000.0,0.21574280375912275,-1.6456854965594887,0.23718885000975112,13.342025829024212,1,2025-01-08 11:40:00
4643,Client15,Bonus Certificate,AAPL,SELL,2810000.0,2.8464648472897007,-1.797002248396168,0.2300209741028278,45.13745418245879,0,2025-01-08 11:43:00
3500,Client28,Autocall,NVDA,SELL,1030000.0,-0.19409429854477855,0.8970860132639035,0.46099645997294697,46.27083852799301,1,2025-01-08 11:43:00
1057,Client35,Reverse Convertible,NESN,SELL,400000.0,-0.8805027381530156,-2.29247068314883,0.4182670757232284,,0,2025-01-08 11:43:00
4770,Client21,Autocall,NVDA,SELL,230000.0,-1.229547931725917,8.309057643537969,0.39262492973414015,18.774272740313506,0,2025-01-08 11:46:00
968,Client37,Autocall,NVDA,SELL,300000.0,3.525007961435743,-3.1492927954744063,0.40699103688623367,41.164668201205906,0,2025-01-08 11:48:00
2033,Client30,Autocall,SMI,BUY,390000.0,2.250709694852587,-5.316015412831427,0.24552713941056728,36.328519170890274,0,2025-01-08 11:48:00
1151,Client23,Reverse Convertible,AAPL,BUY,380000.0,-0.5599602049749879,-0.13758380389285568,0.5332946041941311,,1,2025-01-08 11:50:00
2270,Client18,Bonus Certificate,MSFT,BUY,1920000.0,-1.1002299861711808,-0.8683665859723002,0.40639944789383486,7.767621588148149,0,2025-01-08 11:56:00
211,Client40,Barrier Reverse Convertible,AAPL,BUY,620000.0,-0.2847519843787712,-0.7378856215600395,0.3339744140754625,21.791622979232407,0,2025-01-08 11:56:00
4896,Client18,Autocall,MSFT,SELL,1440000.0,0.14984011394452088,-0.4165395596777567,0.3536500019702139,41.32921821265284,0,2025-01-08 11:58:00
3246,Client22,Barrier Reverse Convertible,SMI,SELL,130000.0,-0.530344973814223,-0.8422825995949653,0.5275272234990666,22.900247150990587,0,2025-01-08 11:58:00
1043,Client10,Barrier Reverse Convertible,SPX,BUY,510000.0,-1.0030373658698517,2.774407508708711,0.38934472637884343,24.225956671009214,0,2025-01-08 12:02:00
4822,Client17,Autocall,NVDA,BUY,800000.0,-2.113712641899108,4.603606551289813,0.29583456583309253,31.683824958194084,1,2025-01-08 12:12:00
2888,Client35,Autocall,NVDA,SELL,680000.0,0.9931136329720793,3.663395286819253,0.4401016671936424,26.142479848823474,0,2025-01-08 12:12:00
1231,Client34,Autocall,AAPL,SELL,220000.0,-2.413114809569143,1.764845816167173,0.18992157857721753,14.716625863185866,1,2025-01-08 12:16:00
2812,Client26,Bonus Certificate,SMI,SELL,230000.0,-1.184972983999054,-0.2719250435222468,0.24561758447344878,9.440153250879913,0,2025-01-08 12:18:00
4483,Client06,Autocall,AMZN,BUY,1450000.0,-2.3986458313767436,5.77832180476695,0.24618745559071945,45.93359642581879,0,2025-01-08 12:18:00
2802,Client09,Autocall,NESN,BUY,440000.0,-0.17585959823624528,-1.5637913203738951,0.5569468940543275,0.918243124417395,1,2025-01-08 12:25:00
2168,Client22,Autocall,MSFT,SELL,380000.0,-1.1142799453924923,-0.056229735638833024,0.3181334232218532,26.07452501905292,0,2025-01-08 12:25:00
4424,Client05,Barrier Reverse Convertible,NESN,SELL,440000.0,-1.3624542256306529,-1.0199740579419978,0.8816902341772648,40.155467398111114,0,2025-01-08 12:28:00
540,Client16,Autocall,TSLA,BUY,1110000.0,-1.073279163053134,-0.4540552139247257,0.19639437026674458,13.01461463621854,0,2025-01-08 12:29:00
4437,Client05,Reverse Convertible,NESN,BUY,400000.0,0.7787681101012047,1.3293117143243194,0.4211003247421019,,1,2025-01-08 12:30:00
4008,Client23,Bonus Certificate,SPX,SELL,410000.0,1.4829937785381202,-1.9136010607888452,0.44792488804439917,2.5955488767681056,0,2025-01-08 12:30:00
558,Client20,Barrier Reverse Convertible,AAPL,BUY,310000.0,0.25057934606062815,-1.8281214141848636,0.7510781611929213,12.546805327816474,0,2025-01-08 12:31:00
1504,Client04,Tracker,NESN,SELL,640000.0,0.30641572449267934,1.0919852149766869,0.2574786259553835,,0,2025-01-08 12:31:00
2963,Client17,Autocall,AMZN,BUY,730000.0,-1.6498871552127363,2.426376294800373,0.4199330992679072,25.412252374257786,0,2025-01-08 12:33:00
2227,Client22,Autocall,NVDA,BUY,460000.0,-0.46441158146927236,4.340557121802162,0.2671469367309237,35.545625587711335,0,2025-01-08 12:37:00
1372,Client25,Barrier Reverse Convertible,MSFT,SELL,640000.0,-1.3120226588097352,-2.3668072395210085,0.3429388005592908,43.28122079641343,0,2025-01-08 12:41:00
4924,Client17,Bonus Certificate,AMZN,SELL,410000.0,3.447783596394973,-0.15703498800061305,0.26624818771999675,29.441477373832992,0,2025-01-08 12:53:00
2444,Client26,Autocall,MSFT,BUY,290000.0,-2.9024360037331967,0.01409483922117603,0.3453344983436589,45.14285157502818,0,2025-01-08 12:57:00
962,Client16,Reverse Convertible,TSLA,BUY,850000.0,3.7392963461540845,-7.1163077387816225,0.9246017337932346,,0,2025-01-08 12:57:00
419,Client37,Barrier Reverse Convertible,TSLA,BUY,180000.0,3.1776325443206623,1.2986960810342922,0.5370702772458681,30.89078134802955,0,2025-01-08 13:03:00
2735,Client22,Autocall,SMI,SELL,270000.0,0.020434285942770504,1.326030224445152,0.34773540697185734,8.480515166025809,1,2025-01-08 13:03:00
4575,Client38,Autocall,NVDA,SELL,370000.0,-1.0232592266921614,5.4314953546401235,0.22305507282871487,26.921683589042516,1,2025-01-08 13:04:00
2850,Client05,Autocall,SMI,BUY,300000.0,-2.3728697408315242,3.386932822779163,0.23830183353867823,12.290406172201862,1,2025-01-08 13:05:00
3263,Client12,Autocall,TSLA,SELL,350000.0,1.9371195085786068,0.03950140725194423,0.5452705279397029,21.44589367982459,0,2025-01-08 13:09:00
1129,Client37,Tracker,AMZN,SELL,340000.0,0.32950591339616303,4.111013436012506,1.314816502714286,,1,2025-01-08 13:09:00
3848,Client28,Barrier Reverse Convertible,TSLA,BUY,230000.0,-1.6297097532241855,1.4611890294605578,0.3703770388487937,24.426553061822272,1,2025-01-08 13:11:00
2566,Client13,Bonus Certificate,NVDA,BUY,450000.0,-1.8186872803713028,4.563815152479102,0.29714584243287434,2.7685707686412266,0,2025-01-08 13:12:00
4149,Client38,Tracker,SPX,SELL,610000.0,-2.0113783916167836,-1.398176421141922,0.2888723058869697,,0,2025-01-08 13:21:00
3406,Client03,Autocall,TSLA,SELL,680000.0,0.41506607118770766,2.1245303497588557,0.48604664155592353,47.48028985409884,1,2025-01-08 13:24:00
2079,Client35,Autocall,NESN,SELL,580000.0,0.9355672593396198,-4.542453745031364,0.3756251475760694,32.22327620010674,1,2025-01-08 13:26:00
193,Client02,Autocall,SPX,BUY,1260000.0,-0.17690879015566283,0.47414025014272454,0.5533836247832242,46.03391471928421,0,2025-01-08 13:27:00
4935,Client28,Autocall,NESN,BUY,550000.0,-0.8807111099242814,0.7228865337898511,0.3592575647761323,7.869873018858387,1,2025-01-08 13:29:00
4361,Client07,Autocall,MSFT,SELL,140000.0,0.48400921332086416,-1.840239733112754,0.3183029530144409,47.846710347290156,1,2025-01-08 13:29:00
1802,Client17,Autocall,TSLA,SELL,1280000.0,-0.6843259193076031,-1.1691619302246514,0.6709096696861275,42.306480343051916,1,2025-01-08 13:30:00
1297,Client10,Barrier Reverse Convertible,AAPL,SELL,1270000.0,1.0126734382828773,0.907002991060784,0.24464368988940915,17.22761967400135,0,2025-01-08 13:33:00
4628,Client37,Autocall,SPX,SELL,850000.0,-2.2997314904257817,-0.22399747930487168,0.44912208408357224,8.770572039948638,0,2025-01-08 13:37:00
4588,Client39,Autocall,TSLA,BUY,170000.0,-2.2564377871188044,-3.5250356881201697,0.7029542190535478,26.611244669086066,1,2025-01-08 13:37:00
670,Client40,Autocall,AMZN,SELL,830000.0,-2.246709341666559,-4.057048071236277,0.5690296181717623,7.334118173278048,0,2025-01-08 13:39:00
380,Client20,Autocall,AAPL,SELL,810000.0,2.0841354695421965,-6.729231046600491,0.3030197946183549,5.448815825100212,0,2025-01-08 13:41:00
2703,Client27,Reverse Convertible,MSFT,BUY,160000.0,0.629479871254456,3.021070256379245,0.2962931989285995,,0,2025-01-08 13:44:00
4426,Client18,Tracker,TSLA,BUY,690000.0,0.2864141474358077,0.26299897424673824,0.26441097362649046,,1,2025-01-08 13:48:00
1908,Client11,Autocall,SPX,SELL,570000.0,0.6788373878271348,3.7853617797865278,0.85535274933072,41.738509711364635,0,2025-01-08 13:49:00
4888,Client40,Tracker,MSFT,BUY,300000.0,6.1006065614354466,0.088119744468269,0.22955216275356133,,0,2025-01-08 13:50:00
4419,Client30,Autocall,MSFT,SELL,340000.0,4.6450203964223515,-2.9657444924523846,0.11469705286125438,44.30403956080972,1,2025-01-08 13:54:00
1700,Client18,Barrier Reverse Convertible,AMZN,BUY,650000.0,-2.232772809443988,2.3279466853380786,0.18690094695505893,20.34780066646085,0,2025-01-08 13:54:00
4060,Client10,Autocall,AAPL,SELL,900000.0,0.2845854870331075,-2.5936055934517266,0.4443273301569307,2.885593754344129,0,2025-01-08 13:58:00
1614,Client13,Autocall,NESN,SELL,260000.0,-3.007330654929466,-4.64229451739712,0.6902549523729512,10.356540338801834,1,2025-01-08 13:59:00
1789,Client28,Autocall,AAPL,SELL,470000.0,-0.9640593572256476,1.4045618779476614,0.40732794196265365,40.54026060280441,0,2025-01-08 14:01:00
3759,Client11,Autocall,TSLA,SELL,240000.0,-2.5933735486309417,-0.6000962410272679,0.18325591545682207,18.385372870814308,0,2025-01-08 14:07:00
4323,Client04,Barrier Reverse Convertible,AAPL,SELL,520000.0,0.5355133447847398,4.533638809719448,0.6147547604060745,43.378795627435544,1,2025-01-08 14:07:00
1744,Client07,Autocall,TSLA,BUY,250000.0,-1.9270100291784773,2.617400786628397,0.37092568263706044,44.655138551128935,1,2025-01-08 14:09:00
1374,Client17,Autocall,AMZN,SELL,1490000.0,-0.11698567598184635,2.492402837730077,0.44310717356825213,32.33200834627528,0,2025-01-08 14:12:00
34,Client35,Barrier Reverse Convertible,SPX,SELL,360000.0,-0.2517421260053658,-1.4527294855813286,0.15550186137387037,39.99202450676449,1,2025-01-08 14:14:00
403,Client13,Autocall,MSFT,SELL,480000.0,0.01119576570854072,2.5837213725826347,0.24977743719459736,23.839547047082394,0,2025-01-08 14:17:00
2018,Client32,Autocall,NESN,SELL,770000.0,-1.955744029934011,0.3527893810059056,0.4657475328097854,4.566138095458267,0,2025-01-08 14:25:00
2571,Client31,Autocall,AMZN,SELL,950000.0,3.6154820775917043,1.082509158109845,0.4473436546502467,34.07911362129283,1,2025-01-08 14:33:00
3690,Client11,Autocall,NESN,BUY,390000.0,-0.6257094007301284,3.6695672276350466,0.6017967877845091,43.36076368496203,0,2025-01-08 14:34:00
4648,Client39,Barrier Reverse Convertible,NVDA,BUY,420000.0,-1.4612345226667043,-3.711561034859163,0.4086417616350936,15.217867311027778,0,2025-01-08 14:34:00
2629,Client22,Tracker,AMZN,BUY,900000.0,1.9044187855080454,-4.553931062169254,0.3148666597852729,,0,2025-01-08 14:35:00
2335,Client02,Barrier Reverse Convertible,TSLA,BUY,1380000.0,1.5148976109387262,-3.517103483424501,0.5096733709665712,44.16005032098826,0,2025-01-08 14:38:00
1895,Client26,Autocall,SPX,BUY,910000.0,-0.36082655447856277,-4.542401688939834,0.7477627161103078,4.854679573535991,1,2025-01-08 14:43:00
327,Client34,Reverse Convertible,TSLA,BUY,240000.0,-2.6425028932497643,1.2839599269690463,1.1714211058662074,,0,2025-01-08 14:46:00
3314,Client36,Autocall,NESN,BUY,1790000.0,-2.114712281837163,-2.381485736240962,0.391323583344095,1.1576527400088132,1,2025-01-08 14:52:00
942,Client17,Autocall,SMI,SELL,980000.0,-1.5835052894033619,-0.054338189463740166,0.36841284525577817,43.20233312691265,0,2025-01-08 14:52:00
307,Client13,Autocall,AMZN,BUY,170000.0,0.590856165762867,0.02160123564257884,0.5819494673456517,12.609964235575305,1,2025-01-08 14:57:00
4870,Client15,Reverse Convertible,SMI,SELL,900000.0,-1.803586375177609,-6.448474798692146,0.25728742813049305,,1,2025-01-08 14:58:00
1107,Client37,Bonus Certificate,SPX,BUY,330000.0,-0.007581384770895027,-1.706927056153676,0.42655389167424723,4.6476030011167735,0,2025-01-08 14:59:00
3324,Client20,Autocall,TSLA,BUY,720000.0,0.45692320770410483,-1.7811497600071071,0.6521358286401939,18.726564884814568,1,2025-01-08 14:59:00
2298,Client32,Barrier Reverse Convertible,SPX,SELL,550000.0,0.6586051980535644,2.1877670658797896,0.38385862457444103,42.35454916114121,0,2025-01-08 15:01:00
2518,Client27,Barrier Reverse Convertible,AMZN,SELL,210000.0,-1.9442016611520991,-5.9007336151025065,0.5507054605839549,21.144004945566707,0,2025-01-08 15:02:00
4205,Client34,Bonus Certificate,TSLA,SELL,500000.0,-3.4297766102416083,2.274756017168185,0.335002370091917,30.258457783744632,0,2025-01-08 15:06:00
961,Client34,Autocall,SPX,SELL,410000.0,-0.15328748391933103,5.43172999212331,0.22391905456028446,39.21739521985311,1,2025-01-08 15:06:00
3724,Client29,Reverse Convertible,NESN,SELL,550000.0,-3.415665598731985,-1.4041034010926872,0.15061400853544074,,0,2025-01-08 15:09:00
2616,Client05,Autocall,TSLA,BUY,370000.0,0.9169104116822415,-4.02249953950424,0.7581523079372147,26.455820766621784,1,2025-01-08 15:09:00
2672,Client40,Barrier Reverse Convertible,AAPL,BUY,420000.0,1.4420099553925734,-6.7127442339877055,0.5364008313259099,8.206279100654907,1,2025-01-08 15:10:00
1445,Client17,Autocall,AAPL,SELL,480000.0,-2.0047636378001186,-5.698369923226824,0.37210817755265824,37.97407033367713,0,2025-01-08 15:11:00
2965,Client32,Reverse Convertible,TSLA,BUY,380000.0,1.5072785920119967,-3.278700350577401,0.44021394945171605,,1,2025-01-08 15:14:00
912,Client29,Autocall,NVDA,BUY,460000.0,-3.9345356341653615,-4.562391787200392,0.38910432907147957,3.5266847752384756,1,2025-01-08 15:16:00
1835,Client18,Barrier Reverse Convertible,AAPL,BUY,780000.0,-1.9349652987451584,2.115266853653219,0.5322920580491473,46.83384042920823,0,2025-01-08 15:17:00
4212,Client10,Autocall,TSLA,SELL,1430000.0,2.3436823021947473,-0.7764429885405364,0.3516663360553872,2.809236518804897,1,2025-01-08 15:31:00
2505,Client28,Autocall,AAPL,BUY,320000.0,0.8820543064176158,6.314846993209208,0.3597574539641004,10.08423412076337,0,2025-01-08 15:31:00
4809,Client34,Autocall,NVDA,BUY,370000.0,2.491181791529142,0.20300792567948658,0.2303987704660487,19.101633865793378,1,2025-01-08 15:38:00
583,Client03,Autocall,NESN,BUY,840000.0,0.0834807698790154,-1.6397550530432754,0.5737688622522866,35.50603562108202,0,2025-01-08 15:40:00
2899,Client05,Autocall,AAPL,BUY,650000.0,1.9712152781655086,-3.4107323194546946,0.4817933190690629,17.611497667074467,0,2025-01-08 15:43:00
893,Client40,Tracker,AAPL,BUY,570000.0,0.024405090744729168,0.013780629903591902,0.27288062668776897,,0,2025-01-08 15:47:00
4322,Client30,Tracker,SPX,SELL,280000.0,-1.1891253100186796,-0.7620582333024432,0.6071070611707572,,0,2025-01-08 15:52:00
1191,Client01,Reverse Convertible,NVDA,SELL,120000.0,1.0378077462773858,-3.5421640194318194,0.31626868099130195,,0,2025-01-08 15:52:00
1630,Client13,Autocall,TSLA,BUY,370000.0,1.7782320193388574,-1.0254649311490829,0.4411590758163501,33.8985428342667,1,2025-01-08 15:53:00
4065,Client07,Autocall,TSLA,BUY,680000.0,-0.6963264034317938,0.08506359515341545,0.4267915713514486,34.70862002367305,1,2025-01-08 15:56:00
2935,Client32,Autocall,NESN,SELL,660000.0,0.6412087271937883,-3.6678590061978116,1.2475843131947029,2.3955764035175795,0,2025-01-08 15:56:00
4365,Client13,Autocall,SMI,BUY,270000.0,-2.4131708469937685,2.7299273162936037,0.3465543400973276,23.024957958895442,0,2025-01-08 15:59:00
3334,Client35,Autocall,AAPL,SELL,390000.0,-1.456794269103303,-4.334646241200523,0.5598422815996982,42.134873802631446,0,2025-01-08 16:04:00
192,Client29,Barrier Reverse Convertible,MSFT,BUY,430000.0,-0.037955521992243654,-4.927484048943821,0.30876788429433993,35.08968817866042,0,2025-01-08 16:06:00
3606,Client25,Autocall,NESN,SELL,1330000.0,3.364041355645483,5.073448774250185,0.3364629675955789,26.625868032537003,1,2025-01-08 16:07:00
2197,Client08,Reverse Convertible,SPX,BUY,270000.0,3.2481238942681854,1.346714474654814,0.302882483147715,,0,2025-01-08 16:17:00
4687,Client11,Autocall,AAPL,BUY,410000.0,-0.6348879598109753,-1.3940393402482358,0.21680835351588187,38.955870329815895,0,2025-01-08 16:18:00
4331,Client37,Autocall,SMI,SELL,610000.0,-1.3444088374723866,4.532094112295498,0.8806613324503415,10.039686902536804,0,2025-01-08 16:21:00
1467,Client10,Autocall,AAPL,BUY,710000.0,1.9521049039210445,8.104789763298555,0.5051541977237732,48.61942370745466,1,2025-01-08 16:24:00
2158,Client25,Autocall,SMI,BUY,1530000.0,-2.440618737731413,2.688646130628882,0.3373821359853804,31.02896125742441,1,2025-01-08 16:25:00
1854,Client16,Autocall,SMI,BUY,600000.0,-0.9686041022945474,0.0997611950719929,0.6271127652197545,4.534925442386695,0,2025-01-08 16:27:00
4604,Client38,Autocall,TSLA,BUY,220000.0,1.7359795240773204,-0.09871872570862004,0.5719971303516714,7.679742343214446,1,2025-01-08 16:30:00
1767,Client31,Bonus Certificate,SMI,SELL,380000.0,-2.953926481709364,2.9067893306140586,0.35041476698771784,7.200390272698759,1,2025-01-08 16:33:00
1046,Client10,Autocall,NESN,BUY,800000.0,5.470840241468966,-5.995652738645579,0.313753539069793,20.19096024591212,0,2025-01-08 16:43:00
3264,Client02,Autocall,NESN,SELL,620000.0,-0.4093556844171634,-2.4708223333529418,0.49398941190652695,13.61008585025657,1,2025-01-08 16:45:00
1274,Client27,Autocall,SMI,BUY,480000.0,-2.759841443887742,-0.6013367016218794,0.4136087964299908,43.698338055482076,0,2025-01-08 16:46:00
2914,Client22,Autocall,TSLA,BUY,190000.0,-0.026734425878397597,5.500233598812397,0.273754335658269,2.9082835468616564,0,2025-01-08 16:46:00
4638,Client04,Autocall,AMZN,SELL,910000.0,-0.48299308228344995,3.367925564327791,1.5259646854473932,35.57651695370024,0,2025-01-08 16:49:00
1373,Client10,Autocall,SMI,BUY,2660000.0,2.2106099245472524,-6.321365346742205,0.7298504441652963,42.56364507838403,1,2025-01-08 16:51:00
336,Client13,Reverse Convertible,SMI,BUY,400000.0,-0.09069982659622479,-0.6817501076319916,0.5575369881389763,,1,2025-01-08 17:00:00
711,Client30,Autocall,SMI,SELL,330000.0,-2.1269715621823595,3.6251034455474453,0.4348914074665611,1.9131565704379627,0,2025-01-08 17:05:00
2284,Client16,Barrier Reverse Convertible,MSFT,SELL,1660000.0,-1.4293394215150061,4.476099887011975,0.1898119631788465,33.80410702754435,0,2025-01-08 17:08:00
645,Client25,Reverse Convertible,MSFT,SELL,1330000.0,1.5587214726054217,-2.1797931054710706,0.27162649577688014,,0,2025-01-08 17:08:00
1560,Client09,Bonus Certificate,AAPL,BUY,840000.0,0.842034195885513,0.8000684442100019,0.606258394116031,12.673734618222603,0,2025-01-08 17:10:00
2017,Client32,Barrier Reverse Convertible,NVDA,BUY,340000.0,0.9283264345468462,2.837355271456511,0.7948085981040443,26.965919557306968,0,2025-01-08 17:22:00
3543,Client11,Autocall,AAPL,BUY,400000.0,-0.4205818065113352,0.629638727999199,0.49047591994225287,13.010374847602618,0,2025-01-08 17:22:00
2322,Client22,Autocall,AAPL,BUY,400000.0,-2.477737739449162,-0.5254561991997049,0.22785688591118994,44.413844080415124,1,2025-01-08 17:26:00
4257,Client18,Autocall,SPX,BUY,2720000.0,2.3883874216592167,-2.25924003351469,0.5682847943032762,30.272052639413115,1,2025-01-08 17:34:00
2902,Client22,Bonus Certificate,SMI,SELL,1310000.0,0.30726941208095904,5.3263569807298765,0.539548198906701,43.03021665906751,1,2025-01-08 17:35:00
3919,Client02,Bonus Certificate,NESN,SELL,690000.0,3.5627183714541486,1.690206219407806,0.7533509896800441,22.543177698140305,1,2025-01-08 17:35:00
1236,Client38,Autocall,AAPL,BUY,270000.0,-0.5582134604601041,-0.537342272184646,0.4779500405743258,16.119127368492762,1,2025-01-08 17:36:00
2184,Client32,Autocall,SPX,BUY,420000.0,-0.4217227867427366,-2.2952442805596354,0.4396139816412437,5.238717173268798,0,2025-01-08 17:36:00
926,Client32,Barrier Reverse Convertible,NVDA,BUY,620000.0,1.1141893924501547,-1.6624957902139408,0.28607026400991437,7.5122792900750195,1,2025-01-08 17:38:00
1279,Client36,Tracker,MSFT,BUY,2800000.0,0.5685579771285777,0.28281066953072714,0.6653134727000108,,1,2025-01-08 17:40:00
2652,Client02,Reverse Convertible,NVDA,SELL,920000.0,-5.024961484626938,-0.07444088578506039,0.25496006064395665,,0,2025-01-08 17:46:00
4054,Client37,Barrier Reverse Convertible,MSFT,SELL,150000.0,-4.011984537359552,-1.8404747079869708,0.5991299973908847,47.35520125628124,0,2025-01-08 17:51:00
2340,Client25,Autocall,TSLA,SELL,1210000.0,0.8327119671388331,-5.576806394122482,0.4598387836036185,41.57239377564877,1,2025-01-08 17:51:00
964,Client25,Autocall,TSLA,BUY,680000.0,1.73451710612675,2.2664182169617293,0.2812102963076359,49.70945519150859,0,2025-01-08 17:52:00
2043,Client02,Autocall,SPX,BUY,1410000.0,-0.38388030196536954,1.2857268433028817,0.08435560682664775,34.92496157514927,1,2025-01-08 17:57:00
4525,Client28,Autocall,AAPL,SELL,350000.0,-3.9817149673679046,-2.0398989404687997,0.16861896786854716,7.502695736457787,1,2025-01-09 08:00:00
4652,Client32,Bonus Certificate,SPX,BUY,360000.0,0.6058778045126844,-0.8805593381719706,0.2920891087131597,36.01893157481803,0,2025-01-09 08:03:00
3000,Client30,Autocall,AMZN,SELL,350000.0,-2.7062110662337515,1.1823030950412257,0.1463226218884631,32.51551643571759,0,2025-01-09 08:05:00
1087,Client16,Autocall,NVDA,BUY,470000.0,0.579288307946108,5.864619480926724,0.3258250474605143,33.37364637454435,0,2025-01-09 08:07:00
3868,Client20,Autocall,AMZN,SELL,360000.0,-1.6356236866859983,2.775909623795137,0.2232365029788991,23.280186793498643,0,2025-01-09 08:07:00
2230,Client21,Autocall,AMZN,SELL,50000.0,-3.033073761107452,2.583382817198173,0.7258168171319939,37.10807134877066,1,2025-01-09 08:09:00
4544,Client07,Autocall,AAPL,SELL,450000.0,-0.7805922635384425,3.4640161583239397,0.47950850661399247,14.340803823286436,1,2025-01-09 08:10:00
1096,Client12,Tracker,MSFT,BUY,420000.0,1.2113628869315756,-5.3965082851447415,0.43964532816781154,,1,2025-01-09 08:12:00
2737,Client11,Reverse Convertible,NVDA,BUY,880000.0,-1.5634964058773406,4.394372817554619,0.48953196507897223,,0,2025-01-09 08:13:00
2047,Client35,Bonus Certificate,NESN,BUY,350000.0,-0.5738517223459706,5.759437511213461,0.22291888135251228,33.35547776666565,1,2025-01-09 08:18:00
2050,Client08,Autocall,SMI,SELL,420000.0,0.8886386172147244,3.3722015813941546,0.48917660177514616,16.049430988227765,0,2025-01-09 08:20:00
4476,Client28,Reverse Convertible,SMI,BUY,560000.0,2.1861975396635787,4.653087810081957,0.3272028275758187,,0,2025-01-09 08:22:00
2692,Client34,Autocall,SMI,SELL,660000.0,3.6394854846030325,-0.026178070641556465,0.1609096104721228,39.79566142721675,0,2025-01-09 08:23:00
4027,Client12,Bonus Certificate,SMI,BUY,950000.0,0.7642187710741619,-5.27405643341241,0.5645389733403637,14.962148758330523,0,2025-01-09 08:23:00
3452,Client20,Autocall,SPX,SELL,300000.0,-1.1346808029976099,3.8976172041777604,0.46561223312618527,18.71430173677148,0,2025-01-09 08:26:00
1936,Client07,Tracker,TSLA,BUY,220000.0,-1.8982691904086064,2.428231072641612,0.5658809417119284,,1,2025-01-09 08:26:00
2849,Client21,Autocall,AMZN,BUY,130000.0,-0.14797847818330506,-4.1804530374657105,0.2614601534691604,41.0689753946385,1,2025-01-09 08:28:00
2520,Client17,Autocall,SMI,SELL,1090000.0,1.336693739282303,1.7262869639159737,0.1900990824597912,44.130825168217186,1,2025-01-09 08:29:00
1080,Client01,Autocall,MSFT,SELL,140000.0,-1.7534185245442822,-2.0449999385671305,0.17481580567420568,5.7228733789147395,0,2025-01-09 08:32:00
3591,Client12,Reverse Convertible,NVDA,SELL,260000.0,1.4028946407624083,-3.8406865828512826,0.22726525373258008,,0,2025-01-09 08:34:00
1225,Client03,Autocall,MSFT,BUY,640000.0,2.3580687944167544,-4.220568526710096,0.5149942099131831,48.445901846126496,1,2025-01-09 08:36:00
415,Client30,Autocall,NVDA,BUY,340000.0,0.6623925410548435,1.5413684002821015,0.28925138730304256,41.5498351426124,1,2025-01-09 08:36:00
2718,Client21,Reverse Convertible,NESN,SELL,230000.0,-1.4935752878942594,-3.7998661136028535,0.20480345938392797,,1,2025-01-09 08:42:00
2966,Client16,Barrier Reverse Convertible,SMI,SELL,280000.0,1.8425407121481212,-2.8870361430268536,0.6271552046304041,8.657240378955338,0,2025-01-09 08:43:00
548,Client33,Autocall,AAPL,BUY,140000.0,2.1486785076835,0.27201517133960795,0.295560623080549,1.1758304068032577,1,2025-01-09 08:43:00
3258,Client08,Tracker,SPX,SELL,220000.0,-2.9600924349490616,-3.167126174442449,0.4278634034807183,,0,2025-01-09 08:44:00
1022,Client05,Autocall,SMI,SELL,770000.0,1.957836230994042,0.9390075779874729,0.4775749593613975,25.610739702045837,1,2025-01-09 08:46:00
421,Client26,Autocall,AMZN,SELL,240000.0,3.1821201000579906,6.3341287631672705,0.42215095302644573,33.18622200768867,0,2025-01-09 08:50:00
3846,Client22,Autocall,AMZN,SELL,300000.0,-1.328815561374523,-4.782936990916642,0.5491136474233443,8.610146202775242,1,2025-01-09 08:56:00
731,Client35,Tracker,SMI,SELL,430000.0,-1.4557769574638204,-2.6377516579380575,1.0350958811751212,,0,2025-01-09 08:57:00
4354,Client27,Bonus Certificate,SMI,BUY,330000.0,1.7721039756207566,4.220210411755481,0.4726962854367793,24.023175824792613,0,2025-01-09 09:00:00
4810,Client17,Autocall,AAPL,SELL,830000.0,2.235162356749013,0.2942940835941289,0.6652624832347047,45.379747198299256,0,2025-01-09 09:01:00
4107,Client23,Autocall,AMZN,BUY,570000.0,1.2302662686772097,5.161512651929421,0.8901385498865382,19.31744845675815,1,2025-01-09 09:01:00
1797,Client31,Autocall,MSFT,SELL,480000.0,0.41206968966263124,-4.407012071033281,0.16687267941873307,49.105652967665684,1,2025-01-09 09:06:00
3782,Client01,Barrier Reverse Convertible,TSLA,BUY,50000.0,1.3565613733224133,0.7682734111509352,0.817223235540504,28.54854242875417,0,2025-01-09 09:07:00
4659,Client38,Autocall,SPX,SELL,450000.0,-1.5220782423535584,-0.10393311321403452,0.152417107202343,41.75732346525826,0,2025-01-09 09:08:00
2592,Client28,Autocall,TSLA,SELL,230000.0,-1.2664713055581673,-1.3188058700839622,0.5912662106083478,10.126084329084023,0,2025-01-09 09:10:00
2464,Client38,Autocall,NESN,BUY,80000.0,1.554938045380313,6.069422353033307,0.7334244824184317,19.121649726956036,0,2025-01-09 09:16:00
1068,Client38,Autocall,AAPL,BUY,320000.0,5.0511542998112695,1.3644121216822818,0.8423567060750055,45.627515617224326,1,2025-01-09 09:17:00
3601,Client16,Autocall,NESN,BUY,740000.0,2.917684063205889,1.4229197549058512,0.4521282347048864,16.785253984774613,0,2025-01-09 09:19:00
2147,Client17,Autocall,AMZN,BUY,1540000.0,-1.7919792365500478,1.636600432843534,0.3120860908808872,22.535105117623903,1,2025-01-09 09:21:00
2451,Client19,Autocall,AAPL,SELL,690000.0,-0.9507290460980332,-3.4214437262889943,0.5476167737904497,21.256675693956982,0,2025-01-09 09:22:00
3474,Client37,Autocall,NVDA,SELL,280000.0,-2.305524249487706,-1.4482787799969734,0.23328447147752404,12.06063681453246,0,2025-01-09 09:22:00
4605,Client04,Reverse Convertible,TSLA,SELL,1390000.0,0.45684519883820407,2.167227530653866,0.3730957817379131,,0,2025-01-09 09:23:00
2843,Client28,Barrier Reverse Convertible,TSLA,BUY,160000.0,-2.6065556652055544,-1.018429644926197,0.3138533959653616,42.91212545140125,0,2025-01-09 09:23:00
3577,Client10,Reverse Convertible,NESN,BUY,2820000.0,-0.3757901924500536,-1.4401807996235356,0.28948669662142434,,0,2025-01-09 09:27:00
4543,Client05,Autocall,SPX,SELL,870000.0,3.606334180457513,-0.29936289148512063,0.5564905697556667,16.054567409110742,0,2025-01-09 09:27:00
2276,Client28,Barrier Reverse Convertible,SPX,BUY,1490000.0,1.236774410861404,4.825461731643026,0.596860674845809,48.499407510195766,1,2025-01-09 09:27:00
1726,Client33,Autocall,SMI,SELL,370000.0,1.2019662137668317,-5.742114314032088,0.5216027556349401,36.55545719172733,0,2025-01-09 09:30:00
2279,Client31,Tracker,NESN,BUY,490000.0,2.5966526069804727,-2.3795923807405037,0.4270563944475684,,1,2025-01-09 09:32:00
3611,Client18,Reverse Convertible,NVDA,BUY,840000.0,1.745358931525684,-1.7937738307613227,0.31807438460002635,,0,2025-01-09 09:33:00
2062,Client26,Autocall,AMZN,BUY,600000.0,-0.6448895555416042,5.402476608727819,0.5158574520862772,33.902220059351954,0,2025-01-09 09:38:00
2117,Client08,Autocall,AMZN,SELL,280000.0,-0.9961458230644948,-3.5568757731855705,0.5463408653442272,25.559422310064306,1,2025-01-09 09:40:00
3849,Client35,Autocall,NESN,BUY,300000.0,0.24458646151506003,-2.299669872248861,0.3026684475597361,18.89429109604285,0,2025-01-09 09:45:00
4932,Client05,Tracker,MSFT,BUY,330000.0,-0.821820559479018,6.145909581986043,0.4392845412382164,,0,2025-01-09 09:47:00
2889,Client03,Reverse Convertible,SPX,BUY,460000.0,-0.46483126335865116,7.199192134997283,0.5412377085816983,,0,2025-01-09 09:48:00
953,Client05,Autocall,AMZN,BUY,360000.0,3.276965089267826,-2.0647539982399357,0.7647228959056886,1.1373375819462295,0,2025-01-09 09:51:00
758,Client28,Autocall,NESN,BUY,680000.0,1.4795681040411026,-0.7032553032777868,0.2649330114408419,34.52769063849522,1,2025-01-09 09:58:00
2415,Client03,Autocall,SPX,BUY,1960000.0,0.18158504131995395,5.023844830351379,0.4272586134286364,22.90292258106473,0,2025-01-09 10:00:00
1011,Client36,Autocall,SPX,SELL,1450000.0,0.5427244393316211,0.7648871756675468,0.671027480420776,10.705347095674489,1,2025-01-09 10:01:00
1808,Client22,Reverse Convertible,AMZN,SELL,1250000.0,-1.8592578891138858,-0.7192239738474356,0.5212519920344209,,0,2025-01-09 10:02:00
423,Client01,Tracker,MSFT,BUY,110000.0,-0.07841193311470998,-1.5420223769161145,0.4237242805305297,,1,2025-01-09 10:03:00
821,Client22,Autocall,SMI,SELL,310000.0,-1.5410424426904534,-1.3448314873034835,0.8146594278255772,22.49048708831374,0,2025-01-09 10:10:00
3761,Client18,Reverse Convertible,MSFT,SELL,1830000.0,-0.09086113274378725,2.445293216912132,0.317811988651232,,0,2025-01-09 10:11:00
1224,Client22,Autocall,AAPL,SELL,320000.0,3.9826739324435265,-2.9756936468349866,0.5281922634127668,6.270707528958836,0,2025-01-09 10:11:00
887,Client24,Autocall,SMI,BUY,1210000.0,-3.0710383373360766,0.0833865587454651,0.28209402934091504,0.6290447307184421,0,2025-01-09 10:14:00
3939,Client01,Reverse Convertible,TSLA,BUY,50000.0,-0.6273107818343361,-3.176486248576953,0.4142257169353077,,1,2025-01-09 10:18:00
226,Client15,Autocall,TSLA,BUY,520000.0,-1.5126141586510125,-1.9757497620034123,0.2110735835218545,30.97257854649154,0,2025-01-09 10:20:00
4247,Client35,Autocall,AMZN,SELL,360000.0,-0.9808441422279593,-3.3014675369757613,0.4468430874966547,2.4762446400319718,0,2025-01-09 10:22:00
990,Client23,Barrier Reverse Convertible,TSLA,BUY,330000.0,-2.752623588182858,0.7058742425112728,0.23782375112303686,46.94806189695546,1,2025-01-09 10:25:00
894,Client40,Bonus Certificate,AMZN,BUY,350000.0,3.4624346922258473,-2.7906430849134867,1.0076627984368076,25.025609174865565,0,2025-01-09 10:28:00
2273,Client34,Bonus Certificate,TSLA,SELL,220000.0,2.9061200959068936,1.741938494892944,0.6664432555292036,24.75432791501784,0,2025-01-09 10:29:00
3982,Client10,Barrier Reverse Convertible,SMI,SELL,1270000.0,-1.9981475105523319,1.0794567683024572,0.3247981013432936,20.675179637661113,0,2025-01-09 10:32:00
3676,Client34,Tracker,SMI,BUY,910000.0,-3.179470185058918,1.7614676699349339,0.4439603810937827,,1,2025-01-09 10:32:00
3454,Client23,Tracker,SPX,SELL,410000.0,-0.13574782529840088,0.15406790157301153,0.31823041632614674,,1,2025-01-09 10:33:00
1152,Client03,Tracker,TSLA,SELL,470000.0,-0.9235935804559623,7.954406283257419,0.6572133526079416,,0,2025-01-09 10:35:00
929,Client34,Autocall,TSLA,SELL,310000.0,-0.29558010278099445,4.783793218396212,0.599769674547176,47.33258029100168,1,2025-01-09 10:37:00
844,Client14,Autocall,AMZN,BUY,710000.0,3.19380432373492,-4.809684345016266,0.5968975133636644,28.393300005938244,0,2025-01-09 10:41:00
2983,Client05,Bonus Certificate,AAPL,BUY,1210000.0,1.1598836811499142,-0.061559808570089886,0.5554826570423228,16.171733018861307,0,2025-01-09 10:48:00
1350,Client06,Autocall,SMI,SELL,2270000.0,0.9914943884750159,6.83668481531441,0.6446131042692843,14.094635282995311,0,2025-01-09 10:53:00
417,Client37,Bonus Certificate,MSFT,SELL,930000.0,-0.4092601172682495,3.685353243582365,0.5043469550831591,30.123999094102942,1,2025-01-09 10:55:00
1956,Client12,Barrier Reverse Convertible,SMI,SELL,350000.0,-3.159396132262603,-1.1360336473581198,0.6010493676301851,12.78588142222748,0,2025-01-09 11:00:00
3987,Client01,Autocall,NVDA,SELL,230000.0,-1.4695003096778798,-2.803080912125197,0.49856602956941193,24.046502907976926,1,2025-01-09 11:02:00
489,Client12,Autocall,SPX,BUY,340000.0,-2.1193027762835475,1.8084557416519127,1.0791237816813548,47.75627447899159,1,2025-01-09 11:07:00
1449,Client09,Autocall,SPX,SELL,880000.0,0.30000728374711877,1.0936631325028452,0.6610562696550655,6.480288584274152,1,2025-01-09 11:08:00
268,Client02,Autocall,SMI,BUY,640000.0,-2.8267175252298125,-1.258008462243713,0.48062769545471146,38.466733719930225,1,2025-01-09 11:10:00
3068,Client40,Tracker,NVDA,BUY,490000.0,-1.515908603295356,-2.37996031479553,0.48846448863478936,,1,2025-01-09 11:21:00
3617,Client16,Autocall,AAPL,SELL,470000.0,-2.5198054973469928,-2.306371466299371,0.3598747338642037,8.337244954735695,1,2025-01-09 11:22:00
2053,Client16,Autocall,AAPL,SELL,710000.0,-0.22930968265395746,3.2667036208547247,0.4064058178733807,3.4196969700715893,0,2025-01-09 11:22:00
4616,Client01,Autocall,AAPL,BUY,100000.0,-1.444544540636449,2.728603936981143,0.861607387633863,32.76525661225563,0,2025-01-09 11:22:00
4509,Client18,Autocall,NVDA,BUY,1490000.0,-0.22498257968722837,-0.6587607400373866,0.4034332884943356,14.252790358749156,1,2025-01-09 11:24:00
4042,Client16,Autocall,TSLA,BUY,630000.0,-0.7575910958857389,-0.6857238303435034,0.35863819452901546,45.03457232517001,0,2025-01-09 11:25:00
4618,Client03,Autocall,AAPL,SELL,260000.0,-1.2711944697048507,-0.795141845388895,0.25876217585665523,0.9110896362660659,1,2025-01-09 11:29:00
1182,Client40,Autocall,NVDA,BUY,410000.0,1.6364088445341556,3.493847283955599,0.39208121560503273,8.22077335951324,0,2025-01-09 11:32:00
829,Client07,Autocall,TSLA,SELL,1590000.0,-2.876977594689496,-3.93267650465864,0.31964694254100945,8.659134993744471,0,2025-01-09 11:36:00
1296,Client05,Reverse Convertible,SMI,SELL,750000.0,0.41576192694490754,-3.6320571001075885,0.29448419131516734,,0,2025-01-09 11:37:00
4301,Client30,Autocall,AAPL,SELL,270000.0,-1.3356386625316057,-4.858947835486223,0.23890976133272204,38.640723437937844,1,2025-01-09 11:42:00
667,Client34,Autocall,NVDA,BUY,500000.0,3.560529556557071,1.6193956291051164,0.512662481708021,47.45325998219544,0,2025-01-09 11:42:00
706,Client07,Autocall,TSLA,BUY,820000.0,0.4741084156162903,1.5788518585801175,0.5363244310863726,4.625751953997032,0,2025-01-09 11:42:00
666,Client16,Autocall,TSLA,SELL,500000.0,1.9563007745328878,-0.029413918766247174,0.5652125211340713,4.659290446189191,1,2025-01-09 11:45:00
2142,Client17,Reverse Convertible,AAPL,BUY,1830000.0,3.0830627051347683,3.781556450373085,0.4944735112415827,,1,2025-01-09 11:49:00
794,Client20,Autocall,SMI,BUY,410000.0,-0.6898317504140685,1.545718994129499,0.2662897241790265,22.863868532359827,1,2025-01-09 11:51:00
124,Client12,Bonus Certificate,MSFT,BUY,1100000.0,0.6152445829589319,-6.5055700358893995,0.6377011677848,20.71750542134082,0,2025-01-09 11:53:00
4455,Client26,Barrier Reverse Convertible,SMI,SELL,310000.0,-1.1289901903548745,-0.7152892042624803,0.566504832941488,45.472112670057726,1,2025-01-09 11:54:00
5000,Client11,Autocall,AAPL,SELL,700000.0,-2.1485628416776854,2.3369894927333146,0.35586551378374054,45.984733308725396,1,2025-01-09 11:54:00
466,Client27,Autocall,AAPL,SELL,220000.0,4.4392995902740955,-0.8737652270006095,0.2786085035222648,9.936949629246334,0,2025-01-09 11:55:00
2675,Client24,Reverse Convertible,TSLA,BUY,1500000.0,-1.4689852086256003,0.5602540943715631,0.3613167194649064,,0,2025-01-09 11:59:00
664,Client27,Autocall,NVDA,SELL,120000.0,-1.8003977565020173,1.5653227748966507,0.4978798994178036,48.126244614722566,0,2025-01-09 12:02:00
2430,Client04,Autocall,SPX,SELL,790000.0,0.5711818558317286,2.2766375853222383,0.23132656734039808,18.774428068297482,0,2025-01-09 12:03:00
391,Client02,Reverse Convertible,NESN,BUY,1340000.0,-0.6159209687527172,2.708781001117426,0.1796976116492632,,0,2025-01-09 12:08:00
4495,Client34,Tracker,NESN,SELL,1210000.0,-2.8470611922234212,2.092301067821464,0.3158285300417381,,0,2025-01-09 12:08:00
4713,Client31,Reverse Convertible,TSLA,BUY,400000.0,2.1074240435093463,-2.5870512467682634,0.6943143476666916,,0,2025-01-09 12:11:00
3553,Client18,Reverse Convertible,NESN,SELL,490000.0,-0.3833230162060884,1.5015744097823247,0.8271404982257818,,0,2025-01-09 12:11:00
1423,Client30,Reverse Convertible,SMI,SELL,580000.0,-1.213049366876906,-0.48094832218473826,0.4139926513932696,,0,2025-01-09 12:14:00
4004,Client16,Tracker,SMI,SELL,740000.0,-2.290234776327054,-5.525235261195789,0.3751784977867394,,0,2025-01-09 12:16:00
2123,Client05,Tracker,MSFT,SELL,570000.0,0.13465287607444737,2.0686817892294016,0.42502847732703397,,1,2025-01-09 12:18:00
2299,Client18,Autocall,NVDA,SELL,1790000.0,1.059274152027205,4.251851926724479,0.36159070852099795,48.64416352097442,0,2025-01-09 12:18:00
4802,Client02,Bonus Certificate,NESN,BUY,2040000.0,-1.0347435425238525,-0.2627067303101609,0.46025915429743086,2.9892228866008788,0,2025-01-09 12:19:00
4155,Client37,Tracker,MSFT,BUY,290000.0,-2.043333767634707,-0.7265403782327539,0.2759634437910778,,0,2025-01-09 12:25:00
1754,Client30,Autocall,AMZN,SELL,510000.0,4.102764671643193,-2.4287709003658806,0.49752937656764845,24.085004565703034,1,2025-01-09 12:31:00
4745,Client11,Autocall,AAPL,SELL,330000.0,-0.9693396451552744,1.1541440707561126,0.5578073429093391,13.34080326756265,0,2025-01-09 12:32:00
2160,Client34,Autocall,SPX,BUY,350000.0,1.5045953833784198,5.518046072463209,0.5041764933335023,39.23457210929441,1,2025-01-09 12:34:00
1030,Client36,Autocall,AAPL,SELL,950000.0,0.9553205904035491,0.8426404092340918,0.9219279218002966,46.81300286732735,0,2025-01-09 12:36:00
4223,Client01,Barrier Reverse Convertible,TSLA,BUY,140000.0,0.2114674212011551,-1.6954602421918517,0.2717756142335124,10.037192376305049,0,2025-01-09 12:37:00
3499,Client37,Autocall,SMI,BUY,720000.0,-1.2099530816038973,1.2281652360979194,0.29124065639785385,17.624851346613426,1,2025-01-09 12:38:00
4540,Client28,Autocall,SPX,SELL,360000.0,-0.6592271845961908,0.10539562959289564,0.9977963020789369,41.69285081977795,0,2025-01-09 12:39:00
1059,Client31,Autocall,NVDA,BUY,440000.0,2.821641683744726,2.1229787811850267,1.33682939125581,37.79353609669413,1,2025-01-09 12:46:00
3828,Client28,Autocall,NVDA,BUY,720000.0,0.37252130314076504,3.41918100678311,0.3283821309564075,14.05337080619144,1,2025-01-09 12:47:00
2183,Client18,Autocall,NESN,BUY,1040000.0,0.1462564252475226,0.603836743835247,0.2823101621508934,6.137823807330001,0,2025-01-09 12:55:00
638,Client13,Autocall,NVDA,BUY,370000.0,3.2482063572696025,-2.3677345812386767,0.30353596748636136,7.433750981250093,1,2025-01-09 12:57:00
3694,Client15,Barrier Reverse Convertible,MSFT,BUY,880000.0,-0.6077119291419378,1.202096989614792,0.5232822152964048,43.06894420030031,0,2025-01-09 12:57:00
4061,Client37,Autocall,NESN,BUY,640000.0,0.14436733618759656,3.5012845760691116,0.5850864256238727,1.6493123855707281,0,2025-01-09 13:05:00
2543,Client01,Autocall,NVDA,SELL,260000.0,-0.8973227938708246,7.985704590714902,0.6324015943354575,17.63751366220535,0,2025-01-09 13:06:00
4392,Client07,Autocall,TSLA,BUY,490000.0,-1.4040295045839162,-1.3396988723076853,0.08699195279002878,27.807293416137135,1,2025-01-09 13:21:00
1549,Client22,Autocall,TSLA,SELL,650000.0,-1.4007685328240658,-3.8092212856404792,0.16459050494086774,5.204309347893621,0,2025-01-09 13:24:00
4634,Client09,Bonus Certificate,SMI,BUY,400000.0,-3.1101141577459854,1.6456770600037265,0.3722404335860227,38.6386481706967,1,2025-01-09 13:25:00
2522,Client24,Tracker,MSFT,BUY,830000.0,2.137791214077505,-3.0956777353456686,0.242309770768156,,1,2025-01-09 13:26:00
1406,Client34,Autocall,SMI,BUY,370000.0,2.3787502118585095,-1.7872821012536386,0.3106134583558682,8.490000565673311,1,2025-01-09 13:31:00
617,Client09,Barrier Reverse Convertible,AAPL,BUY,390000.0,0.6878776425044147,1.0791383146548899,0.33211659532792287,10.725642210157488,1,2025-01-09 13:33:00
3467,Client28,Barrier Reverse Convertible,NESN,BUY,320000.0,-2.786062833689053,-4.8825898788171775,0.3187411142397872,17.3334205273604,1,2025-01-09 13:38:00
180,Client20,Tracker,NVDA,BUY,740000.0,-1.7484079477875876,-3.813839894985609,0.30582524818892837,,0,2025-01-09 13:41:00
728,Client20,Autocall,NVDA,BUY,1070000.0,2.781233533467066,0.9311310359337315,0.7244170227556673,42.467810928250294,0,2025-01-09 13:50:00
507,Client11,Barrier Reverse Convertible,TSLA,SELL,580000.0,1.3204990271498935,6.608576209508964,0.5147394064803866,48.24530873980562,0,2025-01-09 13:56:00
4585,Client25,Bonus Certificate,TSLA,SELL,310000.0,-1.8413338909265964,-4.311063393752684,0.2801812803175151,47.66653360599579,0,2025-01-09 13:56:00
1113,Client23,Barrier Reverse Convertible,NVDA,SELL,740000.0,-0.4213772480920506,0.5697744843059571,0.4674682207976097,6.826446606611358,1,2025-01-09 13:56:00
3351,Client11,Barrier Reverse Convertible,AAPL,BUY,380000.0,0.6782312796027218,2.1904987331160086,0.4989365049656168,10.927641790967646,1,2025-01-09 14:01:00
3888,Client06,Barrier Reverse Convertible,SMI,BUY,1660000.0,-0.01270724195033713,-2.815368615826528,0.5851925611479507,18.08919201174427,1,2025-01-09 14:12:00
2169,Client34,Autocall,NVDA,SELL,270000.0,0.0830193659949582,2.7026497650913686,0.9380405861595158,17.219196580871692,1,2025-01-09 14:14:00
2433,Client22,Bonus Certificate,AAPL,SELL,340000.0,-1.240262748835161,4.0864799046496,0.25737811756240764,18.22522486510887,0,2025-01-09 14:19:00
3949,Client22,Autocall,NVDA,SELL,630000.0,3.7665665284127026,-0.06710926536399708,0.20324419286161277,41.05398439545466,0,2025-01-09 14:21:00
3865,Client10,Barrier Reverse Convertible,SPX,BUY,610000.0,2.634300342794614,1.8743156642146208,0.2024226626445935,24.113073675458647,0,2025-01-09 14:22:00
3371,Client05,Autocall,AAPL,BUY,310000.0,0.4614006036578602,0.8561493187294338,0.3495979759402645,8.274909015569754,0,2025-01-09 14:27:00
4897,Client24,Autocall,NVDA,BUY,770000.0,-1.22625603317108,-1.1878020794391495,0.5588697601235252,19.3924638238143,0,2025-01-09 14:32:00
3231,Client22,Autocall,AMZN,SELL,550000.0,1.4884171889492304,0.15632264854209,0.38080773881333396,4.851188112589782,0,2025-01-09 14:33:00
2413,Client13,Autocall,SPX,SELL,210000.0,1.6034401838567036,3.8338715862485753,0.22897513632942365,38.43495126615188,0,2025-01-09 14:34:00
38,Client03,Autocall,TSLA,BUY,410000.0,-1.1708995490789007,0.9445598245034268,0.9179458125172537,41.55942804016784,0,2025-01-09 14:37:00
1307,Client16,Autocall,AAPL,BUY,640000.0,-2.8503951469044524,2.1305980571354377,0.5630176911384622,7.488331642343693,1,2025-01-09 14:39:00
4177,Client38,Autocall,NESN,SELL,330000.0,2.218120006043461,-3.3880111578627545,0.18432565834677328,9.44758742005034,1,2025-01-09 14:42:00
4747,Client09,Autocall,MSFT,BUY,590000.0,0.5619787603557147,0.5532304051914388,0.2432586379495239,49.19354604163007,1,2025-01-09 14:42:00
542,Client25,Autocall,NVDA,BUY,1140000.0,1.7524983340685938,-0.5564027976362746,0.47195579904029517,25.15005828077835,1,2025-01-09 14:46:00
2167,Client37,Tracker,AMZN,BUY,320000.0,0.23725698836753759,-2.800895200330404,0.5816800160873044,,0,2025-01-09 14:48:00
3894,Client16,Autocall,NVDA,SELL,950000.0,-3.892966272644872,-1.2759934896515759,0.2631236864357722,19.16546702774503,1,2025-01-09 14:52:00
2494,Client35,Barrier Reverse Convertible,SMI,BUY,160000.0,2.8364265191662024,2.54663922331061,0.4713424167292282,4.3928595419871765,0,2025-01-09 14:52:00
217,Client10,Autocall,NESN,BUY,990000.0,2.0003082128210905,-2.6006242864624105,1.4082931998185202,39.681190103567,0,2025-01-09 14:54:00
2605,Client25,Autocall,AMZN,SELL,480000.0,1.140419139732632,-1.3583273198689256,0.27546049417615504,9.504225864234812,1,2025-01-09 14:56:00
3950,Client23,Autocall,SPX,SELL,220000.0,0.23233297422683372,3.455698346328716,0.4321691197176217,37.09051944264003,0,2025-01-09 14:58:00
1687,Client20,Autocall,SPX,BUY,430000.0,-0.9646939165095779,3.5527958581346577,0.475426467895504,9.139298501102978,0,2025-01-09 15:00:00
3259,Client02,Autocall,AAPL,BUY,510000.0,-2.877139579396899,4.896373958668325,0.4604796254417693,22.366447640382216,0,2025-01-09 15:03:00
4275,Client31,Autocall,NVDA,BUY,940000.0,4.040761083738277,-3.890761076950943,0.37605648505045414,3.1193574324419826,1,2025-01-09 15:08:00
2834,Client22,Autocall,NVDA,SELL,470000.0,0.14220509497735373,0.5932258724847776,0.5230670909290537,16.480597777901025,0,2025-01-09 15:13:00
4488,Client33,Autocall,SMI,SELL,520000.0,-2.1159093183800213,0.23768258609026416,0.4889719381835023,28.116999586451985,0,2025-01-09 15:17:00
2819,Client05,Barrier Reverse Convertible,AAPL,SELL,730000.0,-0.9179376638135283,6.777778455093818,0.9492177151168005,22.23763364692724,0,2025-01-09 15:20:00
4270,Client14,Barrier Reverse Convertible,MSFT,BUY,1210000.0,2.1527608240854983,3.5788136477280243,1.303208410528894,8.59835707639217,0,2025-01-09 15:21:00
2073,Client02,Autocall,SPX,SELL,1750000.0,0.33831392791439197,6.948537050199539,0.6114021589642731,7.281717302881063,0,2025-01-09 15:22:00
2752,Client02,Autocall,SMI,BUY,1020000.0,-1.7004751798903681,0.13717841983857323,0.20342002729109296,22.406238754920167,1,2025-01-09 15:23:00
2509,Client25,Autocall,TSLA,BUY,510000.0,0.176319819840517,2.472019599574316,0.19011129825057338,44.16244025707316,0,2025-01-09 15:26:00
1913,Client05,Barrier Reverse Convertible,AAPL,SELL,830000.0,-0.6898819668837038,2.2339436497661262,0.11432334036205727,6.054804249420343,1,2025-01-09 15:27:00
4250,Client28,Barrier Reverse Convertible,NVDA,BUY,1270000.0,0.26154334141433205,2.2965071809229953,0.4421695123172611,4.461120897201226,0,2025-01-09 15:32:00
4294,Client05,Barrier Reverse Convertible,MSFT,BUY,1450000.0,0.7268890068911391,-0.24341563705443214,0.6487574190327221,47.242749031187735,1,2025-01-09 15:36:00
3524,Client01,Bonus Certificate,NVDA,SELL,180000.0,-4.024183774842197,0.3600479983348763,0.6924991632395722,3.6615223211984405,0,2025-01-09 15:36:00
4353,Client25,Barrier Reverse Convertible,SMI,SELL,360000.0,-1.5092602058909668,0.06872447736792175,0.8452894759122451,8.217447261075778,0,2025-01-09 15:39:00
2166,Client30,Autocall,SPX,SELL,360000.0,0.2251573690248618,-4.986094306148207,0.48925145009400234,2.3920055537111184,0,2025-01-09 15:41:00
1016,Client05,Autocall,TSLA,SELL,690000.0,3.3569338385540624,-2.355893124377304,0.15308885955514612,44.27499821986819,0,2025-01-09 15:42:00
1636,Client17,Barrier Reverse Convertible,MSFT,SELL,690000.0,0.9451946291170045,-0.7125246609488696,0.35770339705261195,0.915846285761629,0,2025-01-09 15:45:00
877,Client40,Bonus Certificate,AMZN,BUY,680000.0,7.553287766005421,-4.35956234104094,0.2071698973091628,17.086086938047817,0,2025-01-09 15:46:00
3732,Client12,Autocall,NESN,SELL,550000.0,1.2542501753384516,2.5207772666233508,0.14662767006679597,28.645786982250577,0,2025-01-09 15:54:00
1213,Client03,Autocall,NESN,SELL,490000.0,1.4890299601630357,-1.221198403117734,0.28806262149738415,1.3406532910271052,0,2025-01-09 15:54:00
3272,Client07,Barrier Reverse Convertible,NESN,SELL,320000.0,4.20646629271553,1.1317373685499754,0.37824414879029417,43.61415491185999,1,2025-01-09 15:56:00
4783,Client38,Barrier Reverse Convertible,AMZN,SELL,170000.0,-0.017042311414314077,-0.3997026623161193,0.5423841385368192,41.062454211379354,1,2025-01-09 15:56:00
2124,Client32,Autocall,TSLA,SELL,420000.0,1.311196339578656,5.397893696191149,0.6423470410055729,25.260957517304966,0,2025-01-09 16:02:00
2979,Client03,Reverse Convertible,SPX,SELL,270000.0,-1.8006597764575205,-2.66400724894356,0.3951117710259917,,0,2025-01-09 16:03:00
4202,Client34,Autocall,SPX,SELL,260000.0,1.6891313956694878,0.012775198207372454,0.4445634512007328,37.11899324218692,1,2025-01-09 16:04:00
424,Client20,Autocall,MSFT,SELL,190000.0,-0.6292230332752462,0.15090465489937388,0.6172565765430819,1.8365234220221016,0,2025-01-09 16:05:00
1680,Client01,Autocall,SPX,SELL,150000.0,2.56608305281687,0.37417472834201065,0.9212815240894422,23.69768817671109,0,2025-01-09 16:09:00
58,Client28,Autocall,AAPL,SELL,370000.0,-0.8516717825530109,-3.6186625790618105,0.23504971187459717,2.5716943454096475,1,2025-01-09 16:11:00
3741,Client08,Bonus Certificate,AMZN,BUY,1060000.0,1.663119695850555,0.938053016544121,0.5509165506751632,45.98533247232566,0,2025-01-09 16:15:00
2704,Client39,Bonus Certificate,SMI,BUY,160000.0,0.060111683212734086,4.16072939498744,0.5090291618100016,12.440484085783703,0,2025-01-09 16:17:00
1387,Client32,Autocall,AMZN,BUY,1190000.0,-1.3909520726117968,-0.8217811604823746,0.16452102782349173,5.388252466033055,0,2025-01-09 16:18:00
3302,Client30,Autocall,AMZN,BUY,450000.0,-0.4166601265588203,-0.2627781841365954,0.3042579741252522,27.944803178142823,0,2025-01-09 16:28:00
1469,Client25,Tracker,SMI,SELL,2780000.0,0.8909618159307161,-0.12242060017444392,0.31502770581508166,,0,2025-01-09 16:29:00
4146,Client27,Autocall,MSFT,SELL,680000.0,-1.4974368297122513,6.6339708296290585,1.0336022871257462,1.5306362481243785,0,2025-01-09 16:33:00
4666,Client38,Tracker,SPX,SELL,500000.0,-3.636092446656259,1.2591554206149977,0.2191000407729048,,0,2025-01-09 16:33:00
3934,Client40,Barrier Reverse Convertible,NESN,BUY,370000.0,0.7438343005194817,1.7524612998780065,0.15503433823639404,0.5856913302972389,0,2025-01-09 16:42:00
2720,Client22,Autocall,AAPL,SELL,560000.0,-1.1416328882529907,2.6703394150388124,0.460096414843781,22.125653265754657,0,2025-01-09 16:45:00
3343,Client17,Autocall,SPX,BUY,1000000.0,-0.22420467017335935,2.6645832099310756,0.1848633267438391,20.37195637697383,0,2025-01-09 16:45:00
1048,Client19,Autocall,MSFT,BUY,550000.0,0.028327938091138226,1.6580891463420153,0.848528845156925,6.774683768362289,1,2025-01-09 16:48:00
757,Client20,Barrier Reverse Convertible,SPX,SELL,350000.0,1.3601986870842206,-1.0761496935709802,0.5961363479095948,41.423319356406736,0,2025-01-09 16:49:00
2177,Client37,Autocall,SPX,BUY,1210000.0,1.6389765444531128,0.5457256855875536,0.8576056754899167,9.177288891212765,0,2025-01-09 16:50:00
2743,Client34,Autocall,AMZN,BUY,430000.0,2.1616489867333106,-2.9914945263956594,0.4547985053077045,2.319667646025636,0,2025-01-09 16:50:00
1490,Client36,Reverse Convertible,SPX,SELL,1390000.0,2.257346370346587,-7.732473204442128,0.35758014330135207,,0,2025-01-09 16:58:00
4901,Client05,Autocall,SMI,BUY,450000.0,-3.9960773754557817,-1.5736362443620189,0.29242277257246607,13.974489069989543,1,2025-01-09 16:58:00
975,Client30,Autocall,TSLA,BUY,240000.0,-1.2915481713564902,3.545945103986406,0.4628033425928154,49.34140785544784,0,2025-01-09 17:09:00
903,Client05,Autocall,AMZN,BUY,520000.0,2.211110994430705,-4.944239826968175,1.6546473340339027,48.810218897634364,0,2025-01-09 17:10:00
4110,Client03,Autocall,TSLA,BUY,440000.0,1.8712597920336422,-2.8635456820090845,0.43055809591878585,24.895561574205782,0,2025-01-09 17:14:00
4093,Client10,Autocall,NESN,SELL,1020000.0,0.6173204804224823,-2.3083798721682243,0.28196336645193193,40.79190016494494,0,2025-01-09 17:17:00
1712,Client22,Autocall,SMI,BUY,980000.0,4.6628956696331505,-5.949335994242232,0.4089319167336948,3.0178308236377016,0,2025-01-09 17:17:00
3480,Client34,Autocall,AAPL,SELL,320000.0,-2.087082229342467,1.9430618735709313,0.603564481349024,0.5924438537442678,0,2025-01-09 17:26:00
1117,Client05,Bonus Certificate,NVDA,SELL,950000.0,-2.4937939996402356,0.6928822807574658,0.3296916315154382,4.515677822881542,1,2025-01-09 17:26:00
491,Client17,Barrier Reverse Convertible,TSLA,BUY,390000.0,0.6338443899365893,-0.8950813597836043,0.8195173352470351,3.0528094029955097,1,2025-01-09 17:27:00
857,Client11,Autocall,MSFT,BUY,610000.0,2.0984065559835026,-0.3264215673794908,0.3166994316817448,9.329454495611767,1,2025-01-09 17:30:00
345,Client33,Autocall,SMI,SELL,160000.0,0.7213752200077729,2.1232475041374292,0.6996431876080853,41.51789273375018,1,2025-01-09 17:33:00
4792,Client40,Autocall,SPX,SELL,1530000.0,-0.7654445107166032,4.547766561160674,0.3855064184165353,27.867156466549424,0,2025-01-09 17:35:00
1773,Client07,Barrier Reverse Convertible,TSLA,SELL,610000.0,-0.8226806725618795,-0.028246441428649106,0.3081712793332167,38.05028229477573,1,2025-01-09 17:36:00
4303,Client16,Autocall,NESN,SELL,1590000.0,-0.680210547502348,2.710913026164696,0.24500395479809667,43.92861502607819,1,2025-01-09 17:39:00
4526,Client11,Barrier Reverse Convertible,SPX,SELL,500000.0,-1.2443915308419284,-6.680914710363882,0.2959689372812966,40.59705119201003,1,2025-01-09 17:40:00
485,Client26,Bonus Certificate,TSLA,BUY,350000.0,0.3282858654744771,0.20960145680878217,0.718682792905288,36.75024328426542,0,2025-01-09 17:40:00
4184,Client20,Autocall,SPX,BUY,410000.0,4.724929873794062,-0.6656431427152052,0.6004374695005624,35.86829004312359,0,2025-01-09 17:41:00
2681,Client14,Tracker,NESN,SELL,2550000.0,1.220683778062511,0.31013245844449455,0.40704898031688425,,1,2025-01-09 17:41:00
4766,Client32,Autocall,NESN,SELL,930000.0,-3.7446778716073457,-0.0373497858855466,0.3087660010237526,21.446848999656336,0,2025-01-09 17:42:00
1785,Client19,Autocall,NVDA,SELL,850000.0,-2.7376362064128243,0.7474750601240486,0.12930297976585764,5.007495564203368,1,2025-01-09 17:42:00
586,Client03,Autocall,AMZN,BUY,550000.0,3.875226577190932,0.7678316822958406,0.49221875418399885,6.994396554626409,1,2025-01-09 17:48:00
710,Client25,Autocall,SMI,BUY,1280000.0,1.4473193674056726,-0.8673805284689147,0.14913278436047267,41.04941806372276,1,2025-01-09 17:48:00
358,Client39,Reverse Convertible,NESN,SELL,110000.0,-2.135702587798865,-3.425246842592578,0.44074946773790813,,0,2025-01-09 17:50:00
4716,Client15,Barrier Reverse Convertible,SMI,SELL,2280000.0,-0.4339411186025117,4.866808231256498,0.22048563025306842,26.160631761245167,1,2025-01-09 17:53:00
222,Client34,Reverse Convertible,NESN,SELL,240000.0,2.419586747466505,6.125934058071717,0.45560664239585846,,0,2025-01-09 17:58:00
184,Client07,Autocall,NVDA,SELL,280000.0,2.2680064494477907,3.4571643497956863,0.28122041919143037,36.86185259511589,1,2025-01-10 08:04:00
3994,Client08,Autocall,AMZN,SELL,170000.0,1.55351969835977,1.6403591484804672,0.3854806858335639,23.333829691291065,1,2025-01-10 08:05:00
2539,Client13,Autocall,MSFT,BUY,160000.0,-2.6268937727341926,-0.3572067978610167,0.4747358503886087,1.3099107177850011,1,2025-01-10 08:16:00
2440,Client27,Autocall,TSLA,SELL,400000.0,1.422958728791137,-1.749074054034338,0.38412427038611785,20.00744180352603,0,2025-01-10 08:17:00
1735,Client23,Autocall,TSLA,SELL,260000.0,0.46859736740847185,2.2298250110364473,0.4833243455983571,21.24655296505442,1,2025-01-10 08:23:00
1736,Client25,Autocall,AMZN,BUY,790000.0,0.48127763934872697,-4.918976489381911,0.5255622680261025,1.413615564216475,1,2025-01-10 08:25:00
637,Client15,Autocall,TSLA,SELL,1190000.0,4.889149417623353,-2.385045337413067,0.47610259683621964,36.51128623550874,1,2025-01-10 08:27:00
3386,Client34,Autocall,NESN,SELL,160000.0,-0.8367907269218733,-3.78905567844079,0.634571262131306,30.925112344126482,0,2025-01-10 08:33:00
3584,Client02,Autocall,SPX,SELL,930000.0,-0.11083283865162576,-1.1526554278782464,0.6116087104001425,26.471073123638423,0,2025-01-10 08:33:00
2990,Client22,Autocall,SPX,BUY,230000.0,-2.002511200772976,2.599381835674424,0.5355282394794587,25.64866801664308,1,2025-01-10 08:35:00
1660,Client33,Bonus Certificate,NVDA,SELL,540000.0,2.493684970815462,3.259400897629079,0.7824247180076286,2.0299885438050893,0,2025-01-10 08:35:00
2111,Client24,Autocall,NESN,SELL,950000.0,-0.9211941457608275,-0.8484208060036778,0.6432067204843154,49.7644469955994,0,2025-01-10 08:35:00
590,Client21,Autocall,TSLA,BUY,220000.0,0.4955376204142527,-2.862524087740188,0.4455231321971052,32.69633410413102,0,2025-01-10 08:36:00
3640,Client32,Autocall,TSLA,BUY,460000.0,-0.6769725497370849,2.86116945816134,0.8285177474025064,6.015399401481392,0,2025-01-10 08:39:00
427,Client04,Barrier Reverse Convertible,TSLA,SELL,350000.0,2.046692998549617,3.65040159011928,0.42914429088053235,28.81240723990006,0,2025-01-10 08:48:00
1774,Client35,Reverse Convertible,MSFT,SELL,180000.0,0.6005710651073468,-0.2888498614429865,0.536565177536465,,0,2025-01-10 08:49:00
1309,Client25,Autocall,NVDA,BUY,1090000.0,-0.41175788587641377,-1.6119601560520551,0.7916389910458999,16.820641997071352,0,2025-01-10 08:49:00
3699,Client35,Barrier Reverse Convertible,NVDA,BUY,1070000.0,1.2997031295298045,7.749362882878245,1.0024897288352035,27.016131298311112,0,2025-01-10 08:58:00
3906,Client09,Barrier Reverse Convertible,AMZN,SELL,420000.0,-0.41507663802214806,5.512762807887124,0.2052371615983241,14.848980802915513,0,2025-01-10 09:04:00
3767,Client35,Autocall,NESN,BUY,980000.0,-3.2257577463134535,2.9330343400084113,0.8174093010653828,25.85577981821046,0,2025-01-10 09:05:00
4829,Client03,Autocall,TSLA,BUY,240000.0,0.2343014594796019,-8.018153271846359,0.1566584872289196,40.881203897853105,1,2025-01-10 09:06:00
388,Client13,Barrier Reverse Convertible,AAPL,BUY,330000.0,-1.121805457132009,0.6596164673590141,0.22271714733932804,43.340071675017896,1,2025-01-10 09:06:00
3751,Client11,Autocall,SMI,SELL,510000.0,1.7368859049985168,-0.976040109365371,0.41374281868892215,34.672129499042825,1,2025-01-10 09:10:00
2138,Client08,Autocall,SMI,SELL,220000.0,1.2257958974060457,-0.821679219223648,1.0505214514630234,41.67587959214436,0,2025-01-10 09:13:00
4277,Client16,Autocall,NVDA,BUY,370000.0,-1.0628201351729583,0.6040873631562212,0.3370609666393997,9.697820634070748,0,2025-01-10 09:14:00
1591,Client20,Autocall,TSLA,SELL,360000.0,-0.19771348294247015,-3.642604066079528,0.49956396541026443,43.57637129971377,1,2025-01-10 09:16:00
2907,Client04,Autocall,NVDA,SELL,370000.0,2.9301908370364593,0.10792211587295546,0.5177208860730496,13.820756846268466,0,2025-01-10 09:18:00
3479,Client21,Barrier Reverse Convertible,AAPL,SELL,220000.0,0.6972068228878507,-8.194830739058647,0.4862189588045032,22.867764079539864,1,2025-01-10 09:25:00
4272,Client12,Autocall,TSLA,BUY,250000.0,1.9387944405890243,-1.6095458362521367,0.25099294284857593,30.987617843876166,1,2025-01-10 09:31:00
4080,Client36,Bonus Certificate,AAPL,SELL,550000.0,2.2018115333691584,-0.3432785780685797,0.24062478094499345,3.5851984735896405,0,2025-01-10 09:32:00
3599,Client05,Autocall,NVDA,BUY,340000.0,-3.541647718721407,4.200369945354934,0.16788930219356427,45.39298005423851,0,2025-01-10 09:32:00
405,Client33,Tracker,SPX,BUY,120000.0,0.2200166127988816,2.3063007591014726,0.6300604852644156,,1,2025-01-10 09:33:00
3733,Client10,Barrier Reverse Convertible,NVDA,BUY,3050000.0,0.16306364458098754,-0.05366126499309713,0.392713898878733,46.95879599145573,0,2025-01-10 09:36:00
2338,Client21,Autocall,SMI,SELL,140000.0,-3.0385932040268844,5.272466020065699,0.4047467322908724,11.673373217921457,0,2025-01-10 09:44:00
830,Client26,Autocall,SPX,BUY,660000.0,-0.15509272184641215,0.4603652277315388,0.5324488186687742,40.25305310917741,0,2025-01-10 09:54:00
3764,Client12,Barrier Reverse Convertible,SPX,SELL,520000.0,-0.7162651532925354,-3.2758885235210844,0.44257226771819436,15.644806379135595,0,2025-01-10 09:54:00
152,Client35,Bonus Certificate,AAPL,SELL,730000.0,-1.5810627234217138,0.8227471533593887,0.4010849821588211,43.36086852004339,0,2025-01-10 09:56:00
394,Client29,Autocall,SPX,SELL,400000.0,-0.14714555306803292,2.6776539172414155,0.37143524079506185,3.3551123856089493,1,2025-01-10 09:58:00
585,Client32,Autocall,AMZN,BUY,480000.0,-0.011292335281839412,0.031043592277759716,0.6383684016188966,33.43244362579823,0,2025-01-10 10:03:00
880,Client34,Bonus Certificate,AMZN,BUY,400000.0,-0.9334736265292884,-2.870939709261078,0.47902205927421543,13.536517122302671,0,2025-01-10 10:05:00
1517,Client15,Autocall,AAPL,SELL,2130000.0,2.400990990007231,-1.729845075015073,0.2443638845475455,46.909716465680404,1,2025-01-10 10:05:00
4120,Client31,Tracker,SPX,SELL,390000.0,1.2328921987633168,-5.621046091353264,0.46223121416469626,,1,2025-01-10 10:08:00
1920,Client25,Autocall,AMZN,SELL,1960000.0,-0.10637554094224275,-2.095116414534928,0.46302459303159027,48.84644657180884,1,2025-01-10 10:17:00
3166,Client11,Autocall,AAPL,BUY,210000.0,2.6103794144527703,0.5059355876701311,0.8239270674626327,35.95526337583984,0,2025-01-10 10:17:00
4830,Client22,Barrier Reverse Convertible,NVDA,BUY,560000.0,-0.5863468655839484,1.321424458711295,0.16508610717192396,18.52336827636841,1,2025-01-10 10:18:00
1033,Client20,Barrier Reverse Convertible,SMI,SELL,1000000.0,-0.6243888162777128,-1.7489249110157334,0.4284930322557068,34.99056748712122,1,2025-01-10 10:21:00
3843,Client32,Autocall,SMI,SELL,1970000.0,3.7551736045007544,-3.8364834697698877,0.7473376991472641,15.59771794847774,1,2025-01-10 10:22:00
4695,Client03,Autocall,MSFT,SELL,300000.0,-0.8662796800935464,2.2852600380131243,1.1030805747336727,42.220821642532385,0,2025-01-10 10:28:00
1259,Client35,Autocall,SPX,SELL,1030000.0,-0.24127632948921127,0.9188465771244767,0.4434093247170301,31.556996965188432,1,2025-01-10 10:34:00
2118,Client22,Autocall,SMI,SELL,390000.0,-0.8953131121339569,6.228061922284403,0.2789457595217345,34.8483991218327,1,2025-01-10 10:35:00
4499,Client12,Autocall,MSFT,SELL,350000.0,0.9898763337093063,-1.0974121546923519,0.38668993972082155,2.336408172603799,1,2025-01-10 10:37:00
2376,Client14,Autocall,SMI,SELL,1040000.0,1.260157428702182,-0.8257417169915213,0.22351916317249312,32.622742914011,0,2025-01-10 10:39:00
300,Client02,Autocall,SMI,BUY,1550000.0,1.1337235232426437,2.0567562487134787,0.39450967833538086,23.389171013036407,0,2025-01-10 10:44:00
1272,Client32,Autocall,SPX,BUY,650000.0,-3.283961827431395,-0.9773951846357399,0.8063762962653067,10.212201968755075,1,2025-01-10 10:44:00
2316,Client19,Autocall,SMI,BUY,760000.0,2.5607058121286883,-4.692368490580195,0.4479161199411795,19.82839024810573,1,2025-01-10 10:45:00
25,Client02,Bonus Certificate,SMI,SELL,1540000.0,0.9950428422961374,-2.6725323300949526,0.2777712914334824,16.613525598935336,0,2025-01-10 10:50:00
4316,Client19,Autocall,TSLA,BUY,410000.0,-1.4402356839356876,0.5333347339633815,0.26950554350942874,36.985342019196246,0,2025-01-10 10:51:00
1351,Client28,Autocall,AMZN,SELL,500000.0,-3.048841178175456,-8.184530590418724,0.32444571928523885,45.27939661522077,0,2025-01-10 10:52:00
4650,Client09,Autocall,NESN,BUY,360000.0,-2.9789233569631577,-2.2476501540662768,0.1988471893469845,19.02676714497899,0,2025-01-10 10:53:00
689,Client03,Reverse Convertible,NESN,SELL,420000.0,-0.7763921867015038,2.7023324763884387,0.3258683432283829,,0,2025-01-10 10:59:00
1106,Client34,Barrier Reverse Convertible,NESN,SELL,270000.0,-2.4728891451759267,1.5289987065673671,0.38506924458839054,31.046399218051363,1,2025-01-10 11:01:00
4395,Client38,Autocall,SMI,SELL,220000.0,-2.4702108737349664,-1.868855055068967,0.6084658341525794,30.495588922426816,0,2025-01-10 11:08:00
4142,Client33,Barrier Reverse Convertible,AAPL,BUY,250000.0,0.6210774375782991,-2.118619127629219,0.32076847265857433,23.170423132053596,0,2025-01-10 11:08:00
3323,Client25,Bonus Certificate,SPX,SELL,260000.0,0.7433614545366578,0.6050451480896266,0.3710555559207978,23.54739635833575,0,2025-01-10 11:13:00
891,Client33,Autocall,AAPL,SELL,450000.0,-3.599651187280779,2.5162629874274653,0.320672689881973,5.030923203494858,1,2025-01-10 11:20:00
3396,Client34,Bonus Certificate,NVDA,BUY,640000.0,1.0805506146235135,-1.4522688849028826,0.4797349776341036,31.136450213785395,0,2025-01-10 11:20:00
1379,Client22,Autocall,SMI,BUY,800000.0,-0.635337556754185,0.6676713357621886,0.1981883659506719,14.597128324799973,0,2025-01-10 11:21:00
4947,Client11,Reverse Convertible,AMZN,SELL,670000.0,-3.3369546489459707,-2.3319233626291203,0.5342250988707699,,0,2025-01-10 11:21:00
9,Client12,Barrier Reverse Convertible,TSLA,BUY,280000.0,0.2580193908358318,8.33614972436664,0.6797377869545886,28.67545550117748,0,2025-01-10 11:22:00
1791,Client14,Autocall,AAPL,SELL,1670000.0,1.8016936729232533,-0.45325539619804545,0.8257177199987393,34.51852403821586,0,2025-01-10 11:27:00
3207,Client20,Barrier Reverse Convertible,TSLA,BUY,610000.0,0.8820123415490382,0.02703181968317197,0.5447060085727977,11.23699371168841,0,2025-01-10 11:30:00
243,Client08,Reverse Convertible,NESN,SELL,390000.0,-1.8059667446375243,-3.3028200573824957,0.30057467604177873,,0,2025-01-10 11:32:00
648,Client10,Autocall,SMI,BUY,1380000.0,0.02018723797439313,0.15254219898355326,0.29584364197081897,42.403398623668984,0,2025-01-10 11:36:00
1234,Client28,Autocall,SPX,SELL,720000.0,0.6621930813340068,-1.0434217780522443,0.888979128196991,44.743374033599636,1,2025-01-10 11:40:00
1053,Client02,Tracker,SMI,BUY,790000.0,-0.8423661266501495,1.2206242045691613,0.1868470020547646,,0,2025-01-10 11:41:00
777,Client08,Autocall,NESN,BUY,260000.0,-0.9616131408891427,3.586937313881069,0.37161486446798414,29.877136757895272,1,2025-01-10 11:46:00
3274,Client03,Reverse Convertible,MSFT,SELL,240000.0,0.9003264738002461,-4.3247191087353265,0.212338342377836,,0,2025-01-10 11:48:00
4253,Client25,Bonus Certificate,MSFT,BUY,650000.0,-1.496687204767611,4.856931537350316,0.8604127643549756,10.41766610137273,1,2025-01-10 11:50:00
4655,Client13,Autocall,SPX,SELL,170000.0,1.0452455580879103,1.1961248437985996,0.5936344113781636,11.257866924377879,1,2025-01-10 11:51:00
511,Client03,Autocall,SMI,SELL,270000.0,-1.8664028618579123,-1.7484860151592918,0.4317591206652738,26.21312879040657,0,2025-01-10 11:51:00
2558,Client09,Autocall,SPX,BUY,170000.0,-0.8876734099900518,-2.019626603805643,0.48699478277522323,8.724406567184534,0,2025-01-10 11:51:00
2648,Client24,Autocall,AAPL,SELL,1400000.0,0.6257410249897832,1.8885402220436318,0.4193038066449049,45.33062899713751,1,2025-01-10 11:52:00
632,Client20,Autocall,MSFT,BUY,850000.0,-2.7767669315791066,-5.315731990270185,0.20380913889977464,0.7625439474449713,0,2025-01-10 11:54:00
2519,Client02,Autocall,AMZN,BUY,1340000.0,2.142331526453276,-0.3571030613823056,1.2660164534574165,1.2310617151822245,0,2025-01-10 11:54:00
4278,Client13,Autocall,AAPL,SELL,1120000.0,2.1070671378478343,1.9402010712480717,0.2422800103512365,14.273662097019724,1,2025-01-10 11:57:00
319,Client22,Autocall,AAPL,SELL,620000.0,1.901035163398214,0.3751028559143883,0.8348171965653851,8.520328956356703,0,2025-01-10 11:59:00
85,Client05,Barrier Reverse Convertible,NVDA,BUY,570000.0,-1.2980132485746958,-2.806483208653665,0.8211107174874971,29.60498547921698,1,2025-01-10 12:00:00
4900,Client34,Autocall,TSLA,BUY,210000.0,-1.0222845185914249,-0.15206749652324048,0.3429136534709063,35.01425831447776,1,2025-01-10 12:00:00
355,Client36,Bonus Certificate,TSLA,SELL,870000.0,-0.01572846407081486,0.7451739327256915,0.6786108965445076,13.66353600782112,1,2025-01-10 12:01:00
2987,Client30,Autocall,NVDA,SELL,490000.0,1.213452195559697,-3.154960910659192,0.3166470958928127,22.16087722514728,1,2025-01-10 12:04:00
952,Client37,Autocall,NESN,BUY,400000.0,-0.49767803738540783,1.3887817432122476,0.3844304955359618,34.68658932215783,0,2025-01-10 12:04:00
2860,Client26,Bonus Certificate,NVDA,SELL,360000.0,-2.7012918599887636,-1.9313906343486122,0.20054590416296939,47.47353073564356,1,2025-01-10 12:08:00
473,Client15,Autocall,TSLA,BUY,1690000.0,0.5421668810739179,-6.032612833457193,0.5636027605859103,26.499988886323678,0,2025-01-10 12:10:00
1884,Client04,Autocall,TSLA,BUY,530000.0,1.873086497797574,-6.7532968089115135,0.35669799176675915,28.70472320891979,1,2025-01-10 12:11:00
4801,Client37,Tracker,AMZN,BUY,290000.0,1.8479030226681785,-2.067425989181359,0.16725596452884117,,1,2025-01-10 12:12:00
3038,Client33,Autocall,NESN,SELL,190000.0,1.1189273732845624,0.735090327619347,0.2502927809283061,30.34134285529804,0,2025-01-10 12:12:00
1852,Client20,Reverse Convertible,AMZN,SELL,250000.0,-0.8963251552816457,6.100373375919741,0.31746669279781947,,0,2025-01-10 12:13:00
360,Client22,Autocall,AAPL,BUY,360000.0,-0.04413355844668017,-1.8309125515134812,0.3105692951063155,5.295230336330397,0,2025-01-10 12:14:00
3635,Client18,Autocall,NVDA,SELL,1060000.0,0.4229241887027012,5.8353546043021485,0.1603696056466056,19.11534613562059,1,2025-01-10 12:14:00
981,Client23,Autocall,NESN,BUY,940000.0,3.758456267061783,4.645172075145529,0.4328460784105867,23.488282270228794,1,2025-01-10 12:19:00
3933,Client39,Autocall,MSFT,SELL,1270000.0,0.9044982995242316,-8.37119678858635,0.38149479465494873,48.22467748539601,1,2025-01-10 12:21:00
4993,Client25,Barrier Reverse Convertible,MSFT,BUY,1120000.0,0.9998865762253685,1.2970200414797577,0.39804252013057523,23.823693975057232,0,2025-01-10 12:23:00
2362,Client32,Autocall,AAPL,SELL,950000.0,1.9477946887918587,1.005107833905134,0.19951669388596602,46.720830750376784,0,2025-01-10 12:27:00
841,Client16,Bonus Certificate,AMZN,BUY,430000.0,-0.5975639133532968,-0.7831300859091621,0.24188548501148643,9.35222160466665,1,2025-01-10 12:28:00
3647,Client33,Barrier Reverse Convertible,NESN,SELL,150000.0,0.22103629224995366,-2.777583695729018,0.3984515096218443,9.692018254647788,1,2025-01-10 12:35:00
2438,Client34,Barrier Reverse Convertible,SPX,BUY,380000.0,0.924080381459542,2.9435853791641877,0.6281539323505151,49.07099990717324,0,2025-01-10 12:42:00
3213,Client24,Autocall,AMZN,SELL,1140000.0,3.402448610738885,0.3038295664122575,0.29111846387578766,30.549934641249482,0,2025-01-10 12:43:00
4077,Client26,Autocall,TSLA,SELL,420000.0,-0.9548077897366525,-5.13927694290663,0.9012363240199467,39.03144599463265,0,2025-01-10 12:50:00
1904,Client22,Autocall,MSFT,BUY,880000.0,-0.9635436195138791,-0.6014672649949983,0.6237452229846328,18.661173131881565,0,2025-01-10 12:50:00
142,Client33,Autocall,SMI,SELL,230000.0,0.2898813210490624,-1.9083906016827492,0.2998778956508941,23.224311165375095,0,2025-01-10 12:52:00
4181,Client01,Bonus Certificate,SMI,SELL,130000.0,-0.23888214770684904,2.603422630709617,0.5439314159011938,48.346942875142595,0,2025-01-10 12:54:00
2277,Client04,Barrier Reverse Convertible,AMZN,SELL,870000.0,-0.30119566656066055,1.5236278607545175,0.42634013206968574,13.91438605351456,0,2025-01-10 12:55:00
4122,Client28,Autocall,AAPL,SELL,590000.0,-2.694408302791696,2.292967693239068,0.3958397288099994,41.15362526509461,1,2025-01-10 12:56:00
611,Client32,Autocall,SPX,BUY,1430000.0,-1.705530528838254,-1.3264209274081808,0.36196057558095646,15.044155293573292,1,2025-01-10 12:57:00
2551,Client33,Bonus Certificate,SMI,SELL,80000.0,3.37071544680904,0.06706980077431018,0.48278660488298775,45.294225605323355,0,2025-01-10 12:59:00
965,Client06,Autocall,AAPL,BUY,2730000.0,1.48381440453583,-3.749263659262045,0.6259054239060303,2.828057252849203,0,2025-01-10 12:59:00
2877,Client38,Autocall,MSFT,SELL,590000.0,-4.313369828228216,-4.524458171096523,0.6466474628071652,6.2032326832542335,0,2025-01-10 13:00:00
3697,Client34,Autocall,NESN,BUY,490000.0,-1.4389449626657822,-0.9140000349588329,0.4299040077166159,49.48174080176716,1,2025-01-10 13:00:00
3772,Client31,Bonus Certificate,NVDA,BUY,190000.0,0.37541543989709986,5.896142390763744,0.2886240439871723,44.56387638899296,1,2025-01-10 13:02:00
1935,Client34,Autocall,AAPL,BUY,100000.0,-1.2179452609448649,1.1083808216260618,0.5811843268185385,46.047076994111535,1,2025-01-10 13:02:00
1532,Client28,Autocall,AAPL,BUY,450000.0,-0.15552047513741096,-5.453761947404107,0.8269025627283202,21.222639513784376,1,2025-01-10 13:03:00
575,Client16,Autocall,TSLA,BUY,710000.0,-1.631994313197619,-0.5051131235407393,0.37966719488066586,43.25468081325037,0,2025-01-10 13:04:00
3084,Client39,Bonus Certificate,NESN,SELL,180000.0,0.2227844135437102,5.9734846589453845,0.4000141486848811,34.26090559724249,0,2025-01-10 13:08:00
4722,Client39,Barrier Reverse Convertible,MSFT,SELL,370000.0,2.650604968899419,2.9232777208882994,0.3184413765826276,47.14730085694919,0,2025-01-10 13:10:00
3877,Client25,Autocall,AMZN,SELL,1250000.0,1.6940797348982382,1.7585274232319548,0.10046113932369148,42.20492697238639,1,2025-01-10 13:12:00
3855,Client27,Autocall,AAPL,SELL,490000.0,-0.2824458794169986,1.155884993135211,0.32464501995069306,49.69063912748346,0,2025-01-10 13:15:00
1575,Client09,Tracker,NVDA,BUY,430000.0,-1.0685540324003082,-0.607711958627001,0.4421780697529598,,0,2025-01-10 13:17:00
4836,Client20,Autocall,NESN,SELL,330000.0,-1.3061936850902136,3.454398886008871,0.3921879119108757,38.53528463496019,0,2025-01-10 13:20:00
772,Client02,Autocall,AAPL,BUY,720000.0,-1.404737810174018,-0.9001569311575335,2.0,21.437416452262887,1,2025-01-10 13:21:00
1546,Client32,Barrier Reverse Convertible,NESN,SELL,810000.0,-1.6049303618380244,-2.537727811267682,0.2985984083828257,20.91900026313373,0,2025-01-10 13:26:00
1769,Client34,Bonus Certificate,AMZN,BUY,790000.0,-1.1662708847005054,-2.6767246645306604,0.32574396843469655,26.79530312477283,0,2025-01-10 13:26:00
2325,Client25,Autocall,NESN,SELL,1080000.0,4.566013752774131,-3.4382616766490903,0.6015214306391385,38.084714421166105,1,2025-01-10 13:26:00
1550,Client03,Barrier Reverse Convertible,AMZN,SELL,880000.0,0.3285733870358844,-1.680427602559584,0.30240088698929096,41.20724968971891,0,2025-01-10 13:28:00
1886,Client21,Autocall,NESN,SELL,320000.0,-2.7146608563211596,-0.7696567289486296,0.3278673605402546,31.143798168368253,0,2025-01-10 13:29:00
2603,Client19,Autocall,NESN,SELL,450000.0,-0.7000990168170924,-3.2960328619822583,0.5801979920826944,35.23628648319317,0,2025-01-10 13:30:00
3230,Client26,Bonus Certificate,NESN,BUY,530000.0,1.7882035706750095,0.21589156815215668,0.4382270851735662,24.418486394709415,1,2025-01-10 13:34:00
3999,Client34,Autocall,MSFT,SELL,380000.0,1.323144464377037,-3.54821393070333,0.40629423918412866,39.76478528174462,0,2025-01-10 13:40:00
3466,Client11,Bonus Certificate,MSFT,BUY,1140000.0,1.7622594449125746,-3.796499068952471,0.31641375083336004,14.513164995106992,1,2025-01-10 13:45:00
1293,Client23,Autocall,AAPL,BUY,890000.0,-1.776930423848376,-2.0346872345006317,0.15024302650824314,2.372615149292878,1,2025-01-10 13:49:00
3909,Client32,Autocall,NVDA,BUY,740000.0,3.840295694441202,1.506854479374029,0.2097016257298355,46.41902688479803,0,2025-01-10 13:52:00
2360,Client26,Barrier Reverse Convertible,SPX,SELL,580000.0,1.9026293723331726,7.430513252322351,0.6136078567989152,9.518406214119773,1,2025-01-10 13:53:00
161,Client19,Bonus Certificate,NVDA,BUY,1270000.0,1.862015719349663,-1.545615993803254,0.4218732750869386,30.300846141191773,1,2025-01-10 13:53:00
1514,Client33,Bonus Certificate,SPX,BUY,250000.0,1.0019213733387264,1.404273125381002,0.5923962586396316,20.95502981186551,1,2025-01-10 13:58:00
216,Client14,Autocall,AMZN,BUY,830000.0,0.8726867953865406,-2.4320061907486608,0.26054400816731826,33.97573672076945,1,2025-01-10 14:01:00
1002,Client34,Tracker,MSFT,SELL,410000.0,1.1296214316688145,-2.1021636297932873,0.24780173080674114,,0,2025-01-10 14:04:00
2930,Client40,Tracker,MSFT,SELL,310000.0,0.585395841848421,-5.451043828251027,0.4960183786778316,,0,2025-01-10 14:04:00
2257,Client08,Autocall,MSFT,BUY,160000.0,-1.6590754889757142,0.7637093406006638,0.36396978555466236,30.489158258429406,1,2025-01-10 14:07:00
2075,Client40,Autocall,AAPL,BUY,350000.0,-2.3805477507493786,1.1753714557066417,0.36066184506758087,9.619220095957642,0,2025-01-10 14:09:00
497,Client12,Autocall,TSLA,BUY,270000.0,1.924926062513391,-2.6302437945571637,0.3468067289726711,47.91160583140937,0,2025-01-10 14:10:00
2452,Client04,Autocall,NESN,SELL,630000.0,1.4944784646722076,-1.1868088485248414,0.5105591882470493,4.114650795041036,1,2025-01-10 14:10:00
4059,Client38,Autocall,SPX,SELL,570000.0,0.4509560316160773,-3.9410598062435205,0.41703109545500583,22.12588314863081,1,2025-01-10 14:12:00
494,Client07,Autocall,MSFT,BUY,1560000.0,-1.7001467342696217,-0.002676449872942115,0.3392412846875486,0.39749964776455426,1,2025-01-10 14:20:00
3221,Client40,Reverse Convertible,AAPL,SELL,360000.0,1.4555643590398621,-3.102501008260294,0.26841283972064595,,1,2025-01-10 14:20:00
3151,Client15,Autocall,SMI,SELL,2090000.0,-0.22882505382531645,-5.0410212701425845,0.3085982084273075,28.320257844000924,1,2025-01-10 14:27:00
752,Client03,Autocall,TSLA,BUY,240000.0,-0.9329165353538418,0.295971153228141,0.8099896512521144,36.95331109535492,0,2025-01-10 14:34:00
812,Client01,Autocall,SPX,BUY,200000.0,0.14996871773582654,2.065266847450857,0.5141084633290874,46.22235957368822,0,2025-01-10 14:39:00
967,Client17,Tracker,AAPL,BUY,780000.0,-3.1219020031948905,1.8599003542191332,0.541613322400911,,1,2025-01-10 14:41:00
4824,Client05,Bonus Certificate,NVDA,SELL,660000.0,0.8016730271185165,-1.6420243172976723,0.38204621760498253,2.0416793365294508,0,2025-01-10 14:43:00
2201,Client34,Reverse Convertible,MSFT,BUY,510000.0,-0.078745270223829,0.6120739786441117,0.20288549120072796,,0,2025-01-10 14:49:00
1979,Client24,Autocall,AMZN,SELL,1070000.0,1.3397917505072998,-0.22093630942812847,0.4895514037030147,0.5374196944198162,1,2025-01-10 14:50:00
2956,Client18,Autocall,SPX,BUY,940000.0,-0.28274127225572643,1.9111083092807455,0.4535144587382207,39.89898092964469,0,2025-01-10 14:53:00
126,Client37,Autocall,SMI,SELL,420000.0,-1.0191131666098832,-4.7206099441680065,0.3790060816887994,9.927502313069446,0,2025-01-10 14:57:00
4156,Client03,Autocall,SPX,SELL,220000.0,-3.1170634789226646,2.983302833708205,0.32389732606473376,18.38649125031506,1,2025-01-10 14:58:00
3283,Client34,Reverse Convertible,NVDA,SELL,300000.0,-1.1644782461518826,2.0533349569543344,0.25203917413459664,,1,2025-01-10 15:00:00
1328,Client21,Autocall,TSLA,SELL,110000.0,-2.0650212288360223,2.1012397844535142,0.7180549691662034,6.8409200248938875,1,2025-01-10 15:01:00
4842,Client25,Autocall,NESN,SELL,1040000.0,0.07300347517368565,-1.2890247247133286,0.2818811421981965,21.461075045102223,1,2025-01-10 15:04:00
3391,Client33,Autocall,MSFT,SELL,130000.0,-2.2880803877005276,0.14776776483384474,0.25316978055841166,6.03056351398426,0,2025-01-10 15:05:00
3284,Client37,Reverse Convertible,NVDA,BUY,480000.0,1.0331471298911825,1.17625728412777,0.19616433786598975,,0,2025-01-10 15:07:00
1203,Client17,Barrier Reverse Convertible,AMZN,SELL,1390000.0,-2.087945245862755,-5.026101645036086,0.26797656157866945,6.029363711231178,0,2025-01-10 15:11:00
623,Client28,Barrier Reverse Convertible,MSFT,SELL,890000.0,-0.8659565184976474,1.3140016659389797,0.3813689081264665,25.53314092910417,0,2025-01-10 15:16:00
3572,Client37,Autocall,SPX,BUY,760000.0,-1.118749315964038,1.4254521273264336,0.12308063868358228,13.123484051180833,0,2025-01-10 15:18:00
1856,Client24,Autocall,TSLA,BUY,620000.0,-0.31581697058609465,3.160672175513997,0.5308161090385702,8.673052368484768,0,2025-01-10 15:19:00
4468,Client32,Autocall,AMZN,BUY,1110000.0,0.9082334730300784,3.3185727297931047,0.23750258383762882,37.513252895713464,0,2025-01-10 15:20:00
1847,Client08,Autocall,SPX,SELL,390000.0,4.1669258685103765,-1.0817695606458566,0.25359895727681425,15.977966763457129,1,2025-01-10 15:21:00
3424,Client13,Reverse Convertible,AMZN,BUY,130000.0,0.8275639609778335,8.204456196963388,0.43107583992355525,,0,2025-01-10 15:30:00
4784,Client38,Autocall,SMI,SELL,450000.0,0.5645303009242431,3.1206596729159584,0.3917646185909665,21.104673159003962,1,2025-01-10 15:31:00
3831,Client02,Autocall,MSFT,BUY,800000.0,-4.008049698253699,0.9007768507769143,0.24623444661798372,39.13359037401929,1,2025-01-10 15:33:00
1954,Client02,Autocall,NESN,BUY,2170000.0,3.484618557085091,0.8611977105119966,0.5031118704465454,13.81308550046582,0,2025-01-10 15:36:00
619,Client16,Autocall,AAPL,BUY,640000.0,-0.7004389598748098,1.7967162858281478,0.2349581226065311,34.05813246542686,1,2025-01-10 15:40:00
1714,Client07,Autocall,SPX,SELL,820000.0,-0.366955067498934,-6.28212778270826,1.010906722070575,3.6891690079976835,0,2025-01-10 15:41:00
4069,Client36,Autocall,SMI,SELL,640000.0,2.0094618047449435,0.8750684348820073,0.44856679706567776,17.412196046661077,1,2025-01-10 15:50:00
2422,Client27,Barrier Reverse Convertible,TSLA,SELL,440000.0,-3.414508828284548,-3.270044028515378,0.7199002730467404,20.393124952409963,1,2025-01-10 15:50:00
3979,Client03,Autocall,MSFT,BUY,540000.0,-2.145392530921004,4.0099756395992765,0.5009913234910138,47.14583607707166,0,2025-01-10 15:51:00
885,Client16,Autocall,NESN,SELL,260000.0,-0.20901093991691713,2.112623769358341,0.19019937358498673,42.98810090197116,1,2025-01-10 15:59:00
1822,Client25,Bonus Certificate,NESN,BUY,970000.0,3.545314679006268,-0.7443611638064211,0.2948757939496784,48.16969873986229,1,2025-01-10 15:59:00
3875,Client28,Reverse Convertible,SMI,SELL,600000.0,-1.475323881171619,2.885096209617936,0.3620092932436968,,1,2025-01-10 16:02:00
4430,Client20,Bonus Certificate,TSLA,SELL,140000.0,0.6267567362303528,-4.810332346352222,0.5462518578188993,41.22225679715866,1,2025-01-10 16:02:00
3651,Client13,Reverse Convertible,NVDA,SELL,290000.0,-0.8542722654421991,0.04468941446577133,0.5668935473270801,,0,2025-01-10 16:04:00
4903,Client22,Bonus Certificate,SPX,BUY,330000.0,4.103802116436569,-1.4724354021174864,0.4109274982740003,30.056943076622872,1,2025-01-10 16:07:00
941,Client08,Autocall,AAPL,SELL,270000.0,1.1816423937080982,-0.5437966400110286,0.2489832864724495,31.927348274009486,0,2025-01-10 16:10:00
3929,Client25,Autocall,AAPL,BUY,490000.0,-1.5393082840789618,-0.724887563173826,0.36255683855189175,42.90397025230679,0,2025-01-10 16:12:00
18,Client23,Autocall,SPX,BUY,400000.0,-2.064618551972787,-2.4125104884526154,0.2460220425897251,21.816155765610308,1,2025-01-10 16:15:00
2531,Client11,Autocall,SPX,BUY,420000.0,1.0813204237948895,6.777225010108651,0.24670688945083272,9.454293884473758,1,2025-01-10 16:17:00
3456,Client07,Autocall,SMI,BUY,480000.0,-3.025328593247776,-1.5990210392008366,0.393920256032783,43.916896184279366,1,2025-01-10 16:18:00
4252,Client31,Autocall,NVDA,SELL,310000.0,-2.2293452071532096,-3.307984175914484,0.5927005882035286,4.95351000986623,1,2025-01-10 16:22:00
1582,Client18,Barrier Reverse Convertible,SPX,BUY,840000.0,0.26865771520938414,-1.9725373410088225,0.5122105044372095,35.08853342749707,0,2025-01-10 16:28:00
4347,Client20,Bonus Certificate,SMI,SELL,1460000.0,4.191174679215836,-3.8608898578819,0.41508617711531376,19.306734143132935,0,2025-01-10 16:34:00
4907,Client10,Autocall,SPX,BUY,430000.0,1.9224112341597253,-0.24011429550373023,0.6302626932666203,17.107660416524695,0,2025-01-10 16:34:00
4400,Client37,Autocall,AMZN,BUY,530000.0,-0.7819673557496396,-2.827357913091892,0.3308488980205305,20.445323895787503,0,2025-01-10 16:35:00
3802,Client40,Autocall,TSLA,SELL,520000.0,-2.8489057328121654,1.6277499688156858,0.3424069166543569,24.873923872787806,1,2025-01-10 16:40:00
4725,Client08,Barrier Reverse Convertible,SPX,BUY,460000.0,-0.6988210044225491,-0.7803242503847172,0.2370047119249094,25.44792285157137,1,2025-01-10 16:48:00
4970,Client05,Bonus Certificate,TSLA,BUY,670000.0,-0.46734521102874704,-0.1701667786589559,0.23026720527240493,41.90599188154679,0,2025-01-10 16:48:00
3644,Client24,Autocall,MSFT,SELL,1600000.0,0.2906048385873401,5.091822948562676,0.24333742112790105,38.24821693651051,1,2025-01-10 16:49:00
4825,Client08,Autocall,NESN,SELL,450000.0,-1.4713840120796795,-0.6506295135246669,0.21603343895372268,49.68168784491473,1,2025-01-10 16:53:00
1977,Client35,Barrier Reverse Convertible,NVDA,SELL,570000.0,3.485748947345928,2.3994986191105223,0.27633742786512994,26.858605010726244,1,2025-01-10 16:55:00
4125,Client14,Barrier Reverse Convertible,AAPL,BUY,3210000.0,-0.30278582141474397,1.9056063750698642,0.32474936748357386,36.439871389263686,0,2025-01-10 16:56:00
3404,Client05,Tracker,SMI,BUY,760000.0,0.9396876800078009,1.5685899355870165,0.1725253376579935,,0,2025-01-10 16:57:00
4044,Client10,Tracker,MSFT,BUY,660000.0,-1.8473315361697844,0.5735800086849919,1.3020319997528897,,0,2025-01-10 17:00:00
2714,Client11,Tracker,SMI,BUY,410000.0,0.02654258923016431,1.7529406478292744,0.5265438335421772,,0,2025-01-10 17:03:00
1076,Client27,Autocall,MSFT,BUY,200000.0,0.15225318390737652,4.436173649922128,0.6526707279822841,31.845980882466456,1,2025-01-10 17:06:00
245,Client03,Autocall,TSLA,BUY,520000.0,1.708494595579076,7.304860732872628,0.6151576158551141,1.0271370952094128,0,2025-01-10 17:06:00
3074,Client13,Barrier Reverse Convertible,AMZN,BUY,220000.0,2.3114213195694515,3.9187389438664404,0.8198306544157539,37.18476073132792,0,2025-01-10 17:12:00
167,Client18,Autocall,TSLA,SELL,1840000.0,1.138917818373634,-1.327646476388724,0.35132338098962945,13.92121851058326,0,2025-01-10 17:31:00
1653,Client05,Autocall,AAPL,SELL,770000.0,1.1855531305817477,-2.7994797046170166,0.4064671266523103,12.153096980446094,0,2025-01-10 17:31:00
2644,Client03,Autocall,SMI,BUY,750000.0,-0.9755311275531149,0.052806359026971575,0.6672161961536788,17.858730321253873,0,2025-01-10 17:32:00
1281,Client21,Autocall,MSFT,SELL,320000.0,-2.130120223891445,4.346666046040868,0.4299936250818129,6.748663037011681,1,2025-01-10 17:43:00
348,Client32,Autocall,MSFT,SELL,440000.0,3.1584633874185553,-1.731118220728685,0.3430714364432131,33.5172605396058,0,2025-01-10 17:46:00
2590,Client26,Autocall,TSLA,BUY,1500000.0,1.3328572645551418,3.81280969502047,0.3357746297020037,6.282493343968626,0,2025-01-10 17:46:00
154,Client28,Autocall,TSLA,SELL,420000.0,2.3400565133989715,-1.3072275698732665,0.6479641660750312,19.523542472773247,1,2025-01-10 17:48:00
2864,Client09,Barrier Reverse Convertible,SMI,SELL,480000.0,1.7718071072938746,-2.732919264197279,0.42884123731246776,17.248792013037434,1,2025-01-10 17:53:00
2346,Client23,Barrier Reverse Convertible,SPX,SELL,280000.0,3.4917670114753947,-7.935574001326311,0.2931094818413284,28.533072926198727,1,2025-01-10 17:58:00
27,Client04,Barrier Reverse Convertible,AAPL,SELL,210000.0,0.44585537857889856,-3.3936245728844208,0.29133898179606804,9.468281235700433,0,2025-01-10 17:59:00
807,Client25,Barrier Reverse Convertible,NVDA,BUY,330000.0,-1.4726657414554265,2.4369247114075208,0.4895810939949231,26.391682873770545,0,2025-01-10 17:59:00
756,Client39,Autocall,TSLA,BUY,350000.0,0.22489402713103804,-5.299707344947173,0.28131644717043197,30.28715767179081,0,2025-01-13 08:00:00
3128,Client32,Bonus Certificate,MSFT,BUY,1010000.0,-2.254083564482623,0.0821626769217279,0.3495013201710916,34.631221603298684,1,2025-01-13 08:03:00
3092,Client17,Bonus Certificate,TSLA,BUY,490000.0,-1.9517914116651784,2.361953627517941,0.8139049063017199,18.47002369254995,0,2025-01-13 08:08:00
227,Client16,Barrier Reverse Convertible,SMI,BUY,720000.0,1.0732666342916855,0.6080024533031556,0.2670455516680393,12.690015823908208,1,2025-01-13 08:09:00
1221,Client07,Autocall,MSFT,BUY,560000.0,0.8076281417335568,-1.382307685858555,0.2885244584424037,12.008135726608598,1,2025-01-13 08:14:00
2514,Client16,Barrier Reverse Convertible,TSLA,SELL,600000.0,-2.5237485075579227,2.449780797744461,0.27560566959385435,36.70534539797517,0,2025-01-13 08:15:00
4976,Client17,Autocall,NVDA,BUY,1080000.0,-4.442579152223218,2.417173186182243,0.33894803227132503,15.88904051119487,0,2025-01-13 08:16:00
1836,Client15,Barrier Reverse Convertible,AAPL,BUY,1510000.0,0.14905953914143563,-3.0455601874481255,0.392313627087767,3.048493163539451,1,2025-01-13 08:16:00
4607,Client31,Autocall,NVDA,SELL,510000.0,-2.0204669313335586,-6.515079331319823,0.6637361500284861,24.785518499695584,0,2025-01-13 08:20:00
3422,Client18,Autocall,NESN,SELL,1090000.0,-0.8237646537245601,4.072282676335916,0.677362783984184,10.077700789136578,0,2025-01-13 08:23:00
3770,Client16,Autocall,MSFT,SELL,1000000.0,0.15139787230991553,-2.751174877860362,0.4145353591410994,36.08110432525194,0,2025-01-13 08:24:00
4414,Client02,Autocall,SPX,BUY,1650000.0,4.486043724101315,-0.46270975676264714,0.41201316526118414,49.96170708411563,1,2025-01-13 08:29:00
3267,Client28,Reverse Convertible,SMI,SELL,570000.0,1.5692216009586675,1.5915535082325323,0.13822546694956775,,0,2025-01-13 08:29:00
2235,Client34,Bonus Certificate,NESN,SELL,500000.0,4.893889159047224,-5.587151679284445,0.2577809694819793,17.494144371113272,1,2025-01-13 08:32:00
3688,Client13,Barrier Reverse Convertible,TSLA,SELL,470000.0,-4.219684156685752,-2.3267477747824126,0.7809912877343461,30.252619674193987,0,2025-01-13 08:34:00
538,Client02,Autocall,SPX,SELL,1340000.0,-0.8299352837476844,-0.5403962464181835,0.24371039172559608,41.21922653113728,0,2025-01-13 08:38:00
1764,Client31,Autocall,NVDA,SELL,1660000.0,-2.7211505695456113,-4.008876570263162,1.046963844328532,45.60306415793195,1,2025-01-13 08:40:00
3374,Client32,Autocall,SMI,SELL,360000.0,1.7164462350522196,-4.214593562734292,0.35107207447418887,44.52710282830555,0,2025-01-13 08:42:00
4840,Client35,Autocall,SPX,BUY,530000.0,1.7735042700747767,0.9293463360015536,0.523480945850859,32.44034652205697,0,2025-01-13 08:42:00
3636,Client34,Autocall,SPX,BUY,520000.0,0.16240198827061403,-3.015421761388058,0.40408330727011615,16.360517942660422,0,2025-01-13 08:47:00
3153,Client24,Autocall,SMI,BUY,760000.0,-0.6020738302369837,-0.2547281992627236,0.7598894018474294,1.6462122962679515,0,2025-01-13 08:57:00
1693,Client40,Autocall,AMZN,SELL,590000.0,-1.9802285077845536,-3.5400238139709472,0.41719745945662573,6.4117477072298925,0,2025-01-13 09:01:00
4576,Client34,Autocall,TSLA,SELL,280000.0,0.7735652024449692,-0.28350214575982585,0.8220138000227878,5.681633584540746,0,2025-01-13 09:01:00
1903,Client34,Autocall,MSFT,BUY,310000.0,0.6229023127069621,2.234281286068456,0.4729954282289052,29.39749052960346,1,2025-01-13 09:02:00
4102,Client21,Autocall,SPX,SELL,190000.0,0.6570541810152929,-2.9769804300061344,0.18074587306908552,25.89081459708607,1,2025-01-13 09:02:00
4135,Client32,Autocall,MSFT,BUY,360000.0,-0.47050320718817656,4.28482294098099,0.33214835708978224,15.83692043540243,0,2025-01-13 09:03:00
3105,Client33,Barrier Reverse Convertible,NVDA,SELL,160000.0,0.8152576173735645,1.6704547749381065,0.5958535942768008,26.28456955928515,1,2025-01-13 09:10:00
3769,Client22,Autocall,AAPL,SELL,330000.0,0.30785545280712284,-1.3488236664669828,0.6108599133855953,6.7509225941111755,0,2025-01-13 09:12:00
4913,Client18,Bonus Certificate,SPX,SELL,800000.0,-5.071971418317378,0.8961990665341508,0.7521321412437656,5.039477469693926,1,2025-01-13 09:13:00
4776,Client19,Barrier Reverse Convertible,AMZN,SELL,450000.0,-2.773903298052104,-4.025473149530828,0.2874995695697691,4.394284734125886,0,2025-01-13 09:18:00
1472,Client02,Autocall,AMZN,BUY,1540000.0,1.8930430237478506,-2.2234760824543267,0.21597982079200861,11.34521994570693,0,2025-01-13 09:20:00
1121,Client38,Autocall,SPX,BUY,440000.0,2.2533001247126023,-3.2568336476757835,0.34202892448753663,46.94280862613415,0,2025-01-13 09:27:00
4709,Client18,Autocall,SMI,BUY,1540000.0,-0.03090160703854495,-2.728515555561305,0.5891394617952062,9.280336328776679,0,2025-01-13 09:28:00
467,Client16,Autocall,NVDA,BUY,850000.0,-3.0479779946780137,-2.680469298490227,0.4928895112904466,5.484007645428002,1,2025-01-13 09:31:00
4376,Client35,Reverse Convertible,NVDA,SELL,350000.0,-0.21193791721585564,1.3255109114227848,0.3635150414818362,,0,2025-01-13 09:34:00
1503,Client35,Reverse Convertible,AAPL,BUY,460000.0,-0.14434866803448687,0.9128855377363969,0.5529236682586556,,0,2025-01-13 09:48:00
3315,Client11,Reverse Convertible,AAPL,BUY,330000.0,-5.3898620023754225,0.9303214129144528,0.7959237091930584,,0,2025-01-13 09:48:00
1475,Client22,Autocall,TSLA,SELL,1180000.0,-0.7526598070844598,-1.6740994735193158,0.3269682322890986,10.74987926160521,0,2025-01-13 09:48:00
2164,Client15,Autocall,AAPL,SELL,2380000.0,0.28694566847176906,-0.2630949495538509,0.23237375200012017,11.288351968159793,1,2025-01-13 09:51:00
4216,Client26,Barrier Reverse Convertible,NESN,SELL,380000.0,0.8021351589204561,1.6489975125128122,0.5408091275696641,22.818639506723905,0,2025-01-13 09:53:00
438,Client28,Autocall,TSLA,BUY,490000.0,1.8920859736845952,6.12836341653964,0.7230087595001886,30.16220813366238,1,2025-01-13 09:55:00
3470,Client22,Bonus Certificate,SMI,SELL,240000.0,-0.2644924932354782,-1.7007597162460408,0.23211053934124284,9.124768684485607,0,2025-01-13 09:55:00
4579,Client34,Autocall,MSFT,SELL,430000.0,-3.435130462954756,-5.689824625621797,0.6267077468679081,8.10692745812182,0,2025-01-13 09:56:00
2991,Client20,Autocall,NESN,BUY,560000.0,1.0166352340046068,-0.2707990995779067,0.6397913042591395,5.695325116645794,0,2025-01-13 09:57:00
93,Client11,Reverse Convertible,NVDA,SELL,740000.0,-0.5152864812821851,-1.211178695048742,0.424352206860678,,1,2025-01-13 10:00:00
3369,Client36,Autocall,TSLA,SELL,310000.0,1.5229865230892625,0.5020988691042011,0.2851833928207402,35.72370189402352,1,2025-01-13 10:05:00
191,Client20,Autocall,NVDA,BUY,400000.0,1.9658380070426247,3.710407311117108,0.24195220556062266,32.288053837532885,0,2025-01-13 10:07:00
2185,Client24,Tracker,TSLA,BUY,500000.0,0.760477140707744,2.235030177213207,0.7871371094959903,,1,2025-01-13 10:07:00
2824,Client31,Autocall,NVDA,SELL,550000.0,-1.003000348799443,-3.4664208907781457,0.09463115531684504,37.11912952684697,1,2025-01-13 10:10:00
3542,Client07,Barrier Reverse Convertible,NVDA,SELL,640000.0,1.5220247017884987,2.401666974244171,0.7991590512064578,25.889056433982972,0,2025-01-13 10:12:00
2527,Client23,Barrier Reverse Convertible,SPX,BUY,690000.0,0.011371893951477544,0.17803954370100128,0.30841106846189004,30.824836074396984,1,2025-01-13 10:17:00
218,Client01,Tracker,AAPL,SELL,370000.0,-2.268421965454986,2.6754056354093487,0.2979207534933556,,0,2025-01-13 10:18:00
2932,Client32,Tracker,SMI,BUY,310000.0,1.269948531566962,-1.9529134927264302,0.6988760220281652,,0,2025-01-13 10:26:00
889,Client28,Tracker,AMZN,BUY,390000.0,-2.1919806946310025,-1.121848368470398,0.3191799711789799,,1,2025-01-13 10:27:00
957,Client18,Autocall,AMZN,SELL,640000.0,0.6564571128818243,-4.388955193177305,0.3566900189608143,47.01896343228748,0,2025-01-13 10:31:00
4555,Client11,Autocall,AMZN,BUY,370000.0,-0.6031302722879675,-1.6045295899754328,0.34640854969514573,26.39137683647516,1,2025-01-13 10:33:00
1893,Client10,Autocall,AAPL,BUY,490000.0,-0.802367991403419,-6.428072774001484,0.2401550090024796,38.501882737262555,1,2025-01-13 10:34:00
1495,Client15,Reverse Convertible,AAPL,BUY,1900000.0,0.25097570796340146,-4.525216996862053,1.4821411425557383,,0,2025-01-13 10:38:00
470,Client32,Barrier Reverse Convertible,MSFT,SELL,300000.0,-0.16383093527564768,1.0370961639417087,0.3568704198097449,8.99669526661726,1,2025-01-13 10:43:00
2584,Client33,Reverse Convertible,SMI,SELL,190000.0,0.8703275658740359,2.306650289936729,0.23920783951845057,,1,2025-01-13 10:44:00
2238,Client01,Autocall,TSLA,SELL,170000.0,1.9567079603064557,4.29685575098507,0.24857434239420953,27.82624001354494,1,2025-01-13 10:46:00
3367,Client19,Bonus Certificate,MSFT,BUY,680000.0,-2.760767450478355,3.623611586054771,0.24782844961976955,3.499490339550848,1,2025-01-13 10:47:00
1536,Client34,Autocall,AAPL,BUY,220000.0,-0.8700361575220049,-2.7270445998172383,0.4499865080133689,32.650256575859714,1,2025-01-13 10:49:00
2408,Client16,Autocall,AMZN,SELL,960000.0,2.0982190197942647,-2.968714148172131,0.8686535899569571,3.9483276714331272,0,2025-01-13 10:50:00
2399,Client10,Autocall,MSFT,SELL,2160000.0,1.339437531686567,3.853430556635011,0.26702333557354574,24.135063481309153,0,2025-01-13 10:51:00
4320,Client07,Autocall,SMI,BUY,1040000.0,0.380689582691789,-1.071031986698565,0.19629416340244005,24.146971763361215,1,2025-01-13 10:55:00
567,Client18,Bonus Certificate,NVDA,SELL,2950000.0,-0.3273531244709498,-1.6680271152842643,0.33246547812284755,2.5352435227462666,0,2025-01-13 10:58:00
560,Client02,Autocall,AMZN,BUY,1290000.0,1.005986278694086,0.22574402613894104,0.4774983778534017,47.359070701579746,1,2025-01-13 11:04:00
1950,Client22,Autocall,NESN,BUY,220000.0,-0.5116224713645217,2.6316207903997246,0.5586748778913139,12.490910304126096,0,2025-01-13 11:06:00
1181,Client31,Autocall,TSLA,BUY,790000.0,2.2992880700706504,5.678116556286007,0.7823061458434203,24.14127987403129,1,2025-01-13 11:07:00
2685,Client28,Bonus Certificate,TSLA,BUY,380000.0,0.16889647231313137,0.23972889428319905,0.11202251056853275,37.56940427208205,1,2025-01-13 11:13:00
1131,Client02,Barrier Reverse Convertible,NESN,SELL,1020000.0,0.7360867018783411,-2.167553304705537,0.3589355395078668,48.170102290990904,0,2025-01-13 11:27:00
4450,Client13,Autocall,SMI,SELL,430000.0,-1.9865036072053477,2.584396738067263,0.4409141667741981,34.97637864800785,0,2025-01-13 11:39:00
3687,Client25,Autocall,NVDA,BUY,2950000.0,1.4369832364457165,-0.7830321617163274,0.2504757217032278,45.3499013889139,0,2025-01-13 11:45:00
618,Client32,Barrier Reverse Convertible,SMI,SELL,720000.0,-0.41525063485989816,-0.39671611917456817,0.46124725058030563,5.785292640901385,0,2025-01-13 11:49:00
333,Client16,Barrier Reverse Convertible,AAPL,SELL,910000.0,-0.5579357510565072,1.0257680909383677,0.27638509548240087,13.367174635772534,1,2025-01-13 11:56:00
4902,Client34,Barrier Reverse Convertible,SPX,SELL,360000.0,-5.541779673841954,-0.8030218944489507,0.2110161132223136,22.86405769639293,0,2025-01-13 11:59:00
1164,Client25,Autocall,NVDA,BUY,1280000.0,2.9003789923013783,-1.6951233181509244,0.2007020230984729,15.986306536741546,0,2025-01-13 12:02:00
3590,Client19,Autocall,NVDA,SELL,680000.0,-2.2658342573660946,-0.36068857599195014,0.3758238565470263,1.2569797086167678,0,2025-01-13 12:04:00
4571,Client14,Bonus Certificate,AMZN,BUY,870000.0,3.7015262715143407,-5.584165838773796,0.34911663058662745,6.644427484958149,0,2025-01-13 12:17:00
4383,Client32,Autocall,AAPL,BUY,350000.0,3.011017882966648,-1.4525637529506499,0.7542689374931449,1.6014973445879765,1,2025-01-13 12:18:00
2223,Client29,Barrier Reverse Convertible,AAPL,SELL,380000.0,-0.51277251433767,-4.958851646456223,0.31857376235540236,45.47013832353688,0,2025-01-13 12:21:00
4220,Client31,Autocall,AAPL,BUY,570000.0,1.2563930146317652,-6.0116383518381,0.6002013032630178,44.03068245228416,1,2025-01-13 12:22:00
3502,Client07,Autocall,SPX,SELL,220000.0,1.0020715425136353,-2.2123051752563194,0.2650543056045797,22.23525250740966,0,2025-01-13 12:23:00
3977,Client20,Barrier Reverse Convertible,NVDA,BUY,450000.0,-1.1982030672690371,2.882547130696821,0.22573818324687298,41.40225211872272,0,2025-01-13 12:26:00
1278,Client31,Barrier Reverse Convertible,NVDA,SELL,580000.0,-2.8862977697355863,1.2119289965212852,0.14618230011406708,8.844251629108701,1,2025-01-13 12:29:00
4405,Client08,Autocall,MSFT,SELL,170000.0,-1.891413594105642,0.4231609314300515,0.2438712992633273,47.013295244698675,0,2025-01-13 12:35:00
2711,Client06,Autocall,TSLA,BUY,2180000.0,1.9068098868318148,0.551908328241817,0.32341979099226537,0.8673605960977437,1,2025-01-13 12:35:00
1788,Client10,Autocall,AAPL,BUY,710000.0,0.33530283094729363,-1.3876650146278016,0.459291481245001,35.925024720907324,1,2025-01-13 12:37:00
1357,Client07,Autocall,NVDA,SELL,830000.0,1.3693991018265539,2.8226458888319383,0.8344166991034425,0.2391496991613451,0,2025-01-13 12:40:00
1453,Client34,Autocall,AMZN,BUY,610000.0,-1.5436269043593969,-1.9129803022109833,0.38697842891720574,39.58733873789366,0,2025-01-13 12:42:00
1163,Client35,Reverse Convertible,NVDA,SELL,370000.0,1.0347675029830472,-1.361409899582969,0.4345400091086723,,0,2025-01-13 12:49:00
3095,Client18,Autocall,SMI,BUY,2650000.0,1.7572650459601395,-1.9956120176378263,0.3262354136469773,8.009575646444455,0,2025-01-13 12:52:00
1831,Client22,Autocall,NVDA,SELL,310000.0,-5.242598379585254,-3.678954145786986,0.4927438698310233,23.208921668524283,0,2025-01-13 12:55:00
4777,Client11,Autocall,SPX,SELL,600000.0,-1.1326471696976361,4.81266935523704,0.39482333704612443,34.07616494592288,1,2025-01-13 12:58:00
1783,Client05,Autocall,AMZN,SELL,460000.0,-1.8659825016558786,2.4198341410662274,0.8339519540090098,44.020929172666094,1,2025-01-13 12:59:00
2182,Client28,Tracker,NESN,SELL,1340000.0,-1.0111204251012043,-6.26258705244263,0.7045723634753353,,1,2025-01-13 13:05:00
1020,Client25,Autocall,AMZN,BUY,480000.0,0.9149634214953392,4.680341124802322,0.6250269756278604,47.84098532752413,1,2025-01-13 13:06:00
3431,Client25,Bonus Certificate,TSLA,SELL,1410000.0,1.6692244551183646,0.008342976867557389,0.8725194988552428,17.28188515706432,0,2025-01-13 13:07:00
3234,Client28,Autocall,SPX,SELL,160000.0,0.08334253177337388,0.3935951022200711,1.0928756176540477,4.227395067469902,0,2025-01-13 13:08:00
3304,Client28,Bonus Certificate,SMI,BUY,840000.0,2.759519808235343,-0.9388710675561616,0.4005361337688851,5.309054409044006,0,2025-01-13 13:16:00
1694,Client01,Reverse Convertible,NVDA,SELL,90000.0,1.659349644584277,-2.1000766759826117,0.19892481618396007,,1,2025-01-13 13:18:00
96,Client31,Autocall,SMI,SELL,690000.0,1.3148843849964713,3.783333511611864,0.6512927112884888,21.477594010711325,0,2025-01-13 13:18:00
4094,Client04,Autocall,SMI,SELL,920000.0,-1.3584661428175706,-4.086730632339767,0.40884288205565766,15.720191214837199,1,2025-01-13 13:22:00
3011,Client33,Autocall,NVDA,SELL,110000.0,-2.1869877601407377,-3.789002137603134,0.29716254948548954,13.902514264661026,0,2025-01-13 13:26:00
1037,Client27,Autocall,AMZN,BUY,330000.0,-2.4983966081028752,-1.6693224806682336,0.25672216411398524,23.733449497137592,0,2025-01-13 13:27:00
2080,Client34,Autocall,SPX,BUY,810000.0,2.970818394569278,-1.5665157957361924,0.4904690531919387,37.500104938271825,0,2025-01-13 13:28:00
4851,Client11,Autocall,NVDA,SELL,250000.0,-0.13379776048471997,1.9722165091528547,0.44990290882865924,8.884836141643648,1,2025-01-13 13:31:00
3972,Client20,Autocall,NESN,SELL,320000.0,2.1461364786291446,-1.8203614327907554,0.3803767856782909,18.908043833973238,0,2025-01-13 13:35:00
449,Client37,Barrier Reverse Convertible,TSLA,BUY,510000.0,-1.980161205147995,3.399205245959187,0.8296387581088974,4.388654913738371,0,2025-01-13 13:36:00
2421,Client31,Autocall,NESN,SELL,290000.0,0.5509552142194561,2.690442717796958,0.5465056687139259,17.45266800473153,1,2025-01-13 13:39:00
2219,Client16,Tracker,MSFT,BUY,660000.0,-0.8716816101645807,-3.9427497288546913,0.24087837189623706,,1,2025-01-13 13:42:00
2286,Client39,Bonus Certificate,NVDA,BUY,240000.0,2.3165092966183787,1.0216037147435313,0.2266569751436518,38.8135709397001,0,2025-01-13 13:47:00
3576,Client16,Tracker,SPX,SELL,470000.0,0.67614607531647,-0.07376248198567943,0.31339910477175953,,0,2025-01-13 13:47:00
4894,Client28,Autocall,NVDA,BUY,360000.0,1.0099995808962534,1.4269794554234592,0.7169763662048344,17.134313331324798,1,2025-01-13 13:51:00
802,Client03,Autocall,NESN,SELL,680000.0,0.22219444666594032,6.240485303586515,0.3199766414969352,3.0154665432044925,0,2025-01-13 13:52:00
868,Client39,Tracker,TSLA,SELL,200000.0,0.060260411627011214,-2.482139236936262,0.3648697555734542,,0,2025-01-13 13:53:00
1890,Client26,Autocall,NVDA,SELL,1560000.0,-1.0020763313756627,3.8146607859402275,0.2958440987946733,8.649821690929427,1,2025-01-13 13:56:00
668,Client32,Autocall,TSLA,SELL,540000.0,2.527062905920684,-3.0020420948010473,0.24667187246274042,9.69846126814885,0,2025-01-13 14:00:00
2145,Client35,Bonus Certificate,SMI,BUY,290000.0,-1.573821914341487,6.227768970618091,1.0303442306285955,49.88776659230391,0,2025-01-13 14:03:00
4603,Client17,Autocall,AMZN,SELL,730000.0,-0.08186106756429166,-1.8890920933366528,0.36919699014149476,15.01896991409114,1,2025-01-13 14:06:00
1814,Client31,Autocall,NESN,SELL,310000.0,0.3195910892235458,4.86731760988876,0.31311006458552615,45.55771696346182,1,2025-01-13 14:09:00
2204,Client17,Autocall,SMI,SELL,850000.0,-1.269687101572859,0.771268593101127,0.28456149792858476,9.710320088338598,0,2025-01-13 14:12:00
2046,Client03,Tracker,MSFT,BUY,660000.0,-4.314186351976697,-2.1419688087784814,0.30943369450264824,,0,2025-01-13 14:18:00
4221,Client31,Autocall,AMZN,SELL,490000.0,1.5093233588112833,0.321276173818846,0.35514694389310214,20.238771684535035,1,2025-01-13 14:18:00
928,Client23,Barrier Reverse Convertible,TSLA,BUY,540000.0,2.1865458681654992,0.47637651982638773,0.6858597153401045,23.335617400920423,1,2025-01-13 14:21:00
1436,Client31,Autocall,NESN,SELL,400000.0,1.5907490957910952,-5.205105925756314,0.5908039698433937,28.434783423028666,0,2025-01-13 14:26:00
4798,Client03,Autocall,SMI,BUY,600000.0,0.2953127267433528,2.9313716606902678,0.11341108573810219,10.042663587058186,0,2025-01-13 14:27:00
2562,Client01,Autocall,AAPL,BUY,180000.0,2.609793538165038,-0.9743981408672997,0.29510806479771123,13.514218289458569,1,2025-01-13 14:31:00
92,Client17,Autocall,AAPL,BUY,500000.0,-1.9102573965699725,-0.018691889113937227,0.2763574978505203,8.739517109185824,0,2025-01-13 14:31:00
4281,Client40,Autocall,TSLA,BUY,590000.0,-0.2578380275754944,-0.19739390123620293,0.4430212231978265,35.9299739956344,0,2025-01-13 14:35:00
4608,Client15,Barrier Reverse Convertible,NVDA,BUY,4400000.0,3.5304871133965574,-2.4343713147143053,0.3517773284814257,40.253027125775084,0,2025-01-13 14:36:00
2928,Client08,Autocall,MSFT,BUY,160000.0,-1.7425135926799624,-0.7120933273272911,0.6085898520109437,26.5684972682293,1,2025-01-13 14:37:00
3742,Client07,Tracker,SMI,BUY,430000.0,-0.09979737421645771,3.4567493169760777,0.548223875243011,,0,2025-01-13 14:37:00
1425,Client28,Autocall,AAPL,SELL,420000.0,2.237412090781343,3.323449995802566,0.35354971057293727,44.54657547801511,1,2025-01-13 14:38:00
4350,Client18,Autocall,NVDA,BUY,3080000.0,-0.8007607611530676,3.0622941531068335,0.6833181032819787,22.97502294794574,1,2025-01-13 14:40:00
764,Client17,Autocall,NESN,SELL,1170000.0,0.4970795804280498,1.3207783830648676,0.5178767367788181,7.566181388785048,0,2025-01-13 14:45:00
4167,Client18,Autocall,SMI,SELL,1040000.0,-1.4323639032803333,-1.421918965523707,0.22778967138117093,14.462600134348191,0,2025-01-13 14:48:00
4336,Client09,Autocall,NESN,SELL,160000.0,0.46149904527563823,-0.18650167966338385,0.32037557234879704,25.699367181671658,0,2025-01-13 14:52:00
2290,Client34,Bonus Certificate,SMI,BUY,330000.0,4.223639408655615,-0.4879753395700639,0.36588098211829007,28.77484291461289,1,2025-01-13 14:52:00
1584,Client37,Barrier Reverse Convertible,SPX,SELL,230000.0,0.2578310678996599,-0.9721323651326266,0.7877705449868796,34.565169062965474,0,2025-01-13 14:56:00
570,Client20,Autocall,NESN,SELL,320000.0,0.7268493193019601,-3.4260607149175923,1.0333153745949588,0.830146366657103,0,2025-01-13 15:01:00
1709,Client14,Autocall,NESN,BUY,850000.0,-0.9102595486861916,4.849566906498086,0.7281869184884764,16.176634943666134,1,2025-01-13 15:06:00
4676,Client28,Autocall,MSFT,SELL,350000.0,-1.3748100703332868,-5.887464141957105,0.28563358070734646,0.5896307296823611,1,2025-01-13 15:06:00
4919,Client31,Reverse Convertible,AAPL,SELL,390000.0,2.779389707768925,3.987671813677733,0.28359843002258606,,0,2025-01-13 15:06:00
1868,Client07,Autocall,MSFT,BUY,270000.0,2.2897167106047887,-1.8402788455879633,0.22085295993822052,7.385398435637103,1,2025-01-13 15:12:00
2491,Client28,Autocall,AMZN,BUY,910000.0,-1.890992580607513,0.6650152890544051,0.3741335186687202,29.97398505346922,1,2025-01-13 15:15:00
4912,Client27,Autocall,AMZN,SELL,230000.0,-0.3214480283060346,-2.8617029656172637,0.3079699783938724,5.796494902786953,0,2025-01-13 15:20:00
3908,Client03,Autocall,NVDA,SELL,420000.0,1.2889373493454634,-4.201172462102711,0.35621719461875745,5.156485393130961,0,2025-01-13 15:23:00
3186,Client34,Autocall,NVDA,SELL,210000.0,0.5896812454804492,2.336369509171845,0.1831500160691269,14.15627250435001,0,2025-01-13 15:25:00
2258,Client22,Autocall,TSLA,BUY,690000.0,1.2637279502451155,-3.3549587926525586,0.2608509332705242,19.169004935836558,1,2025-01-13 15:26:00
1269,Client02,Autocall,SPX,SELL,780000.0,-1.414854646426719,-0.14495604815678864,0.5248991442134444,36.57117461181131,0,2025-01-13 15:28:00
393,Client39,Autocall,AAPL,BUY,110000.0,2.6852794472251817,2.584244971390719,1.6147074298444661,15.462158450795327,1,2025-01-13 15:28:00
562,Client31,Autocall,TSLA,BUY,350000.0,0.8591517501659687,-1.3964873065666419,0.7534310075695629,7.519362614459485,0,2025-01-13 15:30:00
3146,Client34,Autocall,SPX,BUY,390000.0,0.8043507139807319,-2.6081123938937356,0.8853635737833323,40.78011534904903,0,2025-01-13 15:31:00
356,Client20,Autocall,AAPL,BUY,460000.0,2.82286610349604,5.311275342724592,1.0741661272814624,12.954722587599022,0,2025-01-13 15:33:00
3978,Client34,Reverse Convertible,NESN,BUY,390000.0,1.0860934939288083,-1.9449187494184808,0.8034594905462865,,0,2025-01-13 15:35:00
2162,Client32,Barrier Reverse Convertible,SMI,BUY,270000.0,0.07515368249900681,3.86268803711146,0.528758375807772,20.49646741954239,0,2025-01-13 15:36:00
2108,Client36,Autocall,SMI,SELL,760000.0,-0.4079004732377931,2.0592728020439273,0.34494288032284237,46.562889730767914,1,2025-01-13 15:38:00
6,Client34,Autocall,NVDA,SELL,320000.0,2.0041339861705714,-3.795733944992765,0.4665934715772325,20.745118327639965,1,2025-01-13 15:39:00
4943,Client34,Autocall,NESN,BUY,800000.0,-1.5904143119537826,2.0479425339389787,0.20774798565128672,30.105430505356935,1,2025-01-13 15:42:00
1525,Client27,Autocall,AMZN,SELL,120000.0,1.3739748546703965,1.214638042488661,0.21640253889257957,14.876013706224207,0,2025-01-13 15:44:00
954,Client11,Autocall,NVDA,SELL,450000.0,-0.8255752944659123,2.557168316505672,0.319836713343958,37.1438435668335,0,2025-01-13 15:51:00
111,Client26,Bonus Certificate,SMI,SELL,510000.0,0.3208584150329454,3.966253548847511,0.3139258035187482,12.760541710020373,1,2025-01-13 15:51:00
4467,Client39,Reverse Convertible,AAPL,BUY,180000.0,2.7275594574686224,2.0134036595890796,0.23993336161775164,,1,2025-01-13 15:52:00
660,Client08,Barrier Reverse Convertible,SPX,SELL,320000.0,-0.08234680299226005,1.5092395958125977,0.4646911477969998,7.549781923440357,1,2025-01-13 15:54:00
3668,Client08,Autocall,MSFT,BUY,300000.0,-0.52686493627968,-1.8448888811316406,0.33658510373352346,18.52358369627701,0,2025-01-13 15:55:00
4271,Client01,Autocall,NESN,SELL,260000.0,-2.6181403780246297,2.2849045193862807,0.28452808198442076,49.98090452009091,1,2025-01-13 15:58:00
3642,Client28,Autocall,SMI,SELL,730000.0,0.8437492110969652,0.05696752924849694,0.42516069180864247,17.53233079474979,1,2025-01-13 15:58:00
674,Client31,Autocall,TSLA,SELL,660000.0,1.3597276611574924,1.1514180467710884,1.1193674501030562,20.73303547563222,1,2025-01-13 16:04:00
1019,Client30,Autocall,SPX,BUY,590000.0,-2.9598077712169593,4.0905818468283615,0.7970901667187965,30.369564411685694,0,2025-01-13 16:08:00
4130,Client12,Autocall,SMI,BUY,380000.0,-0.9089288386967306,-0.6231905786708853,0.4014092878262625,6.329926138176672,0,2025-01-13 16:12:00
2624,Client22,Barrier Reverse Convertible,NESN,BUY,320000.0,2.014557673548704,-0.929046073004556,1.027172777181357,25.229746538189048,0,2025-01-13 16:17:00
52,Client27,Autocall,NVDA,SELL,180000.0,0.8309667335635326,0.5914048156221541,0.6088592332339103,37.39486677224534,0,2025-01-13 16:21:00
2658,Client10,Autocall,SMI,BUY,1590000.0,3.985879230203851,-2.2236871873683186,0.14883416335060873,12.518239053078512,0,2025-01-13 16:25:00
2680,Client21,Autocall,MSFT,BUY,280000.0,-1.694589778412256,5.349418321154577,0.5335656323118252,47.28489921239598,0,2025-01-13 16:27:00
3172,Client11,Autocall,SPX,BUY,420000.0,-0.8411257362199341,0.5867285619023483,0.6225775070829885,39.664497017743045,0,2025-01-13 16:29:00
1204,Client30,Autocall,MSFT,SELL,570000.0,-1.7570799029869106,3.778368256793164,0.20373753317712565,29.94791766396318,0,2025-01-13 16:40:00
2554,Client03,Tracker,SMI,BUY,1120000.0,-2.312594342161155,3.5998288727546486,0.6125100198673747,,0,2025-01-13 16:43:00
4834,Client34,Bonus Certificate,AAPL,SELL,590000.0,-1.556467197496989,0.5637703721764771,0.32324676238936256,5.311453627158624,0,2025-01-13 16:48:00
918,Client05,Barrier Reverse Convertible,TSLA,BUY,780000.0,1.983669189184702,1.939941417626474,0.3376576758120132,2.3638221284326466,1,2025-01-13 17:01:00
3957,Client02,Autocall,MSFT,SELL,560000.0,1.186894573305076,-0.6994451655454356,0.18893823411133887,25.03874664193928,0,2025-01-13 17:01:00
188,Client38,Reverse Convertible,AMZN,SELL,160000.0,0.33271820835806043,1.1147584661468217,0.38572154357234184,,0,2025-01-13 17:02:00
4394,Client35,Autocall,SMI,SELL,410000.0,2.7642364228728225,-1.1168363176645961,0.7221310017686466,9.03891355284745,0,2025-01-13 17:05:00
4772,Client05,Barrier Reverse Convertible,SPX,SELL,1930000.0,-2.828366365686086,0.6487214500467359,0.45559523995538304,2.327214192731464,0,2025-01-13 17:08:00
3720,Client31,Autocall,AAPL,BUY,340000.0,-2.3944673935521856,-3.032220733438789,0.17637440661133894,24.25321477081518,1,2025-01-13 17:10:00
3472,Client11,Autocall,TSLA,BUY,1120000.0,-2.673012740573028,-3.3302400431922043,0.28103290634644845,34.90022834697414,1,2025-01-13 17:14:00
1697,Client20,Autocall,SPX,SELL,380000.0,-0.4739407152226431,4.501553500495797,0.3695320342252255,2.446859369789495,0,2025-01-13 17:14:00
2588,Client26,Barrier Reverse Convertible,SPX,SELL,350000.0,-1.8548519933274843,4.498135749447666,0.6481565195230806,30.930704424871653,0,2025-01-13 17:16:00
2266,Client31,Autocall,AAPL,SELL,730000.0,-0.6742043271140733,-1.9263806017127612,0.3490392117582164,38.00542617206419,1,2025-01-13 17:18:00
2056,Client34,Autocall,TSLA,BUY,390000.0,0.6106084819073931,3.4652197196669876,0.5417815161782327,29.987019397269165,0,2025-01-13 17:20:00
785,Client05,Autocall,NESN,BUY,1410000.0,-1.1526778309826182,0.34119013894404704,0.3728862213596608,5.552968741920017,0,2025-01-13 17:25:00
488,Client35,Barrier Reverse Convertible,AMZN,SELL,250000.0,-0.888066539043593,-2.760719867321999,0.1643144640146546,27.786245306077202,1,2025-01-13 17:27:00
3277,Client07,Autocall,NVDA,SELL,510000.0,-3.3826314808518365,-1.6470938762647993,1.4143072387228863,14.462284998943776,1,2025-01-13 17:34:00
3345,Client28,Autocall,NVDA,SELL,490000.0,0.13934732007894404,-2.5299063372828954,0.18015483974084004,5.702302902397821,1,2025-01-13 17:46:00
2538,Client16,Autocall,SMI,BUY,390000.0,0.33230003723272683,-2.765012548017957,0.7228436262649487,39.114153326949726,0,2025-01-13 17:50:00
4338,Client34,Autocall,AAPL,SELL,230000.0,1.1782632288770751,-3.7810654246974353,0.2041483464616742,21.661777379898282,0,2025-01-13 17:51:00
1559,Client23,Reverse Convertible,AAPL,BUY,290000.0,-2.0844632760100237,-2.8444089987820522,0.9374485037101455,,1,2025-01-13 17:55:00
505,Client03,Reverse Convertible,NESN,BUY,420000.0,-0.5852460990032743,-1.5878547957701588,0.8024719341529322,,0,2025-01-13 17:56:00
1241,Client24,Autocall,TSLA,BUY,2000000.0,4.528210751616446,-2.845814862493506,0.33053529482083915,37.906746955349426,1,2025-01-13 17:57:00
4864,Client33,Barrier Reverse Convertible,AAPL,SELL,90000.0,-1.5701775239241236,-3.4329862943266862,0.3027911793713283,13.62090011330681,1,2025-01-13 17:58:00
3012,Client13,Autocall,NVDA,BUY,200000.0,-0.546909084650635,3.2676627621454575,0.2365087331841624,29.79200452452757,1,2025-01-13 17:58:00
2872,Client25,Autocall,MSFT,SELL,770000.0,-0.0797089197261698,-1.1940502943935498,0.17833578647861967,33.90903214888176,1,2025-01-14 08:07:00
3766,Client33,Autocall,NVDA,SELL,260000.0,-0.15597280608053787,5.0871914575037085,0.6628090477214645,7.107954949221451,0,2025-01-14 08:19:00
2731,Client27,Autocall,NESN,SELL,360000.0,-0.7435454548947884,3.0053699555582387,0.19835191273791755,41.62957386186609,1,2025-01-14 08:21:00
1819,Client32,Autocall,AMZN,SELL,1780000.0,0.37742603773848593,-5.243706662867458,0.26990315954377836,15.480763810807325,1,2025-01-14 08:23:00
3354,Client02,Barrier Reverse Convertible,NESN,BUY,1610000.0,1.1421357756289021,2.5577711124408733,0.6047207003553008,15.357008054560485,0,2025-01-14 08:26:00
2724,Client02,Autocall,NESN,BUY,910000.0,-1.5611407503379706,-4.590072454565759,0.1687731846381296,19.02595932806777,1,2025-01-14 08:26:00
2893,Client31,Autocall,MSFT,SELL,660000.0,1.712481086499786,2.920515871176907,0.4178814082977477,49.49552683418191,0,2025-01-14 08:30:00
2311,Client22,Autocall,TSLA,BUY,580000.0,-1.5323132521002676,2.6234418796676446,0.5089515128611927,44.63613006638715,0,2025-01-14 08:32:00
1301,Client30,Autocall,SPX,SELL,730000.0,-0.41737576793892717,-0.3509650243828437,0.28912244929940056,40.67764048767074,1,2025-01-14 08:34:00
3807,Client21,Bonus Certificate,NVDA,BUY,260000.0,-2.258189428115258,-0.028563302324470075,0.22771691245141046,22.631115568478354,0,2025-01-14 08:34:00
1618,Client01,Bonus Certificate,SMI,SELL,90000.0,1.1538201847891933,0.2021383739896149,0.5374966253114207,36.59535051854979,0,2025-01-14 08:36:00
1073,Client17,Autocall,NVDA,BUY,930000.0,0.6710114303310553,-0.4700427160417075,0.30852770343432345,5.481649940813482,1,2025-01-14 08:44:00
4058,Client25,Autocall,SMI,SELL,860000.0,-1.7800340425134318,-0.6481025685937579,0.4713536077190998,32.742286228644595,0,2025-01-14 08:50:00
3372,Client35,Barrier Reverse Convertible,NESN,SELL,470000.0,1.6063575592562032,2.1558941313253577,0.2699598181007912,30.423909317951797,0,2025-01-14 08:51:00
4345,Client35,Barrier Reverse Convertible,SPX,SELL,500000.0,-0.11754518308421281,-7.016201464458399,0.5781264306877884,19.176455934706095,0,2025-01-14 08:54:00
3070,Client13,Barrier Reverse Convertible,MSFT,SELL,200000.0,3.0934752990434466,1.746938822977381,0.3197323307570979,48.280111108644434,0,2025-01-14 08:59:00
1413,Client02,Autocall,SPX,BUY,360000.0,-1.808916887450395,-0.08904808030684858,0.42367690849530953,43.872828589714516,1,2025-01-14 09:00:00
271,Client26,Reverse Convertible,SMI,BUY,220000.0,2.556994668761569,-1.2211249256931629,0.8511419090780215,,1,2025-01-14 09:02:00
767,Client35,Tracker,MSFT,SELL,1150000.0,-0.756322748469176,2.256122866767088,0.43517301065387637,,0,2025-01-14 09:05:00
346,Client36,Autocall,MSFT,BUY,510000.0,-0.4629530149653846,-9.545480222241924,0.3096951879466204,40.073150982840616,0,2025-01-14 09:07:00
48,Client35,Tracker,SMI,SELL,240000.0,-1.3432284398356067,0.15986772603462276,0.439373622567342,,0,2025-01-14 09:10:00
2619,Client20,Autocall,AMZN,SELL,400000.0,2.3187854198340747,-5.683686121542765,0.4138240594485957,28.823644307639128,0,2025-01-14 09:11:00
4457,Client32,Autocall,NVDA,BUY,800000.0,3.46496582902742,-2.354294698213545,0.40368183953411535,39.36401504054569,1,2025-01-14 09:14:00
4096,Client20,Reverse Convertible,MSFT,SELL,550000.0,0.6713862962074705,-1.7689394463135648,0.21302312817528507,,1,2025-01-14 09:17:00
1962,Client26,Autocall,MSFT,SELL,500000.0,-0.5579911325076244,0.007016664773360839,0.37561591329125943,27.347192144002108,0,2025-01-14 09:24:00
109,Client34,Bonus Certificate,AAPL,BUY,470000.0,1.404888336524653,2.069936721560468,0.7556277670822391,48.33931787499633,0,2025-01-14 09:25:00
3181,Client28,Autocall,NVDA,SELL,960000.0,-1.0888550959517307,4.892309323333992,0.8704527631698281,33.1978011940521,0,2025-01-14 09:27:00
3528,Client22,Autocall,AMZN,SELL,680000.0,0.5917847991766637,2.2949666741907135,0.698719070467836,45.390601528013974,0,2025-01-14 09:27:00
822,Client22,Bonus Certificate,NVDA,SELL,390000.0,1.6953608000549063,-1.3463155932046966,0.17898692704465985,12.32601469933558,0,2025-01-14 09:30:00
536,Client37,Autocall,SPX,BUY,730000.0,0.605232797890548,3.6819344006361785,0.3251020316896095,18.881557509448694,0,2025-01-14 09:31:00
4417,Client35,Barrier Reverse Convertible,AMZN,BUY,550000.0,-0.2589449365372741,4.272382963734377,0.9205906016050767,5.116844580333274,0,2025-01-14 09:32:00
471,Client33,Autocall,AMZN,BUY,120000.0,-1.5993563789691072,-2.7727013627242454,0.8297481303816644,31.426301449145598,0,2025-01-14 09:33:00
2729,Client34,Autocall,AAPL,SELL,740000.0,2.2949264811928622,-0.24502398096480052,0.21696010736156454,46.717789118269756,1,2025-01-14 09:40:00
2019,Client25,Autocall,AMZN,SELL,330000.0,0.03683850591888352,-2.1143221545594244,0.6458945690325729,27.394824103838744,0,2025-01-14 09:45:00
4899,Client20,Tracker,AAPL,SELL,840000.0,0.5749598987281991,4.268818092327838,0.33167066305460313,,1,2025-01-14 09:46:00
3871,Client32,Barrier Reverse Convertible,TSLA,SELL,450000.0,-0.7328399892562675,-1.5883815751979276,0.45073685516228085,8.014075134058023,0,2025-01-14 09:49:00
2727,Client11,Reverse Convertible,MSFT,BUY,440000.0,-3.7826831877099156,-5.509157687332,0.2518719199594459,,0,2025-01-14 09:50:00
4926,Client03,Autocall,MSFT,SELL,770000.0,-2.7776590660752425,3.6722823648399676,0.2675258116873339,35.253813100566674,0,2025-01-14 09:50:00
2071,Client04,Autocall,NVDA,BUY,870000.0,1.0511364804426726,4.459255822164418,0.4940715846660932,37.69318305872964,0,2025-01-14 09:50:00
3691,Client05,Autocall,MSFT,BUY,810000.0,0.3516490143439689,-1.555201136535491,0.865345350192358,30.520481883982708,1,2025-01-14 09:53:00
1479,Client11,Barrier Reverse Convertible,SPX,BUY,440000.0,-0.6437536036735703,-0.7454251203410969,0.3445489800516069,22.413911153360804,0,2025-01-14 09:54:00
4730,Client22,Autocall,NVDA,SELL,550000.0,1.2985807280567514,3.9393081232992597,1.7920971392714733,35.77047603995447,1,2025-01-14 09:55:00
3049,Client06,Autocall,TSLA,BUY,990000.0,2.960787902292522,-3.7754313921161806,0.286266281023238,41.70376573580668,0,2025-01-14 09:57:00
2933,Client31,Autocall,SPX,BUY,530000.0,0.14662712328004152,0.3332295973694103,0.2529551679760756,46.665423518133764,1,2025-01-14 09:59:00
980,Client15,Barrier Reverse Convertible,AMZN,BUY,1590000.0,1.791478711803652,-4.295648562991919,0.48103202010155893,31.565995559021676,0,2025-01-14 10:00:00
2878,Client05,Autocall,NESN,BUY,600000.0,-2.6430717389801206,-0.6585080506055658,0.31055285767937324,24.431456131549478,0,2025-01-14 10:02:00
3296,Client22,Autocall,MSFT,SELL,860000.0,2.4481594455595705,-1.6274853874551307,0.28709797675499016,7.30865587379248,0,2025-01-14 10:04:00
4534,Client34,Bonus Certificate,NVDA,BUY,1000000.0,0.782222479694446,-3.511341664002064,0.3497138125089401,38.57542514756352,1,2025-01-14 10:05:00
601,Client28,Autocall,NESN,BUY,390000.0,-3.8030308172714444,-3.7167365562040784,0.40434050245672526,46.38165532989724,0,2025-01-14 10:06:00
2310,Client27,Autocall,SMI,SELL,230000.0,2.448116855107101,3.5155417387311303,1.2719763439130924,43.52237852635466,0,2025-01-14 10:06:00
514,Client33,Autocall,AAPL,BUY,120000.0,-1.3498898533834802,-0.5358498461109553,0.45112163787356996,16.171999079938796,1,2025-01-14 10:08:00
3709,Client26,Autocall,MSFT,SELL,180000.0,0.325735440370232,-2.6641279227373507,0.2828055630533607,48.35279487405193,0,2025-01-14 10:11:00
853,Client30,Barrier Reverse Convertible,SMI,BUY,480000.0,2.234268058269227,4.8876422206208066,0.774227007350816,45.58457042715052,0,2025-01-14 10:14:00
2756,Client11,Autocall,NVDA,SELL,810000.0,0.5939901270680036,-0.5703674206206774,0.4205947293064733,19.494742020047205,1,2025-01-14 10:15:00
4124,Client26,Autocall,NVDA,BUY,480000.0,-3.679856149641532,5.901741116188561,0.5025296511862098,17.211928746171935,1,2025-01-14 10:17:00
4600,Client10,Reverse Convertible,MSFT,SELL,1430000.0,1.1221625594438167,-2.9208528985454563,0.2615881536554765,,0,2025-01-14 10:19:00
1955,Client28,Autocall,NESN,BUY,120000.0,-3.919183924055734,1.0752662236797228,0.8337908238297398,9.372716711205321,1,2025-01-14 10:23:00
642,Client05,Autocall,TSLA,BUY,890000.0,-1.2623798526596925,-3.322694737720806,0.3222027940443068,19.501896109953996,1,2025-01-14 10:24:00
3252,Client02,Bonus Certificate,SMI,SELL,580000.0,-0.8382018580020447,-0.05062355550794162,0.5852155800328023,11.493797525133736,0,2025-01-14 10:24:00
4565,Client30,Autocall,SPX,SELL,630000.0,1.0738393426852515,0.3245909717476697,0.3426915627958495,39.82379642913633,0,2025-01-14 10:24:00
2959,Client25,Autocall,NESN,SELL,530000.0,1.954318068411735,-0.6260463270510286,0.4496146989809243,18.359491789348525,1,2025-01-14 10:38:00
4003,Client03,Tracker,TSLA,BUY,510000.0,-3.1305737357683476,-4.141242608565978,0.5721455508284836,,0,2025-01-14 10:46:00
2110,Client32,Barrier Reverse Convertible,SPX,BUY,640000.0,-0.42200541950420833,-0.8769897174340837,0.434280279977955,35.77080897269571,0,2025-01-14 10:46:00
3132,Client02,Autocall,SPX,SELL,2000000.0,-1.0315374184966082,-4.69632724590609,0.3636323725410084,5.992336361791878,0,2025-01-14 10:47:00
1921,Client03,Tracker,MSFT,SELL,420000.0,1.3675221532700137,1.3457432172431212,0.9196029947295755,,0,2025-01-14 10:47:00
2129,Client23,Bonus Certificate,AMZN,SELL,860000.0,-0.9190973402796031,-4.2344038783014275,0.3597795564885762,5.5955971536024665,1,2025-01-14 10:48:00
2717,Client34,Bonus Certificate,SPX,SELL,1560000.0,-0.6458737057728647,3.610333441753725,0.38000672039627137,38.344821784262855,0,2025-01-14 10:49:00
554,Client01,Barrier Reverse Convertible,AMZN,SELL,140000.0,-0.8974831911845049,1.0492369575764158,0.8339674037718547,36.07827215942201,0,2025-01-14 10:50:00
447,Client11,Autocall,AMZN,SELL,900000.0,6.115002084629189,-1.767535573437664,0.3548186304548556,0.02102005961979736,1,2025-01-14 10:51:00
608,Client31,Autocall,SPX,SELL,460000.0,0.6298072121131234,-2.026580988968406,0.3212437424854381,26.941836685741354,0,2025-01-14 10:54:00
262,Client18,Barrier Reverse Convertible,SMI,SELL,1650000.0,1.9394952530064375,-3.6518743031958163,0.3540141507111373,38.09351544221593,0,2025-01-14 10:54:00
1511,Client24,Autocall,NVDA,SELL,640000.0,-1.4671856147991187,-0.06191076727816579,0.3731150318790198,34.69319111817627,1,2025-01-14 10:54:00
3700,Client23,Autocall,NESN,SELL,130000.0,-1.2785897413983,3.1146809792791235,0.32481812394087195,16.906823967374258,1,2025-01-14 10:55:00
276,Client20,Bonus Certificate,MSFT,BUY,500000.0,0.11766078336876352,0.8643588261616006,1.2278503721476766,27.023217075531335,0,2025-01-14 11:01:00
1898,Client32,Barrier Reverse Convertible,SPX,BUY,610000.0,0.1048333463096719,0.6053549675353405,0.30069530026868574,37.58136550390609,0,2025-01-14 11:03:00
4538,Client14,Barrier Reverse Convertible,MSFT,SELL,640000.0,-1.1927166788645853,-1.1316247574628613,0.5555971214729242,38.81297992049174,0,2025-01-14 11:05:00
1571,Client10,Barrier Reverse Convertible,TSLA,SELL,1100000.0,-2.177186983416876,2.275035920900543,0.29519398342153647,35.34303706036317,0,2025-01-14 11:11:00
3893,Client34,Barrier Reverse Convertible,TSLA,SELL,240000.0,2.9871314809670775,-7.4928113089584265,0.15692072591575898,15.622695966459672,1,2025-01-14 11:13:00
2785,Client22,Autocall,NESN,SELL,620000.0,-0.31826479965257504,-0.16333280467263905,0.4816930930075826,17.22131843342459,0,2025-01-14 11:14:00
4710,Client19,Autocall,AAPL,SELL,240000.0,0.8516753703588594,-2.1015721572602404,0.5760719337752548,20.180100427354898,0,2025-01-14 11:16:00
2867,Client38,Autocall,AAPL,BUY,530000.0,-0.12794421604548234,0.7531430546282207,0.3140352635166376,35.99163055752072,0,2025-01-14 11:16:00
2100,Client22,Barrier Reverse Convertible,AMZN,BUY,420000.0,2.599073048756035,4.468721879910295,0.35133738907899553,13.940234411076457,0,2025-01-14 11:19:00
3867,Client11,Autocall,NVDA,BUY,940000.0,1.7896718544459365,0.20608375981316945,0.3105275459519063,1.6778574450847739,0,2025-01-14 11:19:00
2506,Client28,Autocall,AAPL,SELL,640000.0,0.8478206140595539,1.9734088472943556,0.10730858631508024,16.74993680894949,1,2025-01-14 11:37:00
499,Client35,Autocall,SMI,BUY,90000.0,-3.372510294693343,-1.7555654026545087,0.4459492890666395,2.4719807606899566,1,2025-01-14 11:44:00
4891,Client26,Autocall,AAPL,BUY,460000.0,-0.388763026108337,4.03141261326057,1.0158288681662933,41.7258185554299,0,2025-01-14 11:47:00
255,Client25,Barrier Reverse Convertible,MSFT,SELL,970000.0,0.29579904240210175,-2.052398065082367,0.5571968342385697,38.475330950554394,0,2025-01-14 11:49:00
546,Client31,Autocall,TSLA,SELL,1120000.0,-0.5895298470386602,-1.4286665408264092,0.14566593851037707,30.95590270736328,1,2025-01-14 11:50:00
4986,Client23,Bonus Certificate,NVDA,SELL,320000.0,-0.6951494271187045,-4.580445686743737,0.26291222801976744,10.52636319675968,1,2025-01-14 11:52:00
1925,Client32,Barrier Reverse Convertible,TSLA,SELL,500000.0,0.011001250133985696,2.737814630400057,1.030478524875642,21.02157997298275,1,2025-01-14 11:57:00
1085,Client06,Autocall,TSLA,BUY,960000.0,-0.3641718081399668,-2.172941786697079,0.3516546198549464,20.591539199865778,0,2025-01-14 11:57:00
3862,Client30,Tracker,AAPL,BUY,410000.0,0.5953495523234814,0.22193925997390015,0.27268505348390687,,1,2025-01-14 11:58:00
3415,Client24,Autocall,AAPL,SELL,540000.0,-0.32494095342064416,-1.3055149148093719,0.41529681836645765,31.068829407614786,0,2025-01-14 12:03:00
2586,Client07,Barrier Reverse Convertible,AMZN,SELL,660000.0,2.147102251874147,4.582049971696901,0.4237860026556144,41.78978962514735,0,2025-01-14 12:04:00
275,Client01,Tracker,SPX,BUY,160000.0,0.963939819558469,1.3095379695313962,0.12981640271784992,,0,2025-01-14 12:07:00
1741,Client37,Barrier Reverse Convertible,SMI,BUY,450000.0,1.244823663073637,-0.9744737961432045,0.7443887544637241,18.440112850788847,0,2025-01-14 12:10:00
4072,Client20,Barrier Reverse Convertible,SMI,BUY,840000.0,-0.6205732353860743,0.4184703746719523,0.7423080599311964,1.7326433990884793,0,2025-01-14 12:16:00
751,Client32,Autocall,MSFT,BUY,470000.0,0.4871608991458668,1.783713685966301,0.44322402959523693,11.45420867974326,0,2025-01-14 12:16:00
2869,Client16,Tracker,NESN,SELL,730000.0,1.5955160659623646,1.1640680095934974,0.13156628329708508,,0,2025-01-14 12:18:00
2632,Client33,Autocall,NVDA,BUY,150000.0,2.5239449993435055,3.063363670495008,0.6721469078770436,37.891965908115864,0,2025-01-14 12:21:00
1299,Client34,Autocall,NESN,SELL,390000.0,-0.052083713224048644,-1.1609038744781575,0.5976931307123047,22.748603714805476,0,2025-01-14 12:23:00
939,Client03,Reverse Convertible,MSFT,BUY,130000.0,0.5760551772173081,-2.1012909201982364,0.38972450517574464,,0,2025-01-14 12:24:00
4314,Client05,Autocall,SMI,BUY,610000.0,0.9768455430742748,2.0523462554537595,0.284429910424935,0.3982096934200041,1,2025-01-14 12:26:00
675,Client21,Barrier Reverse Convertible,AMZN,SELL,280000.0,-1.0064777570337842,-1.0718836213545138,0.6639226175353513,48.668017158080325,0,2025-01-14 12:28:00
2844,Client05,Barrier Reverse Convertible,AMZN,BUY,640000.0,-3.0199702237813755,4.071418497289233,0.14867346264951337,21.77011010339004,1,2025-01-14 12:33:00
3872,Client11,Autocall,NVDA,SELL,400000.0,-0.2882553773686887,-3.4352908176730956,0.10195163451755698,22.564095741727137,1,2025-01-14 12:34:00
2268,Client01,Autocall,SPX,BUY,100000.0,2.2603561353426085,2.954261832547557,0.44501989454089963,35.57388082818341,1,2025-01-14 12:35:00
1818,Client09,Autocall,MSFT,BUY,350000.0,0.9580985533657085,-1.5620076532803666,0.3323285301825766,43.55495350819017,0,2025-01-14 12:35:00
3948,Client35,Autocall,MSFT,SELL,340000.0,-2.4809333053408062,7.727355477875646,0.33915873283198694,29.999990283846365,0,2025-01-14 12:38:00
2989,Client07,Autocall,NVDA,BUY,340000.0,1.653640679476421,0.8850361262090324,1.2665336194709065,13.503373922605261,1,2025-01-14 12:40:00
784,Client24,Autocall,AMZN,SELL,1170000.0,-1.2094821728950833,-0.8255871430177333,0.49937997068801365,31.84986486952158,1,2025-01-14 12:42:00
2461,Client03,Autocall,AMZN,SELL,440000.0,-0.03833295589781378,2.013935553087243,0.677459847616747,19.217796297838515,0,2025-01-14 12:45:00
4768,Client06,Autocall,AMZN,BUY,2380000.0,-3.2814999680183874,3.6005767957056367,0.5337923629854168,43.63838344374379,0,2025-01-14 12:45:00
4470,Client34,Autocall,SMI,BUY,420000.0,-2.6117359460075953,4.684183846632612,0.46725902271169334,8.398310688186283,0,2025-01-14 12:49:00
541,Client15,Autocall,NVDA,SELL,2070000.0,1.578706358032651,-0.6827645901896466,0.1883655633189105,15.31071119763346,0,2025-01-14 12:50:00
341,Client21,Barrier Reverse Convertible,NVDA,SELL,370000.0,-0.36818508345987155,5.625577795929143,0.5305777942675812,27.409061572814373,1,2025-01-14 12:50:00
4981,Client35,Autocall,SMI,BUY,360000.0,-1.574891207123025,-0.974245226352201,0.2875495800580593,28.852984054430557,0,2025-01-14 12:50:00
2382,Client22,Autocall,AMZN,SELL,620000.0,1.1779527687070876,-2.9772384516978856,0.5344980648119824,6.422087902027468,1,2025-01-14 12:51:00
3229,Client20,Autocall,NVDA,SELL,510000.0,-0.3957039078513439,1.257134876466015,0.3192594205154646,31.716464324730296,0,2025-01-14 12:55:00
3988,Client26,Autocall,SMI,SELL,730000.0,0.8666102341244833,-1.01605363990299,0.3391613128565687,6.709011981511715,0,2025-01-14 12:55:00
2710,Client34,Autocall,NVDA,BUY,340000.0,1.6193159660573981,0.6866278826573179,0.4743259502301968,7.065506723035564,0,2025-01-14 13:00:00
1748,Client35,Autocall,NVDA,BUY,530000.0,-0.3059026663953479,3.178073406432743,0.3373293211331114,10.036361157982848,0,2025-01-14 13:01:00
2357,Client01,Barrier Reverse Convertible,AAPL,BUY,120000.0,0.2725770876690654,-5.863140993383875,0.3416634083811457,15.299771723684774,0,2025-01-14 13:03:00
3265,Client40,Bonus Certificate,MSFT,BUY,1180000.0,0.9702395565663279,2.2360933114107784,0.6585529579126967,47.380921269463656,0,2025-01-14 13:07:00
3514,Client22,Bonus Certificate,MSFT,SELL,430000.0,-2.4337236345908577,3.543529187748641,0.18946168966384058,45.055427699077285,0,2025-01-14 13:07:00
1557,Client13,Reverse Convertible,SPX,BUY,220000.0,-1.5644770723114008,3.0831915046268694,0.6317978307337947,,0,2025-01-14 13:07:00
1457,Client36,Tracker,SPX,SELL,1120000.0,1.22909357285306,-3.5859640867518863,0.22978313257270896,,1,2025-01-14 13:08:00
3721,Client21,Tracker,AAPL,SELL,120000.0,-0.6195214790104325,-2.780843709229663,0.23272541347884185,,0,2025-01-14 13:09:00
818,Client05,Autocall,NESN,SELL,650000.0,-0.6700117193177049,-0.8205821780958329,0.5769314706010252,20.472692030619292,0,2025-01-14 13:09:00
4408,Client16,Reverse Convertible,AAPL,SELL,370000.0,2.6755130957683297,0.834157066149042,0.3594274998603293,,1,2025-01-14 13:09:00
3051,Client08,Autocall,NVDA,BUY,280000.0,3.4345058396084873,0.535668109095798,0.39702897942243465,10.065309217031244,1,2025-01-14 13:09:00
804,Client22,Autocall,AMZN,SELL,370000.0,4.7356657587052045,0.7516392330058104,0.2955298369140934,26.835746975448426,1,2025-01-14 13:10:00
2887,Client20,Tracker,SMI,BUY,320000.0,-1.5598994361293423,-0.9784754620414187,0.6093099905847336,,0,2025-01-14 13:17:00
2643,Client25,Bonus Certificate,SPX,SELL,1090000.0,3.8418048951170385,2.1627907231786327,0.2928022034628757,21.657331737791534,1,2025-01-14 13:18:00
1576,Client40,Autocall,AMZN,BUY,330000.0,-1.9093157411362753,-1.1012605523646428,0.3075688263423832,5.395959071071732,0,2025-01-14 13:21:00
474,Client37,Barrier Reverse Convertible,NESN,BUY,540000.0,0.3897898426677955,-3.6508597416782216,0.6794079349647285,41.49369101549929,1,2025-01-14 13:21:00
2507,Client32,Autocall,AAPL,BUY,1300000.0,-0.47803530293074864,-1.2085403282723435,0.3039794746945073,27.932879471017614,0,2025-01-14 13:34:00
2244,Client18,Autocall,NVDA,BUY,940000.0,-2.495543023218285,2.7892817164085457,1.0067897988193957,24.90810467734245,1,2025-01-14 13:35:00
3102,Client17,Tracker,NVDA,SELL,1470000.0,-0.009624571597614208,-3.0872718489219944,0.3458063452467039,,0,2025-01-14 13:35:00
4048,Client28,Reverse Convertible,TSLA,BUY,830000.0,2.3733529753708917,0.30212141797017633,0.6412310723053694,,0,2025-01-14 13:41:00
2355,Client28,Bonus Certificate,NVDA,SELL,280000.0,-2.5429467071310325,4.705630262114565,0.26426437656895707,41.305528408740834,1,2025-01-14 13:53:00
163,Client17,Autocall,SPX,BUY,780000.0,-1.6745792041574823,-0.3223883678748189,0.19814280436094336,8.351656987100304,1,2025-01-14 13:53:00
4508,Client38,Reverse Convertible,MSFT,BUY,280000.0,-2.3137075809454117,-2.2690640567241362,0.2382045721457407,,1,2025-01-14 14:01:00
3368,Client37,Autocall,MSFT,BUY,630000.0,-0.45319713969117664,-1.6511606491812514,0.3711986329764758,14.490408685962459,0,2025-01-14 14:13:00
4435,Client37,Autocall,AAPL,SELL,730000.0,-0.7604046479639711,-3.1425133154408194,0.3040861212845462,45.269873183257914,1,2025-01-14 14:13:00
316,Client22,Autocall,NESN,SELL,690000.0,-0.20950744177658118,4.138940791912644,0.31677617073849196,21.607130725456113,0,2025-01-14 14:16:00
340,Client02,Barrier Reverse Convertible,SPX,BUY,580000.0,-0.4750067465325437,0.0939317339438936,0.32513133939084177,23.66099235427923,0,2025-01-14 14:17:00
4170,Client32,Bonus Certificate,TSLA,SELL,800000.0,2.9002035977056835,2.345882860638097,0.15569614090187184,20.90186435149385,0,2025-01-14 14:20:00
1805,Client22,Autocall,MSFT,BUY,960000.0,-2.315234206045235,0.5966365254533572,0.64654917764166,34.49493559155565,0,2025-01-14 14:20:00
3358,Client37,Autocall,SPX,SELL,480000.0,-0.32081205192216883,-2.9034410699099484,0.31149534047064514,41.14649808219384,0,2025-01-14 14:23:00
4176,Client32,Autocall,TSLA,BUY,1210000.0,2.2658790925906493,-0.7432895581723803,0.223698008484886,1.9251697895771913,1,2025-01-14 14:26:00
4017,Client13,Autocall,AMZN,SELL,260000.0,-2.609992969144498,-0.3814124152554369,0.8932367873596115,40.391353286569604,1,2025-01-14 14:26:00
1412,Client35,Bonus Certificate,AMZN,BUY,370000.0,-3.6026251877121744,1.860928206725787,0.8397182050293057,0.07368759014266812,1,2025-01-14 14:27:00
4752,Client33,Reverse Convertible,AAPL,BUY,150000.0,1.718519225763921,-0.16922868908434108,0.52541635670978,,1,2025-01-14 14:31:00
3202,Client22,Barrier Reverse Convertible,AMZN,BUY,420000.0,2.5588211277064987,5.320479091146175,0.32643855234246344,35.302879908773264,1,2025-01-14 14:40:00
399,Client07,Autocall,SMI,SELL,320000.0,-2.536766119219523,0.2564807603340318,0.6635593234071168,9.095379436878826,1,2025-01-14 14:43:00
869,Client23,Bonus Certificate,NVDA,BUY,400000.0,-0.49652986676799465,2.027832444460471,0.8954952728465911,1.520956645700583,0,2025-01-14 14:46:00
3718,Client27,Autocall,NVDA,BUY,180000.0,4.215243248990446,-0.34046543125029916,1.0387134603163124,11.372157015294192,0,2025-01-14 14:50:00
773,Client31,Bonus Certificate,NVDA,SELL,700000.0,0.3977937910355347,1.6930763377894351,0.6043363903022152,0.36576315217713984,0,2025-01-14 14:51:00
4047,Client32,Autocall,AMZN,SELL,750000.0,0.2694549102640018,-1.6581105429984997,1.2830202721592314,36.301807026888355,0,2025-01-14 15:08:00
2842,Client02,Autocall,NESN,SELL,710000.0,1.8290562980118332,-3.130841894826917,0.28428473572975965,0.11600795082432613,1,2025-01-14 15:09:00
1545,Client34,Autocall,TSLA,BUY,280000.0,-0.3926182297283442,0.6530497350056544,0.3994914016216472,20.84324035828199,0,2025-01-14 15:12:00
3771,Client03,Autocall,MSFT,SELL,800000.0,-2.5280813655684815,0.7776240757758255,0.323631025898836,26.86233339346834,0,2025-01-14 15:14:00
1410,Client17,Barrier Reverse Convertible,AMZN,SELL,310000.0,1.7317350136888092,-2.874858235178224,0.45437553303345984,1.1161143785682004,1,2025-01-14 15:14:00
1142,Client04,Autocall,NVDA,SELL,460000.0,-0.7002411848003685,4.559146482107469,1.6265049660498716,7.546743961248753,0,2025-01-14 15:18:00
883,Client17,Tracker,AAPL,BUY,2590000.0,-0.5684972807350566,-0.6690189287339007,0.5408960940676507,,0,2025-01-14 15:21:00
1989,Client40,Barrier Reverse Convertible,NESN,SELL,650000.0,-1.9219204698589427,-0.5669003824782697,0.6805373418208548,41.28518421771804,0,2025-01-14 15:25:00
3193,Client08,Bonus Certificate,SPX,SELL,490000.0,-1.9467901709606261,4.695763148484888,0.4416163180246471,27.264895819298346,1,2025-01-14 15:28:00
1042,Client26,Barrier Reverse Convertible,SPX,SELL,340000.0,0.6097751738064439,1.6259865407439964,0.5988350617587733,23.562916589174186,0,2025-01-14 15:28:00
4482,Client30,Autocall,NVDA,BUY,400000.0,1.4083942390226756,0.4068482959130411,0.4925661299740662,49.69340189240843,0,2025-01-14 15:28:00
3491,Client13,Reverse Convertible,MSFT,BUY,310000.0,-1.310994375206391,0.16724261424708434,0.2897835464140228,,1,2025-01-14 15:29:00
2564,Client02,Autocall,SMI,SELL,990000.0,-2.196872052533228,-1.2311662608251968,0.3434928151780249,23.720177830009575,0,2025-01-14 15:32:00
4364,Client06,Bonus Certificate,SMI,BUY,2380000.0,1.3329466914429438,-4.154274679467498,0.24162581405499942,25.314033645245875,0,2025-01-14 15:32:00
377,Client22,Autocall,AAPL,SELL,490000.0,-0.43527712959293474,-2.094043346409931,0.3011293994052864,43.22241356388064,1,2025-01-14 15:33:00
4014,Client30,Reverse Convertible,MSFT,SELL,550000.0,2.6375418173557588,1.4666270954460192,0.33306924888133743,,1,2025-01-14 15:36:00
1933,Client15,Autocall,MSFT,SELL,560000.0,1.0871454714170086,-0.9440751748490903,0.3043349853552616,5.194923009999503,0,2025-01-14 15:36:00
2580,Client38,Barrier Reverse Convertible,NVDA,BUY,350000.0,0.1545662681094697,0.06195294469870274,0.34794444972669913,32.14580256690328,1,2025-01-14 15:38:00
4293,Client01,Autocall,SMI,SELL,160000.0,3.4330559007078407,-0.44881162782193984,0.4176413227305147,37.22967587099147,0,2025-01-14 15:41:00
4789,Client26,Autocall,NVDA,SELL,550000.0,-2.286937269640237,-6.7085232021279975,0.4244517434618973,48.77053903781073,0,2025-01-14 15:46:00
2030,Client23,Autocall,TSLA,SELL,510000.0,-1.2407971111406182,-4.750050648549564,0.47024324735941336,49.91851328611708,1,2025-01-14 15:46:00
2811,Client22,Bonus Certificate,AAPL,SELL,690000.0,1.1532935883006639,-1.8335363461100835,0.4170972052479888,25.367374368577494,1,2025-01-14 15:47:00
4173,Client22,Autocall,AMZN,BUY,190000.0,0.8084595549800087,-0.19899590107789078,0.3826379101800782,22.156839285907022,0,2025-01-14 15:47:00
1547,Client15,Autocall,AMZN,BUY,2130000.0,1.6939056386454299,5.134574951795115,1.1069341543054452,30.15396495955047,0,2025-01-14 15:56:00
687,Client33,Autocall,NESN,BUY,320000.0,3.1751578084293985,-1.58669203235406,0.3040913100742769,27.611078431517548,0,2025-01-14 15:58:00
1681,Client06,Barrier Reverse Convertible,SPX,BUY,1430000.0,-1.200253376529177,3.3116322430406084,0.6538184486776972,11.298445048706524,0,2025-01-14 16:03:00
900,Client03,Autocall,MSFT,SELL,930000.0,-0.5332958744948542,0.43426736306794755,0.3854457151537986,26.587209388340057,0,2025-01-14 16:04:00
3734,Client27,Autocall,AAPL,SELL,240000.0,-0.12864695284892577,0.8833834078384797,0.6454249922336043,36.63163252239062,0,2025-01-14 16:06:00
4164,Client23,Autocall,NESN,SELL,410000.0,1.6055011783642454,1.4238246114588056,0.3190712954542199,44.08027236913908,1,2025-01-14 16:08:00
292,Client31,Reverse Convertible,NVDA,BUY,390000.0,-0.9514497787384446,1.3074498966767243,0.37936308760322807,,1,2025-01-14 16:10:00
673,Client17,Autocall,AAPL,SELL,480000.0,-2.172341005283149,-4.187604505767328,0.6731386470958579,47.71504422997162,1,2025-01-14 16:10:00
2401,Client23,Autocall,AMZN,SELL,640000.0,3.1949736069494334,-1.0402536025853377,0.47667271165128194,34.914886829325596,0,2025-01-14 16:12:00
2377,Client08,Autocall,SPX,SELL,170000.0,2.0168804343652065,-0.5153485580361504,0.4995420097310563,11.713864995845485,1,2025-01-14 16:13:00
2337,Client27,Autocall,AMZN,SELL,550000.0,0.7237962870389667,3.1540315293100805,0.33467026167171443,31.349041259317417,0,2025-01-14 16:16:00
3757,Client02,Barrier Reverse Convertible,SPX,SELL,1000000.0,-0.8958035829322158,-1.3383361853227325,0.1499562138642814,21.303245866435432,0,2025-01-14 16:17:00
4995,Client18,Autocall,AAPL,BUY,1040000.0,1.9879869073618026,2.9851449115258184,0.4038635832405195,45.057225435264556,1,2025-01-14 16:19:00
3,Client17,Autocall,AMZN,SELL,1850000.0,1.9255162542910096,2.05630200507309,0.3648035722430269,0.8007646621483122,1,2025-01-14 16:20:00
1938,Client28,Barrier Reverse Convertible,NVDA,SELL,780000.0,-1.7396441214522886,-4.011194565947468,0.26543575086351,43.41499650390821,0,2025-01-14 16:20:00
2626,Client01,Autocall,MSFT,BUY,50000.0,1.9461280558387233,-2.5077342476301,0.5847627208931981,11.540909281493562,0,2025-01-14 16:22:00
916,Client02,Autocall,MSFT,SELL,1350000.0,-3.420667251007043,1.988717246881114,0.3760095910421058,3.516432218060622,1,2025-01-14 16:24:00
2404,Client02,Barrier Reverse Convertible,MSFT,SELL,620000.0,-0.37770009675379773,1.079325106778153,0.45907248946946494,37.6567182891259,0,2025-01-14 16:30:00
681,Client37,Autocall,NVDA,SELL,640000.0,2.4568681629534153,-0.18385973418487817,1.1002297643520749,15.121369446204946,0,2025-01-14 16:32:00
2455,Client08,Autocall,AMZN,SELL,220000.0,-2.248129957579893,-0.19204126948368588,0.1198442302223826,1.0209434185024513,1,2025-01-14 16:36:00
4304,Client18,Tracker,NVDA,BUY,1650000.0,-0.13089643284454944,-0.7260848587722745,0.4355336026597283,,0,2025-01-14 16:40:00
4552,Client01,Autocall,MSFT,BUY,80000.0,-4.554064751499191,0.46777919687013453,0.2495919407161385,49.37376730062642,1,2025-01-14 16:46:00
2042,Client32,Autocall,TSLA,SELL,250000.0,-0.9733623858376875,9.980253433632242,0.564546251238392,39.97915307803229,0,2025-01-14 16:49:00
4238,Client39,Autocall,AAPL,BUY,370000.0,-0.24134904167297075,3.0630359170785337,0.4270014218809107,47.96500141549488,0,2025-01-14 16:57:00
2508,Client29,Autocall,SPX,SELL,560000.0,1.5404070441310929,-0.48487513421287787,0.2572786511518145,27.929694741511963,1,2025-01-14 16:57:00
2871,Client13,Tracker,NESN,SELL,400000.0,0.13706768561864505,1.9876896225003287,0.2544727662161266,,0,2025-01-14 17:11:00
4957,Client29,Autocall,SMI,BUY,450000.0,-2.923825641006491,-0.24941552668086012,0.5678072994204197,31.270652443705398,1,2025-01-14 17:12:00
535,Client20,Autocall,AMZN,BUY,260000.0,-2.642178781608757,0.5040007492113932,0.352636196839277,7.717097484825603,0,2025-01-14 17:12:00
2170,Client32,Autocall,AAPL,SELL,550000.0,0.6174430701236618,-1.4821051796224591,0.6254158669647376,15.693083898532855,0,2025-01-14 17:13:00
162,Client28,Barrier Reverse Convertible,SPX,SELL,470000.0,3.112920950589448,3.474831508595698,0.17930554487542621,45.565415293574596,0,2025-01-14 17:19:00
3675,Client02,Autocall,AMZN,SELL,1130000.0,0.825278555108875,-3.639439365677841,0.3680418461120057,6.900965814163013,1,2025-01-14 17:22:00
3287,Client34,Autocall,TSLA,BUY,530000.0,-0.018475814925522988,3.4502232859539923,0.586635253499285,35.72618727077149,1,2025-01-14 17:32:00
4931,Client14,Bonus Certificate,SMI,SELL,720000.0,-1.4435714972417928,-2.4469980636975297,0.3180096551882587,47.506000901471076,0,2025-01-14 17:33:00
1674,Client13,Autocall,NESN,BUY,230000.0,-0.40599298991737465,2.28950921354411,0.3250457710765842,31.986997431559832,1,2025-01-14 17:36:00
3388,Client33,Reverse Convertible,NVDA,BUY,360000.0,0.4718553221882703,4.239000934196028,0.3818776702327996,,0,2025-01-14 17:42:00
1027,Client07,Autocall,MSFT,BUY,390000.0,1.7885732236065408,0.8610690046396801,0.8601289366005173,21.95540549303809,1,2025-01-14 17:44:00
3991,Client34,Autocall,TSLA,BUY,830000.0,-0.7796411999431604,-0.9627813365067053,1.1771145613714555,33.954854813837585,0,2025-01-14 17:49:00
591,Client03,Autocall,MSFT,BUY,770000.0,4.194845715665219,-1.4463541947105352,0.40686392825812917,5.857343631845547,0,2025-01-14 17:50:00
2344,Client11,Autocall,SMI,BUY,420000.0,0.20823331603035516,2.9496715924932237,0.1038756198176164,3.8669822508696603,1,2025-01-14 17:53:00
4619,Client02,Autocall,TSLA,BUY,770000.0,-1.9128715885850702,2.6685283059996094,0.3629892973516846,8.036250755149588,1,2025-01-14 17:58:00
158,Client16,Tracker,AAPL,SELL,550000.0,-0.3340827274296801,4.6913333848518395,0.5483842592572529,,1,2025-01-15 08:02:00
1628,Client13,Bonus Certificate,TSLA,SELL,280000.0,-0.5653628762186411,2.569598594032972,0.6316286326648582,41.7835037615384,0,2025-01-15 08:03:00
2625,Client18,Autocall,AAPL,BUY,1580000.0,0.09096763496084202,-1.2996635644786474,0.4608906264894368,48.50389545155448,0,2025-01-15 08:05:00
3535,Client05,Bonus Certificate,NESN,BUY,710000.0,-0.4796445762863584,-2.0689240033403915,0.4923410710307407,46.71449036925871,0,2025-01-15 08:12:00
1706,Client37,Autocall,AMZN,BUY,560000.0,2.1210211714157023,-1.7687525730624725,0.31970700546893066,46.38005310775485,0,2025-01-15 08:13:00
3834,Client02,Autocall,AAPL,SELL,760000.0,-0.633627692788407,-0.9514694765531349,0.9300698387473543,31.47032135419873,0,2025-01-15 08:15:00
67,Client16,Autocall,NESN,SELL,280000.0,0.3297504062163723,7.425130003805448,0.18975900511695362,42.41959068590065,1,2025-01-15 08:16:00
2417,Client28,Autocall,SMI,BUY,460000.0,2.626002754632311,5.090923436335924,0.6320903429266499,42.82009370150136,0,2025-01-15 08:21:00
2008,Client40,Autocall,NESN,BUY,230000.0,1.6416832041803433,-5.043644937161756,0.5242438890930528,7.10317893530199,1,2025-01-15 08:22:00
4497,Client33,Autocall,SMI,BUY,290000.0,0.6115762317938886,-2.5832383292590473,0.25711749497499775,31.511866940348032,1,2025-01-15 08:23:00
4736,Client03,Barrier Reverse Convertible,SPX,SELL,530000.0,4.385711238119971,-0.8398379525760955,0.1523102123566286,8.078343635714841,0,2025-01-15 08:27:00
369,Client20,Bonus Certificate,TSLA,BUY,780000.0,-1.563292451339056,0.3746983655387704,0.6048902647142744,6.322824802842436,0,2025-01-15 08:28:00
4339,Client28,Autocall,AMZN,SELL,190000.0,-0.07750196218024369,0.30393697758182675,0.28529805154062315,14.29041363668957,0,2025-01-15 08:28:00
1652,Client34,Autocall,MSFT,SELL,340000.0,2.2391345872231945,1.1015359451774933,0.6226940546948828,15.075599761453256,1,2025-01-15 08:31:00
4169,Client19,Barrier Reverse Convertible,AAPL,SELL,620000.0,1.0768642262755697,-1.8610124547412312,0.4870420496960749,40.577972245086016,1,2025-01-15 08:31:00
4009,Client02,Autocall,NVDA,BUY,2050000.0,-1.4413435809960067,-1.7020012817602177,0.2789097482151813,34.68924579130561,1,2025-01-15 08:33:00
2054,Client23,Autocall,AMZN,BUY,260000.0,-0.4320348446433327,-2.5352543217390484,0.5271945348237331,35.912460644795665,1,2025-01-15 08:33:00
771,Client40,Autocall,AAPL,SELL,650000.0,2.6715669331355243,0.05051987903193987,0.8300218263392735,27.607439734455074,0,2025-01-15 08:36:00
2072,Client23,Autocall,MSFT,BUY,540000.0,-0.2078438013518535,-1.0169931658152833,0.28925733549475957,38.299677784393765,1,2025-01-15 08:38:00
2323,Client01,Barrier Reverse Convertible,AAPL,SELL,120000.0,-0.8800961325950192,2.542589544225649,0.24429178027480503,18.578541083304522,1,2025-01-15 08:47:00
1500,Client17,Bonus Certificate,AMZN,SELL,640000.0,0.13649662514816174,2.5547226225231907,0.41372242610545,31.255367240800158,0,2025-01-15 09:12:00
398,Client11,Autocall,AMZN,BUY,270000.0,3.2191563459767942,4.869910643518949,0.20258382048227958,14.959719444291435,1,2025-01-15 09:13:00
2250,Client23,Autocall,SMI,BUY,360000.0,2.5731164040347636,6.176350670497876,0.3660008823166221,37.963567407578466,1,2025-01-15 09:15:00
721,Client24,Autocall,SMI,SELL,1050000.0,1.9048078290336028,-1.3751338744078474,1.895601943125053,27.769297038900742,0,2025-01-15 09:17:00
1730,Client09,Autocall,MSFT,BUY,460000.0,0.8548834590370848,-7.130668351067065,0.16302177136347698,10.861360950221261,0,2025-01-15 09:23:00
1077,Client05,Tracker,TSLA,SELL,940000.0,0.23406828505729682,2.8782797043276935,0.8748627967237642,,0,2025-01-15 09:31:00
605,Client18,Bonus Certificate,MSFT,BUY,4150000.0,0.4243748171522086,-4.446191916428779,0.16477128522645645,44.558072739687034,1,2025-01-15 09:32:00
1416,Client34,Autocall,SPX,SELL,810000.0,-0.11510891126314646,-3.14166794435108,0.38605130762325385,42.02426737924171,1,2025-01-15 09:34:00
4568,Client04,Barrier Reverse Convertible,TSLA,SELL,690000.0,0.4670288099624821,1.7494700797309157,0.10862324439044896,8.995789498052014,0,2025-01-15 09:34:00
2993,Client30,Autocall,NESN,BUY,320000.0,-1.8052716994346265,-5.552356188685162,0.2114416169827886,47.549385321553586,0,2025-01-15 09:35:00
4489,Client05,Bonus Certificate,NVDA,SELL,740000.0,3.1044187761810385,-0.7161020158983882,1.0390919830054475,24.31805291917551,0,2025-01-15 09:37:00
2121,Client33,Autocall,NESN,BUY,190000.0,2.69807130954695,3.8241710184346394,0.9838137512580619,25.137720456641095,1,2025-01-15 09:42:00
4449,Client14,Autocall,NVDA,SELL,1360000.0,-5.011835233606118,-4.403081919660391,0.5761245471033659,18.06837035335793,0,2025-01-15 09:44:00
1673,Client28,Autocall,SPX,BUY,1410000.0,2.7089345544043937,-4.509698733422485,0.3058916291142147,31.27949300071537,1,2025-01-15 09:46:00
1626,Client11,Autocall,AAPL,SELL,360000.0,-0.3222501203030611,1.6387690128212937,0.5829272994547097,16.39547866785918,1,2025-01-15 09:53:00
4632,Client02,Autocall,AMZN,SELL,1370000.0,-0.48497318621028873,-0.056299631236867806,0.5285878789639453,42.58742432202727,0,2025-01-15 09:56:00
2283,Client15,Tracker,AAPL,SELL,1090000.0,-0.4290825356759574,-0.40916565331885724,0.7021870002093924,,1,2025-01-15 09:56:00
4132,Client13,Reverse Convertible,AAPL,SELL,310000.0,1.135983412636626,2.622457936719001,1.4790026046182594,,0,2025-01-15 10:02:00
1588,Client38,Barrier Reverse Convertible,SMI,SELL,490000.0,-1.1346468322609415,-0.5158504603533071,0.6919220802657795,38.744835843756874,0,2025-01-15 10:03:00
2943,Client35,Autocall,NESN,BUY,560000.0,-5.028890313696399,-0.04090506956996069,0.34879701718354267,17.336614974119964,0,2025-01-15 10:03:00
4034,Client12,Tracker,SPX,SELL,480000.0,2.901633500216613,0.11710839872212186,1.0042067348211074,,0,2025-01-15 10:11:00
3670,Client39,Autocall,AAPL,SELL,220000.0,-0.7623550130324696,-3.3062148040005344,0.5924497055389865,8.85677829286428,1,2025-01-15 10:11:00
790,Client05,Autocall,SPX,SELL,860000.0,1.8469556955967397,0.18050119286807803,0.7112539673136239,28.973081392536702,1,2025-01-15 10:15:00
1753,Client24,Autocall,MSFT,BUY,820000.0,1.360843679177736,5.9083606875174715,0.4392103568384983,18.51371702456252,1,2025-01-15 10:16:00
3960,Client05,Autocall,MSFT,SELL,530000.0,1.2788759997305217,-4.844697121534998,0.4211733180237602,34.429915063907266,0,2025-01-15 10:18:00
2234,Client03,Autocall,SPX,SELL,290000.0,-0.17171775270307205,3.5318644858087946,0.88599707902659,8.100035239684722,0,2025-01-15 10:19:00
1442,Client05,Reverse Convertible,AAPL,BUY,650000.0,-3.8146692915418225,0.1399649011852372,0.43477412425431927,,1,2025-01-15 10:20:00
3065,Client21,Autocall,AAPL,BUY,230000.0,1.522339310663963,3.0484741088941245,0.2866447390177702,17.525607675974143,0,2025-01-15 10:22:00
4399,Client11,Autocall,NESN,SELL,270000.0,0.20737181857227543,-3.961178808405185,0.24305345809432685,32.17278117755278,1,2025-01-15 10:29:00
128,Client34,Barrier Reverse Convertible,SMI,SELL,430000.0,-1.854316805520201,0.04714236562892625,0.29215874266666464,4.055144867505328,1,2025-01-15 10:34:00
2231,Client23,Reverse Convertible,SMI,SELL,710000.0,-2.647769278058501,1.3569861091751492,0.6834394609414046,,1,2025-01-15 10:34:00
988,Client01,Reverse Convertible,TSLA,BUY,320000.0,2.3411787831780675,-5.52125389209662,0.7554850441280754,,0,2025-01-15 10:35:00
304,Client25,Barrier Reverse Convertible,TSLA,SELL,2090000.0,-3.3445300222133985,0.8504603555740158,0.42007397163999816,49.83590426187936,0,2025-01-15 10:36:00
740,Client18,Autocall,SMI,BUY,1900000.0,-0.9726458065056349,6.434918094989877,1.3280570704889092,6.263669545061723,0,2025-01-15 10:45:00
4594,Client11,Bonus Certificate,SPX,SELL,460000.0,-0.42911489602629954,0.11829245980217637,0.6899869489706875,3.1539374669103895,0,2025-01-15 10:46:00
1150,Client25,Barrier Reverse Convertible,AMZN,BUY,620000.0,2.285247928156369,3.008029850131745,0.6094744979366815,6.184216086851324,1,2025-01-15 10:48:00
2523,Client32,Autocall,TSLA,BUY,350000.0,3.6726752568372114,2.365949975351097,0.2789758896750851,6.795968490959186,0,2025-01-15 10:51:00
2547,Client19,Autocall,MSFT,BUY,990000.0,2.512506825611787,0.6328594227120725,0.3452168898239599,4.34008700241828,0,2025-01-15 10:55:00
3614,Client32,Autocall,TSLA,BUY,710000.0,4.443775009791662,0.1779373886679515,0.24609709484131073,39.425698208202625,0,2025-01-15 11:02:00
3536,Client04,Reverse Convertible,AAPL,SELL,910000.0,0.9331163824872786,-1.5272390606773596,0.1393313348723193,,0,2025-01-15 11:02:00
1566,Client07,Barrier Reverse Convertible,MSFT,SELL,770000.0,-0.8765418888877347,-6.286739569518472,0.563891296828893,39.23668058595969,1,2025-01-15 11:02:00
285,Client08,Bonus Certificate,NVDA,BUY,130000.0,3.6122032626771867,-1.6786024313413495,0.7881212460632983,49.118890870694315,0,2025-01-15 11:04:00
2103,Client34,Autocall,AMZN,BUY,430000.0,-0.08008794798675514,5.362645384347804,0.49387388401619026,33.58839834255388,1,2025-01-15 11:05:00
768,Client11,Reverse Convertible,AAPL,BUY,390000.0,5.486499152949419,0.922175606006786,0.3450639556502506,,0,2025-01-15 11:14:00
1577,Client17,Autocall,NVDA,BUY,990000.0,-1.12343833854441,1.686280551904682,0.5058128286075793,38.15900568718216,0,2025-01-15 11:14:00
4854,Client07,Autocall,SPX,BUY,280000.0,0.25386557790819453,1.3907898035191777,0.3934754445218212,23.499677293345663,0,2025-01-15 11:19:00
1329,Client15,Autocall,SMI,BUY,1480000.0,1.2783286837928434,-5.067914355214737,0.7193184231376728,36.255356876274256,1,2025-01-15 11:19:00
3247,Client34,Autocall,MSFT,SELL,700000.0,-0.0926200143422215,2.0276748304082117,0.15724449684487563,33.42650207760576,0,2025-01-15 11:19:00
1451,Client05,Bonus Certificate,NVDA,BUY,250000.0,0.8673879194299008,1.5997971879763582,0.5283355214006225,4.728322845414546,0,2025-01-15 11:19:00
1999,Client16,Autocall,NESN,SELL,290000.0,-0.21598845526109756,0.13619389905041415,0.14000472593827976,9.865270035461466,0,2025-01-15 11:19:00
2398,Client34,Bonus Certificate,NESN,SELL,340000.0,-0.7078822656066065,4.870261908463726,0.21311755108801148,0.2889385493424601,1,2025-01-15 11:28:00
4662,Client04,Bonus Certificate,AAPL,SELL,1040000.0,-1.5221772588732925,-3.377867124241923,0.27372671742978133,23.6330910447402,0,2025-01-15 11:29:00
2436,Client31,Bonus Certificate,SMI,BUY,470000.0,0.5305397277510824,-1.344014972020553,0.37348331306711163,34.785711124480386,0,2025-01-15 11:31:00
3840,Client20,Autocall,AAPL,SELL,650000.0,0.7486872156046637,0.38557323236646546,0.21890837121742887,0.9383774913081233,0,2025-01-15 11:34:00
1200,Client05,Barrier Reverse Convertible,AAPL,SELL,720000.0,-0.6206917440248085,-3.2165653355217203,0.1665090061028155,48.664943528842066,1,2025-01-15 11:35:00
3805,Client31,Reverse Convertible,MSFT,BUY,410000.0,2.623943199007365,2.936648940078019,0.4746170130571876,,1,2025-01-15 11:35:00
3379,Client13,Barrier Reverse Convertible,AMZN,BUY,270000.0,-0.07993925193523639,-0.3450601507445291,0.24531035863672102,40.2410275490625,0,2025-01-15 11:38:00
3160,Client33,Autocall,TSLA,SELL,340000.0,-1.340817649316927,-1.974892457408748,0.19201270332870313,48.83290600875313,1,2025-01-15 11:38:00
1401,Client31,Bonus Certificate,SPX,SELL,460000.0,-4.693109190165566,-4.380178489044581,0.40265673065336477,5.130571769096825,1,2025-01-15 11:42:00
3398,Client05,Reverse Convertible,MSFT,BUY,620000.0,-0.9178900239042371,1.8412064671770234,0.3609779851053592,,0,2025-01-15 11:43:00
2744,Client22,Autocall,NESN,BUY,370000.0,-1.7065416680494936,-1.2174868815776492,0.5010505925934172,5.911934735045249,0,2025-01-15 11:44:00
3962,Client18,Autocall,AAPL,SELL,600000.0,-0.9317624358883235,-8.155356059731462,0.519333914957474,22.784414186679363,0,2025-01-15 11:49:00
4377,Client20,Autocall,NVDA,BUY,460000.0,0.8104446605442444,5.618128793829025,0.22672614354109694,40.62081856972014,0,2025-01-15 11:49:00
4819,Client10,Barrier Reverse Convertible,SMI,BUY,800000.0,1.2387374813451002,2.20019791443779,0.3446167206465203,34.989475811925544,0,2025-01-15 11:54:00
4123,Client08,Barrier Reverse Convertible,NVDA,SELL,350000.0,-3.7711098315239227,-2.7682151846434246,0.26183368185583705,7.460394582014479,1,2025-01-15 12:00:00
1631,Client20,Barrier Reverse Convertible,AMZN,BUY,580000.0,0.7479178208829077,1.6711368763798804,0.3429370691754121,21.4843509318959,0,2025-01-15 12:00:00
3748,Client22,Autocall,AMZN,SELL,400000.0,-0.6414916519570386,-5.98541533892797,0.3211301289502326,28.721848458378858,1,2025-01-15 12:00:00
1781,Client27,Tracker,NESN,BUY,170000.0,-1.5318102763711765,-7.309760388184728,0.42083033885662124,,0,2025-01-15 12:00:00
1864,Client33,Autocall,NVDA,BUY,460000.0,0.1715379338470268,-1.7088268931230295,0.47967811701843066,16.445795738371732,0,2025-01-15 12:01:00
4464,Client03,Bonus Certificate,MSFT,SELL,580000.0,0.3375107931620901,2.0876819134884874,0.9228617609581575,16.348734039031797,0,2025-01-15 12:03:00
2751,Client38,Reverse Convertible,TSLA,SELL,80000.0,-0.8916162382360302,-0.2525035290440409,0.6025040632093873,,1,2025-01-15 12:04:00
519,Client22,Autocall,AMZN,BUY,680000.0,0.7109741738365943,-2.309170870198146,0.4148095204887124,46.488911932964086,0,2025-01-15 12:07:00
1865,Client04,Tracker,TSLA,SELL,1250000.0,-0.4208496141820046,-0.027057759943960966,0.6425830761010761,,0,2025-01-15 12:08:00
607,Client28,Autocall,AMZN,SELL,660000.0,0.8768938875335716,3.7595171870794317,0.9842143517187514,41.103930250706135,1,2025-01-15 12:08:00
1093,Client11,Barrier Reverse Convertible,MSFT,BUY,330000.0,-2.779175862954763,5.8726957029692715,0.4455922652910669,17.52153361856117,0,2025-01-15 12:15:00
3529,Client02,Autocall,SPX,BUY,1450000.0,0.25414879254349515,-0.13700585330056553,0.19049176645404597,27.562403283353103,0,2025-01-15 12:17:00
1066,Client01,Barrier Reverse Convertible,NESN,SELL,100000.0,1.305802798002988,-1.5378409345383435,0.7353263825340308,4.573371321753999,1,2025-01-15 12:20:00
1137,Client03,Bonus Certificate,AMZN,SELL,850000.0,-2.43998566609197,-3.6790244145432003,0.3438763175662193,22.766841951427786,0,2025-01-15 12:23:00
2420,Client05,Autocall,NVDA,BUY,490000.0,1.8471578047850439,-0.9651918794706911,0.6725876025293822,8.300388165390693,1,2025-01-15 12:26:00
2853,Client22,Autocall,NVDA,BUY,440000.0,1.3411470378108554,-7.987744165825811,0.8064609126326215,47.467347268467265,0,2025-01-15 12:29:00
3663,Client22,Autocall,AMZN,SELL,380000.0,-0.384854869466287,-3.745667599900144,0.21628318418878537,6.120301764347424,1,2025-01-15 12:32:00
4028,Client25,Bonus Certificate,MSFT,BUY,870000.0,0.5139865906958386,1.4870211438616112,0.24120335042719354,2.680845264356396,1,2025-01-15 12:38:00
4035,Client29,Autocall,SPX,SELL,200000.0,1.1816228312068837,0.5336896525856809,0.6133911145972745,36.8645929464589,0,2025-01-15 12:42:00
3507,Client34,Autocall,MSFT,BUY,250000.0,-0.9296616844334324,2.481713030371154,0.13015038598270354,9.62466769658506,1,2025-01-15 12:46:00
1167,Client06,Tracker,SMI,BUY,1200000.0,-2.3678641602665396,-1.3659976211439437,0.3342488350139625,,0,2025-01-15 12:47:00
108,Client07,Autocall,AAPL,SELL,270000.0,1.3666423416828648,0.17726701342091777,0.8388855583890736,20.792910593159093,0,2025-01-15 12:47:00
2396,Client35,Autocall,NVDA,BUY,540000.0,-0.3373095160286289,0.8943074035969485,0.3242477832663985,2.4230827804442248,0,2025-01-15 12:56:00
2467,Client28,Autocall,AAPL,SELL,710000.0,-0.224852308542943,2.8174202054205937,0.6231007441372622,47.65273792881112,1,2025-01-15 12:59:00
3346,Client01,Autocall,AMZN,BUY,360000.0,-1.4544122611060726,-4.351262613148055,0.48544728803116705,49.713105979072466,1,2025-01-15 13:03:00
4699,Client09,Barrier Reverse Convertible,AMZN,SELL,770000.0,3.407026632374156,-1.5315661910063345,0.8612248493176624,3.8098665142176023,0,2025-01-15 13:06:00
2474,Client33,Autocall,SMI,BUY,160000.0,1.7573526311986583,-0.3788747174257855,0.7815246866892327,8.246891305642368,1,2025-01-15 13:06:00
1624,Client22,Reverse Convertible,NVDA,BUY,630000.0,-2.3723980046235558,-5.356032774187161,0.35660304093248213,,1,2025-01-15 13:16:00
364,Client16,Bonus Certificate,MSFT,BUY,500000.0,-1.7957407798390534,2.807757041123871,0.3439503845907996,33.65532734340214,0,2025-01-15 13:22:00
3439,Client13,Autocall,NVDA,BUY,400000.0,-3.1571149582845086,-0.39380774090080206,0.38787692793382994,1.9705237013649735,1,2025-01-15 13:25:00
2698,Client03,Tracker,SMI,SELL,370000.0,1.2831508099784623,1.6505840715802942,0.9328728016170114,,0,2025-01-15 13:26:00
4646,Client21,Autocall,SMI,SELL,100000.0,0.8861690415677393,7.188759064358211,0.32124734869794996,31.912567009106862,0,2025-01-15 13:27:00
3028,Client09,Reverse Convertible,NESN,BUY,710000.0,1.2958502971580532,2.432081145580047,0.5344267024862267,,0,2025-01-15 13:28:00
1441,Client03,Bonus Certificate,NVDA,SELL,620000.0,-1.3923448469975273,-1.410436645120165,0.3195278796576815,16.027219499653032,0,2025-01-15 13:32:00
4808,Client36,Autocall,MSFT,BUY,700000.0,-1.3099591471192635,1.4463698434516348,0.396579375588801,42.844346752645244,0,2025-01-15 13:37:00
1615,Client05,Bonus Certificate,SMI,BUY,1370000.0,-2.3414156894524774,-3.731168330251303,0.10843188099583699,9.505836813880391,1,2025-01-15 13:38:00
3924,Client17,Autocall,SMI,SELL,420000.0,-2.0484061270919116,-4.5976157230170065,0.47751072339991274,8.416909738542216,0,2025-01-15 13:40:00
1598,Client34,Autocall,TSLA,SELL,510000.0,-1.656976588767687,-2.8707620658948,0.48599423414699977,17.571437719943056,1,2025-01-15 13:42:00
2082,Client34,Autocall,NESN,SELL,510000.0,-3.3721237850413783,-4.272630910478404,0.22878148423638883,10.836237371172668,0,2025-01-15 13:43:00
175,Client22,Autocall,SPX,SELL,830000.0,0.24898043495639807,-1.48535289344747,0.5184533118670015,1.9508974134529178,0,2025-01-15 13:45:00
4908,Client28,Autocall,TSLA,BUY,1140000.0,1.0807641664292973,0.76748617529335,0.38546203341643687,15.27988893466891,1,2025-01-15 13:50:00
3279,Client25,Autocall,TSLA,SELL,460000.0,0.24995091102095618,-0.5202533929274634,0.9073230454606527,6.872941752356443,0,2025-01-15 13:57:00
1023,Client22,Autocall,NESN,BUY,860000.0,-3.9996879233845046,-2.1770665855497726,0.5718955111616523,47.48350482978666,1,2025-01-15 13:58:00
3183,Client20,Barrier Reverse Convertible,AMZN,SELL,740000.0,-1.383798912135849,1.0511792209161457,0.5308142598707614,9.158182832432542,0,2025-01-15 14:02:00
3342,Client05,Autocall,SPX,SELL,550000.0,-1.0257982119322016,0.32102626833492337,0.3700627089765767,43.73066495531723,1,2025-01-15 14:02:00
2897,Client28,Reverse Convertible,TSLA,SELL,1210000.0,-0.6136954452240645,2.663367787106308,0.12597894399736598,,0,2025-01-15 14:05:00
2425,Client26,Autocall,NESN,SELL,890000.0,-0.5634493878799892,0.10707630613141822,0.3200217521236724,27.398212274126426,0,2025-01-15 14:10:00
2125,Client21,Autocall,AAPL,BUY,180000.0,-3.9759853334721855,-2.0427710435685205,0.22769125798659065,5.405147618651457,1,2025-01-15 14:17:00
651,Client35,Bonus Certificate,TSLA,SELL,790000.0,0.29917168232526264,1.7755410147072987,0.4973798147374951,43.71120456248187,0,2025-01-15 14:18:00
4289,Client17,Autocall,AMZN,SELL,1360000.0,-0.7122090687934852,0.4712979535526343,0.5798960773442259,5.449200981207864,0,2025-01-15 14:21:00
178,Client22,Autocall,MSFT,SELL,130000.0,-1.464266442907924,-4.600136719875625,0.46795288084887465,31.420555509517182,0,2025-01-15 14:22:00
1255,Client25,Tracker,SPX,SELL,700000.0,0.17291581453163418,3.3115015121469984,1.100441568888237,,0,2025-01-15 14:26:00
5,Client40,Tracker,SPX,SELL,440000.0,1.0511819807214222,1.351359690269116,0.45193693262126666,,0,2025-01-15 14:29:00
3124,Client02,Autocall,AMZN,BUY,670000.0,-2.397448392538029,-0.7371610232232559,0.32457314839784357,6.855668810294135,0,2025-01-15 14:31:00
1804,Client32,Autocall,SMI,BUY,350000.0,-3.3806189711312133,2.386834637171641,0.4115892123792672,21.671475229000837,0,2025-01-15 14:31:00
4733,Client12,Autocall,AAPL,SELL,400000.0,1.4044256685537877,-1.4515941661221252,0.23391222763582553,48.518997905431306,0,2025-01-15 14:37:00
3525,Client25,Autocall,TSLA,SELL,770000.0,-0.5621389260679204,5.316031284811049,0.5997431821966542,21.551187510480315,0,2025-01-15 14:39:00
1268,Client34,Barrier Reverse Convertible,SMI,SELL,620000.0,-2.0010684702769064,2.5491910548114634,0.6239400510830175,49.147317760279705,1,2025-01-15 14:40:00
238,Client35,Autocall,SPX,SELL,220000.0,1.3308640981941153,2.3588418141638416,0.3599350146799806,5.540082048917316,1,2025-01-15 14:41:00
2524,Client28,Autocall,AAPL,BUY,200000.0,-2.0960907793753623,-0.3414161505484621,0.40174123549793483,4.28791889606408,0,2025-01-15 14:42:00
3117,Client15,Tracker,AAPL,SELL,5000000.0,0.9520817829274297,-2.5370492510244826,0.7936382474624624,,0,2025-01-15 14:42:00
1100,Client27,Autocall,NVDA,SELL,150000.0,3.9784191724343416,2.3578285652338313,0.41650182736969465,38.302538824368625,1,2025-01-15 14:43:00
2482,Client32,Autocall,AMZN,SELL,420000.0,0.10092404220512753,-1.7175201038374122,0.24157147606224189,30.731332318792674,1,2025-01-15 14:43:00
3173,Client26,Autocall,NESN,SELL,850000.0,0.8981904048375359,-1.3690015587253115,0.36871493502423475,47.9204102918773,0,2025-01-15 14:44:00
263,Client25,Reverse Convertible,AMZN,BUY,1670000.0,2.6548761011545796,2.756802559163379,0.31525214080427727,,1,2025-01-15 14:51:00
4420,Client35,Bonus Certificate,NESN,SELL,290000.0,-2.2930843955397573,-0.04947015239263034,0.36621742739569646,30.222969696170892,1,2025-01-15 14:52:00
3138,Client33,Autocall,NESN,SELL,290000.0,0.4876133790782699,2.6369073718612652,0.5257232462762299,3.3603354781227113,1,2025-01-15 14:57:00
1343,Client08,Autocall,SPX,BUY,560000.0,-1.8244908465498784,1.064736773360577,0.319966083711594,45.09119358411423,0,2025-01-15 14:59:00
4404,Client28,Autocall,TSLA,SELL,1580000.0,-1.7687516872758304,6.901587269362661,0.2439592812905726,37.826068130742726,0,2025-01-15 15:07:00
4936,Client20,Reverse Convertible,TSLA,BUY,270000.0,-1.3095675004856488,1.0401804849033343,0.36183319865123076,,0,2025-01-15 15:09:00
2070,Client34,Autocall,NESN,SELL,230000.0,1.7368811065951146,-1.8279869747526452,0.6087883453304902,42.49997745391973,0,2025-01-15 15:16:00
1492,Client12,Autocall,AMZN,SELL,1660000.0,0.8115197323535377,-2.059628949487127,0.3150524645899631,40.17586744201147,0,2025-01-15 15:17:00
3886,Client15,Autocall,NVDA,SELL,1430000.0,-3.0169893932041845,2.190807952587523,0.5810530064752878,46.100965422777115,1,2025-01-15 15:18:00
4996,Client34,Barrier Reverse Convertible,MSFT,SELL,330000.0,-1.2510439034217986,-0.4046297876539184,0.1884230952375746,0.15749166521557556,0,2025-01-15 15:18:00
1782,Client07,Autocall,AAPL,SELL,1190000.0,-2.2753856603370757,-3.7711633837258134,0.5340462909970191,35.64692331396824,0,2025-01-15 15:22:00
247,Client35,Barrier Reverse Convertible,SPX,SELL,560000.0,2.808195615534346,-0.4532395151514125,0.35825413303446535,4.667190000079402,1,2025-01-15 15:22:00
4371,Client02,Autocall,SMI,BUY,420000.0,4.096650477874363,-7.267345781911456,0.576256479823781,16.58140969772092,1,2025-01-15 15:26:00
190,Client34,Autocall,MSFT,SELL,550000.0,0.4778193366695565,4.63925837298452,0.2996056115619777,3.088153651664266,1,2025-01-15 15:28:00
925,Client01,Autocall,SMI,BUY,80000.0,1.3361722492834844,-1.2194623076354123,0.331122326500926,15.955468007024603,0,2025-01-15 15:29:00
4402,Client32,Autocall,AAPL,BUY,1660000.0,0.670424672726186,-3.325582105034579,0.281799929413963,37.58154462416231,0,2025-01-15 15:31:00
200,Client15,Reverse Convertible,NESN,BUY,4030000.0,2.729237635250942,-0.7644328885529148,0.3757380999091714,,1,2025-01-15 15:34:00
3307,Client27,Autocall,SMI,BUY,170000.0,0.6478391756520597,-0.039602471226292846,0.7369848618766935,1.843880673809234,0,2025-01-15 15:38:00
4421,Client37,Autocall,NESN,SELL,540000.0,0.9021123510836477,-0.7864849007774434,1.2813411679210684,38.63695664225075,1,2025-01-15 15:38:00
2078,Client03,Barrier Reverse Convertible,SPX,BUY,120000.0,2.882394521880514,3.4434584138539956,0.3646960762474394,0.9463957692367575,0,2025-01-15 15:40:00
530,Client38,Autocall,TSLA,BUY,450000.0,-4.260295027188374,-2.0979545278755234,0.9568373848657139,16.597102637567364,0,2025-01-15 15:41:00
2496,Client37,Autocall,AMZN,SELL,900000.0,-2.4767600922868556,-1.3199272054316646,0.5643933131372643,26.654272171555593,1,2025-01-15 15:42:00
498,Client31,Autocall,AMZN,BUY,960000.0,-1.5123574779642595,0.8651509974952885,0.2661223375757682,38.518555158756385,1,2025-01-15 15:42:00
4584,Client05,Autocall,SPX,BUY,900000.0,1.652896611398383,2.2410505699776033,0.3341973878803425,24.107436684926277,0,2025-01-15 15:42:00
826,Client30,Autocall,SMI,BUY,390000.0,2.9545865742367483,-6.523668046201288,0.5197266078537376,41.49384016198051,0,2025-01-15 15:43:00
2484,Client29,Autocall,NESN,SELL,340000.0,-2.121407426169915,3.6710746718173537,0.3764955572201705,49.232954197541865,1,2025-01-15 15:44:00
1133,Client34,Autocall,SMI,BUY,390000.0,1.2545451057433024,4.692257940108709,1.0213065526516467,47.447859081205756,1,2025-01-15 15:45:00
1683,Client34,Autocall,NESN,SELL,450000.0,-0.2381863462169417,4.559044435335456,0.1317401428069795,19.150679377548197,1,2025-01-15 15:47:00
3355,Client35,Autocall,SPX,SELL,880000.0,1.8311960687992896,-0.3067392079516045,0.6716911000523965,23.027072102759753,0,2025-01-15 15:48:00
2039,Client40,Autocall,SPX,SELL,610000.0,4.327742954813334,0.2741900073881314,0.8175334358920028,35.47232107951633,0,2025-01-15 15:49:00
735,Client13,Barrier Reverse Convertible,SPX,SELL,150000.0,-1.9574929692221943,-1.3283963609562017,0.9162045393091802,44.13666347580455,0,2025-01-15 15:59:00
4163,Client01,Autocall,NESN,BUY,260000.0,-1.5338150908066777,3.476414574990211,0.5030754245976264,22.170967454566558,0,2025-01-15 16:01:00
3018,Client34,Autocall,SPX,BUY,700000.0,1.4746563095662142,-1.367380803424149,1.2349771680671855,49.640645212840965,1,2025-01-15 16:04:00
2568,Client02,Autocall,AAPL,BUY,2550000.0,-1.4056849593054388,-6.163091639481369,0.5295196793729461,0.08404796075581755,0,2025-01-15 16:15:00
1750,Client35,Autocall,AMZN,BUY,340000.0,-0.2420074216123954,2.4245770226021213,0.6062825648744425,28.052912345722774,0,2025-01-15 16:17:00
1839,Client03,Autocall,SPX,SELL,680000.0,2.7243085739383495,-1.6465101372063877,0.3002666213959365,26.806506870730402,0,2025-01-15 16:19:00
2011,Client15,Autocall,AMZN,BUY,1610000.0,-1.4661608436994615,-0.4424085626369687,0.6176073485683639,31.21423054160526,1,2025-01-15 16:21:00
1171,Client26,Barrier Reverse Convertible,SMI,SELL,530000.0,-2.8242524282750843,-0.48864826703235253,0.8838347484997976,27.978194543583907,0,2025-01-15 16:27:00
3014,Client08,Barrier Reverse Convertible,TSLA,SELL,340000.0,-0.30024583144065325,2.561283078185544,0.6288084160901657,23.488545187090935,0,2025-01-15 16:30:00
8,Client17,Bonus Certificate,AAPL,BUY,650000.0,-2.8618712815354335,1.8916797181043297,0.47643110971343633,13.598152566453493,1,2025-01-15 16:30:00
3251,Client04,Reverse Convertible,AAPL,BUY,440000.0,0.19355805097951412,4.44000773555425,0.2769592851665954,,0,2025-01-15 16:33:00
902,Client17,Autocall,NVDA,BUY,920000.0,-0.4242094401655566,2.977491223844946,0.4906623423353038,40.55983609470208,0,2025-01-15 16:34:00
2052,Client22,Autocall,AAPL,BUY,390000.0,-0.19238029033533832,-3.2021099541225135,0.1559614906109318,47.701786259460796,0,2025-01-15 16:35:00
4106,Client28,Bonus Certificate,NVDA,BUY,540000.0,1.1469298627618965,4.969055895785768,0.5859448007329527,19.49272038960715,1,2025-01-15 16:40:00
2105,Client32,Autocall,TSLA,BUY,510000.0,3.039713363979021,0.10946376223268901,0.388083033701199,41.11675286682201,1,2025-01-15 16:43:00
4452,Client27,Autocall,AMZN,SELL,410000.0,3.9290817689577637,-2.4693631097769897,0.49882416486801057,8.967479737732425,0,2025-01-15 16:44:00
2347,Client11,Autocall,SMI,BUY,310000.0,2.3274630074984617,5.84007510826244,0.49483333338528795,24.56805119566066,1,2025-01-15 16:45:00
1491,Client02,Tracker,NESN,BUY,4280000.0,0.8203979213994338,-2.8194008987198442,0.24209806994329044,,1,2025-01-15 16:46:00
4378,Client10,Autocall,SMI,SELL,2130000.0,-0.7884142769912353,-0.10053300097104576,0.521754854449418,19.27823763255531,0,2025-01-15 16:49:00
189,Client35,Barrier Reverse Convertible,AAPL,SELL,540000.0,0.33804498308392494,8.542376856769247,0.8606558021644347,25.943869351517257,0,2025-01-15 16:50:00
2429,Client21,Bonus Certificate,MSFT,BUY,90000.0,-2.596898458749015,-4.53360975484175,0.47035875056979526,15.05487913909514,0,2025-01-15 16:53:00
1505,Client06,Autocall,SMI,SELL,1680000.0,2.5257410828829165,-7.814076825243218,0.36509583076593166,41.45299720379284,1,2025-01-15 16:55:00
4758,Client08,Autocall,NVDA,BUY,300000.0,1.8104944187603917,-1.8891150267748222,0.15711067946465423,25.271657934128534,1,2025-01-15 16:56:00
2713,Client04,Autocall,TSLA,SELL,920000.0,2.6137937176567068,-1.7091743683245035,0.6993829899900438,11.023162060608577,0,2025-01-15 17:00:00
4674,Client28,Reverse Convertible,SMI,SELL,290000.0,3.192128198957472,3.5390041949822315,0.27242273387625454,,1,2025-01-15 17:04:00
775,Client25,Bonus Certificate,NVDA,SELL,890000.0,-1.0211535831005156,5.493774794136331,0.7171239003422277,25.081773275464975,1,2025-01-15 17:04:00
1917,Client18,Tracker,AMZN,BUY,1850000.0,-1.82039305136001,-3.6417903617239493,0.7160885929098539,,0,2025-01-15 17:04:00
2114,Client09,Autocall,NESN,SELL,620000.0,1.3969061194002623,-0.03125397811169734,0.4572666225786603,22.240522991495805,1,2025-01-15 17:07:00
776,Client03,Autocall,SPX,BUY,280000.0,0.2048624609984019,1.3376880639209165,0.5187093646837754,42.52661722900747,0,2025-01-15 17:13:00
537,Client11,Autocall,SMI,BUY,520000.0,0.25306854022736397,2.870514934744708,1.0793202010336287,25.215332598486427,1,2025-01-15 17:17:00
3609,Client30,Autocall,NVDA,SELL,310000.0,1.1661243802464711,4.518198080780874,0.49744554953928677,12.583151231966976,0,2025-01-15 17:19:00
30,Client33,Autocall,MSFT,SELL,190000.0,-2.4986596086142394,3.041950408385615,0.4336387502441812,19.79849318106402,0,2025-01-15 17:24:00
2304,Client21,Autocall,MSFT,BUY,90000.0,1.4255105405939377,3.055629344643652,0.46124452291321016,5.423429370057248,0,2025-01-15 17:27:00
4240,Client18,Autocall,SMI,SELL,1310000.0,0.2491797953836089,-1.272850379550662,0.5759070845640596,43.363707544897586,1,2025-01-15 17:28:00
1208,Client26,Barrier Reverse Convertible,MSFT,SELL,550000.0,-0.5544072818613737,-0.4366234406041587,1.7444407939082618,21.726783018211243,0,2025-01-15 17:34:00
2837,Client12,Tracker,NESN,BUY,520000.0,0.5485428880378834,-0.10393790870277778,0.30114299016397084,,1,2025-01-15 17:41:00
3400,Client29,Tracker,MSFT,BUY,440000.0,1.1961663936454356,1.2911099323844621,0.5972221496202813,,0,2025-01-15 17:42:00
4032,Client24,Autocall,SMI,SELL,1590000.0,-1.5990849997789027,-3.0036383481528803,0.24707526528228413,14.448664756766627,1,2025-01-15 17:44:00
3285,Client16,Autocall,AMZN,BUY,600000.0,0.24365407564914182,-2.724828977733795,0.5047173139235732,15.873661429053282,0,2025-01-15 17:46:00
3150,Client07,Autocall,MSFT,BUY,330000.0,2.554117447657967,-3.196433284331813,0.3564185631722907,44.15256822913021,1,2025-01-15 17:47:00
686,Client24,Bonus Certificate,TSLA,SELL,840000.0,1.5903434169628372,-0.3537723689872509,0.8626130498154795,35.049880022373316,0,2025-01-15 17:50:00
754,Client35,Autocall,SMI,BUY,230000.0,-3.429213844273886,2.94763265708054,0.3299861535902614,38.40266040900006,0,2025-01-15 17:50:00
649,Client20,Autocall,NVDA,SELL,510000.0,-0.11679740306620146,-0.2368980975338297,0.6711268645871281,14.852584204493645,0,2025-01-16 08:01:00
2859,Client21,Barrier Reverse Convertible,MSFT,SELL,170000.0,-0.4234710036909177,2.563429485392624,0.32109167178778203,36.423316756787585,0,2025-01-16 08:03:00
811,Client39,Autocall,AAPL,SELL,420000.0,-0.6437750158518474,2.0330616065698566,0.2129298652591446,33.170008065585975,0,2025-01-16 08:04:00
946,Client35,Autocall,TSLA,SELL,540000.0,1.2819569217178342,-6.709581889681969,0.49618596744616034,20.355293806577464,1,2025-01-16 08:06:00
1092,Client24,Tracker,SPX,SELL,1430000.0,1.0037399738989048,3.1560793580219513,0.40545794421452547,,1,2025-01-16 08:06:00
479,Client38,Autocall,AMZN,SELL,230000.0,1.3953435258196591,-2.4074936797156257,0.2271995395728278,4.309693296424544,0,2025-01-16 08:07:00
973,Client40,Reverse Convertible,SPX,SELL,620000.0,-2.9978393709734945,-2.7647756435570714,0.28738308205142615,,0,2025-01-16 08:11:00
3704,Client32,Barrier Reverse Convertible,NESN,BUY,560000.0,1.3508561490150794,-0.3361244429167273,0.2925319548088601,0.8000532742864386,1,2025-01-16 08:19:00
4013,Client32,Barrier Reverse Convertible,MSFT,SELL,470000.0,-2.6342741076786673,-7.485488406973335,0.3222447837002173,16.422603629818976,1,2025-01-16 08:20:00
789,Client38,Barrier Reverse Convertible,SPX,BUY,310000.0,0.5985767454867031,-4.443237276773683,0.6933002841482651,3.5258326922140313,0,2025-01-16 08:21:00
3674,Client13,Barrier Reverse Convertible,SMI,SELL,420000.0,3.3967208221347502,-1.211696829141601,0.4764307215122747,37.19653850732666,0,2025-01-16 08:24:00
566,Client40,Bonus Certificate,TSLA,BUY,1590000.0,1.6540310308809159,2.7793838427519093,0.37670299307925126,46.14181727253769,0,2025-01-16 08:25:00
4517,Client32,Bonus Certificate,AAPL,SELL,380000.0,0.5103166350898883,3.425773296206451,0.5354827437849682,39.82016323952804,0,2025-01-16 08:25:00
743,Client22,Bonus Certificate,MSFT,BUY,300000.0,-2.5626444790911678,4.6330270689491355,0.15947354489736232,9.119031936444234,0,2025-01-16 08:27:00
4815,Client05,Bonus Certificate,NVDA,SELL,1100000.0,-4.1027533983549365,4.047562758973089,0.5534596102105674,8.564480025401217,0,2025-01-16 08:30:00
4041,Client20,Autocall,TSLA,BUY,1050000.0,3.7943960484413646,0.9787914538693505,0.3225858168097808,17.84716989432276,0,2025-01-16 08:42:00
4598,Client11,Autocall,SMI,SELL,350000.0,-1.5271105816348267,1.3064216606419157,0.8222899733466581,17.93962640374937,0,2025-01-16 08:48:00
1603,Client05,Autocall,NESN,SELL,1100000.0,0.6266289758758671,3.550073691440501,0.1915843420268039,33.506439195177805,0,2025-01-16 08:48:00
270,Client14,Barrier Reverse Convertible,SMI,BUY,920000.0,5.45379837997159,-3.1984044300880425,0.5049913531089156,44.480281338007295,0,2025-01-16 08:52:00
1565,Client10,Autocall,AAPL,SELL,1050000.0,-0.012601180394759746,0.1233137636664661,0.45363730778795613,33.43675905230145,0,2025-01-16 08:54:00
2095,Client33,Autocall,NESN,SELL,160000.0,2.139233983319886,-2.0935779103411827,0.8302327914870207,41.78676952079282,1,2025-01-16 08:58:00
4214,Client13,Barrier Reverse Convertible,NVDA,BUY,140000.0,-3.0852367365256375,2.8048207697510583,0.807402666929048,34.75023607712798,1,2025-01-16 08:58:00
3600,Client17,Autocall,SMI,SELL,1270000.0,0.8667958117696255,-2.1037693640946444,0.35250754796306666,5.001038005030495,1,2025-01-16 09:00:00
3923,Client34,Reverse Convertible,AMZN,SELL,80000.0,3.3762080399211203,-3.8096185534692517,0.40610291939939513,,1,2025-01-16 09:01:00
2690,Client10,Autocall,AAPL,BUY,1550000.0,-0.09648647010975579,-1.5258975891993982,0.8037846954439846,33.16752032437959,0,2025-01-16 09:02:00
1325,Client05,Reverse Convertible,NESN,BUY,450000.0,-3.442439858065399,-2.4267050508077395,0.5864665631041831,,0,2025-01-16 09:03:00
1035,Client26,Autocall,SMI,SELL,500000.0,-2.2941294410514503,-3.5519601519253428,0.4068245326644673,16.336341125957876,0,2025-01-16 09:08:00
3589,Client21,Barrier Reverse Convertible,NESN,SELL,160000.0,1.6937731869179218,-0.5200623034759841,0.40805694239742984,2.6052830828924622,1,2025-01-16 09:11:00
4916,Client25,Reverse Convertible,AAPL,BUY,1060000.0,-0.22009003025859375,-2.1044911912734734,0.17877378005076724,,0,2025-01-16 09:15:00
35,Client08,Autocall,AMZN,SELL,130000.0,-3.8341808011573164,-2.952107574917534,0.4796229437886631,42.25336394118286,1,2025-01-16 09:16:00
881,Client11,Autocall,AAPL,SELL,360000.0,-0.06219148798299354,-2.304489390235818,0.4515400795950439,23.62339185338984,1,2025-01-16 09:18:00
1140,Client01,Bonus Certificate,NVDA,SELL,220000.0,-0.818736070083165,4.543819105233637,0.33593154361787997,1.0563279985902285,1,2025-01-16 09:21:00
3050,Client01,Autocall,NESN,BUY,440000.0,-0.8048274479115096,1.936351944887544,0.3503258237256146,25.5437723382504,1,2025-01-16 09:24:00
2980,Client06,Autocall,SMI,SELL,930000.0,0.21177617194555018,2.52076681757306,0.35144123654008885,21.801895288095224,0,2025-01-16 09:25:00
3330,Client11,Autocall,AMZN,BUY,400000.0,0.35595676348901967,1.863792049216094,0.3190053560836445,0.9354923550703109,0,2025-01-16 09:32:00
4560,Client22,Autocall,MSFT,SELL,1220000.0,-0.17630365873298615,1.006835607875305,0.6623285641953217,44.28327399163846,0,2025-01-16 09:33:00
1995,Client05,Reverse Convertible,NVDA,SELL,1320000.0,1.3889649777495507,4.496179669397898,0.28688041113871066,,0,2025-01-16 09:34:00
3061,Client34,Autocall,SPX,SELL,540000.0,-0.4314649997591681,4.9525805942485785,0.17411146288384485,44.25854313700682,1,2025-01-16 09:37:00
4198,Client32,Autocall,MSFT,BUY,1100000.0,1.1853277476835855,0.03134769402547889,1.049923093656562,45.439396220841274,0,2025-01-16 09:37:00
4832,Client17,Autocall,TSLA,SELL,1540000.0,-1.7609019160731387,1.7137768437003928,0.49918842892376514,49.26012001241663,0,2025-01-16 09:37:00
1061,Client14,Reverse Convertible,NVDA,SELL,420000.0,1.0633682684947392,5.459950053910309,0.3426565193333919,,1,2025-01-16 09:39:00
4546,Client15,Barrier Reverse Convertible,SMI,SELL,2850000.0,0.3620547748055331,2.8507755446530747,0.3921967916912577,25.34174336949844,0,2025-01-16 09:43:00
2487,Client33,Autocall,MSFT,BUY,300000.0,4.047738680052856,-3.8149562648420363,0.26898176586901207,36.47492939063854,1,2025-01-16 09:44:00
2755,Client19,Autocall,TSLA,SELL,450000.0,1.6123952119760308,6.327943924775777,0.3366635435801892,6.243465019539263,1,2025-01-16 09:44:00
3031,Client34,Tracker,AMZN,SELL,710000.0,0.7283801207120273,1.6693162809174207,0.56530682902192,,0,2025-01-16 09:50:00
2076,Client34,Autocall,MSFT,BUY,240000.0,-1.623598191528916,5.964166187816106,0.16149545681013822,45.09222984181993,1,2025-01-16 09:50:00
1542,Client22,Autocall,AAPL,BUY,270000.0,-1.0362216213478004,3.927591864946836,0.48390385217038084,12.050380607037859,1,2025-01-16 09:53:00
3459,Client22,Autocall,NVDA,BUY,340000.0,1.3081796964397652,0.5251330892325913,0.43459600829895995,0.003357535106407461,1,2025-01-16 09:56:00
3144,Client32,Autocall,SPX,BUY,750000.0,-0.5240392890865653,-2.636584729943295,0.6472372589465101,9.932868887468405,0,2025-01-16 09:57:00
4075,Client02,Tracker,SPX,BUY,300000.0,3.5485632489827177,2.9160850672640684,0.9232576625504648,,0,2025-01-16 10:04:00
745,Client34,Autocall,NESN,SELL,770000.0,-2.001715237158487,4.4725392763768035,0.21540946559422025,31.945852507188814,0,2025-01-16 10:04:00
1172,Client03,Barrier Reverse Convertible,SPX,SELL,620000.0,-2.600470393355968,-1.9861100069504665,0.3127532163963681,20.45674458559983,0,2025-01-16 10:05:00
2545,Client17,Autocall,AMZN,SELL,580000.0,-0.2125663943608308,2.729324226192219,0.4100713172186852,31.93724995646826,1,2025-01-16 10:10:00
1031,Client36,Autocall,SPX,BUY,830000.0,0.9648358394201613,-2.487476099735996,0.2773886340456011,25.424936601744935,1,2025-01-16 10:10:00
456,Client29,Autocall,MSFT,BUY,340000.0,-2.1160266282800757,0.1582480061045781,0.8507525162113265,48.04669670307975,0,2025-01-16 10:12:00
1111,Client03,Autocall,SPX,BUY,940000.0,-1.1003818728123558,-1.1400361623344673,0.3323394714155381,33.13983010213994,0,2025-01-16 10:13:00
2978,Client20,Bonus Certificate,NESN,BUY,460000.0,3.9521274460305187,-4.673922042748805,0.5077293427411905,33.60819223744751,0,2025-01-16 10:13:00
434,Client16,Autocall,SMI,SELL,360000.0,2.132559502116049,-2.081103087050103,0.36251947112822097,32.4885465500492,0,2025-01-16 10:26:00
1452,Client38,Autocall,SMI,SELL,440000.0,-1.7769511842839405,-1.2930616754531734,0.20890560220871807,40.37805206637435,0,2025-01-16 10:37:00
441,Client40,Autocall,AAPL,SELL,1190000.0,2.7271949915181652,4.102213972470469,0.18488858556637439,45.23961266831529,0,2025-01-16 10:38:00
512,Client04,Autocall,NVDA,SELL,450000.0,-0.04506144104172721,-0.7458845099055311,0.2719863644597312,18.220279979537878,0,2025-01-16 10:38:00
984,Client38,Tracker,TSLA,SELL,210000.0,-3.853443898784536,0.4514321072594647,0.3507311680977127,,0,2025-01-16 10:39:00
4708,Client16,Autocall,TSLA,SELL,610000.0,-0.1964426781233194,1.7697252657339408,0.4418192934586978,15.693775421308336,0,2025-01-16 10:44:00
49,Client05,Autocall,SMI,SELL,1010000.0,1.0426985371894635,-0.31845993064921546,0.23766941684858187,30.159812149701132,1,2025-01-16 10:46:00
2088,Client34,Autocall,SPX,BUY,660000.0,-0.6890050911135309,-1.0338878800423135,0.8651717369893829,30.881715511085684,0,2025-01-16 10:55:00
4859,Client10,Autocall,SMI,BUY,1250000.0,1.3033047927326267,-4.591103209508178,0.26786744610637553,15.1795790497823,1,2025-01-16 10:56:00
4398,Client35,Autocall,MSFT,BUY,730000.0,1.14815236810866,2.3020388630476836,0.18563879313510634,12.906774963002011,1,2025-01-16 10:58:00
2654,Client01,Barrier Reverse Convertible,NESN,SELL,160000.0,1.0532552662679922,-0.844457774259894,0.24081802588589907,8.587708281845059,0,2025-01-16 10:59:00
1740,Client26,Autocall,AMZN,BUY,430000.0,1.9528190124580862,-4.9482757235878445,0.35860352436352844,33.52122603863007,1,2025-01-16 11:08:00
2211,Client27,Autocall,NESN,BUY,850000.0,-1.412583054499684,-4.477497767102936,0.330774533734742,38.25442856533945,0,2025-01-16 11:12:00
3152,Client05,Autocall,TSLA,BUY,680000.0,-0.32046736019514827,3.5169692117406797,0.5684272554597064,31.637702784088905,0,2025-01-16 11:12:00
4103,Client32,Autocall,MSFT,SELL,760000.0,5.709023456023525,1.6256621725665046,0.19897703127111505,13.33468209845437,1,2025-01-16 11:15:00
2693,Client37,Bonus Certificate,SMI,BUY,510000.0,-3.6607619048193487,-0.25466249770223726,0.3470451810000117,20.24884190454599,0,2025-01-16 11:16:00
4875,Client28,Barrier Reverse Convertible,AAPL,SELL,400000.0,-0.6696288664136836,0.8341521607398665,0.3707741794460388,42.3256394910647,0,2025-01-16 11:17:00
627,Client11,Reverse Convertible,MSFT,BUY,450000.0,0.31359967656073945,1.651329771460846,0.5927502239122966,,0,2025-01-16 11:24:00
3903,Client22,Autocall,TSLA,SELL,620000.0,-0.36814965444072567,-0.20821077448848796,0.2590554912437535,39.48996028664975,0,2025-01-16 11:27:00
3445,Client33,Barrier Reverse Convertible,MSFT,SELL,220000.0,-1.2216733181736326,-3.935465832358405,0.65571219630933,35.023976522875756,1,2025-01-16 11:29:00
4795,Client08,Barrier Reverse Convertible,AAPL,BUY,380000.0,-1.8083785319402244,0.59080840246444,0.2979867018881324,16.213895590383554,0,2025-01-16 11:34:00
616,Client34,Barrier Reverse Convertible,TSLA,BUY,170000.0,-0.19345662566996275,1.5594239348755883,0.5165173215573208,26.14995746918676,1,2025-01-16 11:34:00
1901,Client02,Autocall,SMI,BUY,1660000.0,-0.24533740082918132,3.1662908944544004,0.5125414673762457,13.135176471880532,0,2025-01-16 11:34:00
82,Client21,Autocall,AAPL,SELL,430000.0,0.6249507977689918,-1.3406808480704775,0.36947211777995964,1.6750141897031445,1,2025-01-16 11:34:00
1256,Client04,Barrier Reverse Convertible,AMZN,BUY,940000.0,0.37579218755867533,-0.6197779030434274,1.0163849613964202,17.181532720102048,1,2025-01-16 11:40:00
3685,Client18,Autocall,SMI,SELL,820000.0,-3.3185088691486975,1.6380470392229196,0.6636888147099167,44.47391380079265,0,2025-01-16 11:42:00
2009,Client28,Autocall,SPX,BUY,340000.0,2.3192487654325613,1.1705184124094676,0.4422278043211993,39.19286563483573,1,2025-01-16 11:46:00
3266,Client11,Autocall,TSLA,BUY,150000.0,-1.6704605239988826,0.4912863705493242,0.4030757183281745,26.736079490024327,0,2025-01-16 11:46:00
1433,Client30,Autocall,AAPL,BUY,500000.0,0.07082505784736479,-3.8674480043159605,0.4692239722968192,31.106790656778788,0,2025-01-16 11:47:00
1848,Client03,Bonus Certificate,NVDA,SELL,430000.0,1.198390525864697,1.111307468767035,0.4004748882205759,37.140714311869175,0,2025-01-16 11:49:00
3760,Client08,Tracker,NESN,SELL,430000.0,4.956051327411443,3.5427543622148896,0.4503268459280128,,0,2025-01-16 11:49:00
4171,Client08,Autocall,AMZN,SELL,240000.0,-0.008447573594195634,-2.421890864113137,0.3931956947021274,18.038131510069356,1,2025-01-16 11:50:00
4264,Client37,Reverse Convertible,SPX,SELL,640000.0,0.3855490044094367,-0.5994809684828213,0.17699387357850493,,0,2025-01-16 11:53:00
2734,Client02,Autocall,AMZN,BUY,1530000.0,0.54496637254848,-1.2424114303399159,0.4310942897971284,8.966663444867567,0,2025-01-16 11:54:00
4923,Client35,Barrier Reverse Convertible,AAPL,BUY,580000.0,-3.6234124927446545,-2.7474008761401385,0.38339079484820904,35.63057697989171,0,2025-01-16 11:56:00
251,Client23,Barrier Reverse Convertible,NVDA,SELL,470000.0,0.9773853919305079,3.135485509449336,0.3914643506218222,32.466115861113586,1,2025-01-16 11:57:00
1295,Client21,Reverse Convertible,SMI,SELL,120000.0,1.2586467942115613,0.3851014824416991,0.7486577883480771,,0,2025-01-16 11:58:00
598,Client01,Reverse Convertible,SMI,BUY,270000.0,-0.5889164853174406,-2.0318744241938314,0.4457537539419445,,1,2025-01-16 12:00:00
3540,Client28,Barrier Reverse Convertible,NVDA,BUY,530000.0,3.6994240796484594,-0.8125250033069826,0.2803975629881487,22.383960859346463,1,2025-01-16 12:00:00
3139,Client33,Autocall,NVDA,SELL,240000.0,2.656016302903034,-0.8742189411383208,0.2816049043520967,41.08699234202358,0,2025-01-16 12:03:00
2640,Client10,Autocall,SPX,BUY,790000.0,-1.0251992638204692,-4.154476366923965,0.5014884395104617,32.0221547280238,1,2025-01-16 12:07:00
87,Client16,Autocall,MSFT,SELL,470000.0,-1.8112537621490088,-2.0270134648847553,0.5585343210021825,47.935815742952954,0,2025-01-16 12:11:00
1275,Client22,Autocall,NESN,SELL,410000.0,-1.735424423254719,-0.9548437098526084,0.3957514314152503,37.27355691198611,0,2025-01-16 12:12:00
1710,Client05,Autocall,AAPL,SELL,350000.0,-1.0927444869925287,-1.4114802134881275,0.5074892829350568,17.87931083389819,0,2025-01-16 12:13:00
2546,Client35,Autocall,MSFT,BUY,280000.0,4.529107695952836,-0.842308318510358,0.454593354301399,34.21821281710823,0,2025-01-16 12:13:00
2560,Client15,Autocall,AAPL,BUY,890000.0,-0.9274810136295236,2.5944527023448716,0.5109025523987286,2.5981580350806057,1,2025-01-16 12:16:00
4788,Client10,Tracker,MSFT,BUY,1120000.0,-0.7918557863196081,-1.1830287985362713,0.4875403277850886,,0,2025-01-16 12:18:00
3990,Client08,Autocall,MSFT,BUY,490000.0,1.2810293134602084,-3.1260368770205353,0.8596652775810789,46.571059021093234,1,2025-01-16 12:18:00
1540,Client02,Autocall,AAPL,SELL,1240000.0,-1.1139444389576816,-0.4993116941226184,0.2552471929672112,43.26769591996241,0,2025-01-16 12:19:00
1796,Client07,Barrier Reverse Convertible,TSLA,BUY,850000.0,4.480675729151374,0.7468334008591111,0.2519914557770924,3.6199592182116715,1,2025-01-16 12:20:00
3844,Client30,Autocall,MSFT,BUY,460000.0,1.3532054861473786,2.499136125383757,0.45092778131201317,30.18025276608196,1,2025-01-16 12:22:00
2439,Client32,Autocall,NESN,SELL,1340000.0,-1.1310005928403934,1.4759244820501678,0.5993837481755515,9.301959349840526,1,2025-01-16 12:26:00
1034,Client05,Autocall,TSLA,BUY,1120000.0,-1.7353575498934457,4.878968718015837,0.7259592103745441,15.605790652711349,0,2025-01-16 12:27:00
3833,Client23,Barrier Reverse Convertible,AMZN,SELL,520000.0,2.806208873238288,-4.627734360480801,0.6148478404356721,25.59122507145875,1,2025-01-16 12:33:00
3928,Client36,Barrier Reverse Convertible,TSLA,BUY,2440000.0,0.6279614645354545,1.1281900323047016,0.23848698528088802,21.792035884945886,0,2025-01-16 12:36:00
274,Client34,Autocall,AMZN,SELL,700000.0,2.919089285251326,5.219720911832328,0.7353175571747063,14.831226942647186,1,2025-01-16 12:38:00
293,Client35,Autocall,NVDA,SELL,520000.0,0.8293551473259947,1.9300482323925598,0.516431292107057,32.119877402958146,0,2025-01-16 12:46:00
2921,Client05,Reverse Convertible,AAPL,SELL,320000.0,0.5004292888173026,-2.3309688540014957,0.6878095877038336,,1,2025-01-16 12:47:00
971,Client18,Autocall,AMZN,SELL,1170000.0,1.7212432841843401,-0.3630386761417034,0.9428073627150001,2.86669695089396,0,2025-01-16 12:51:00
1126,Client07,Bonus Certificate,NESN,SELL,1130000.0,0.2838600294262961,2.651906068438014,0.5107642038490676,8.588793519840483,1,2025-01-16 12:58:00
4622,Client22,Autocall,AAPL,BUY,1030000.0,-2.2709378891635494,-2.962717803205792,0.28942516574483934,12.198487585037876,0,2025-01-16 13:00:00
1579,Client28,Autocall,MSFT,SELL,620000.0,-2.9671976285403154,3.422140563551401,0.306174818070489,11.490809252678147,0,2025-01-16 13:05:00
2634,Client14,Autocall,NESN,SELL,1070000.0,2.122855776282095,-1.3777535041669862,0.2600429794950709,20.020473224339764,0,2025-01-16 13:08:00
3825,Client02,Tracker,NESN,SELL,2270000.0,-1.072441284419373,4.829689571247515,0.23697210481150133,,0,2025-01-16 13:14:00
4558,Client24,Reverse Convertible,MSFT,SELL,1220000.0,-4.4081188708856365,-1.669568261758675,0.2456138825385418,,0,2025-01-16 13:15:00
2611,Client13,Autocall,AMZN,SELL,200000.0,-2.9015481671610095,3.5468147951858606,0.5010278188465935,2.2019484328935968,1,2025-01-16 13:16:00
3312,Client28,Autocall,NVDA,SELL,500000.0,-0.18004873983274208,-3.36340706070874,0.43302854109494315,1.0323288723298019,0,2025-01-16 13:17:00
787,Client20,Reverse Convertible,TSLA,SELL,200000.0,-1.1821232670217587,-1.5166174586405203,0.11151197265541364,,0,2025-01-16 13:19:00
836,Client01,Autocall,SMI,SELL,180000.0,-1.4951408339298595,1.9072640482526386,0.12047229892960395,0.46777782950412905,0,2025-01-16 13:22:00
3678,Client22,Barrier Reverse Convertible,AMZN,SELL,650000.0,-1.851314918121125,0.6113214852295094,0.3135234508703457,13.569468060356954,0,2025-01-16 13:22:00
1017,Client25,Autocall,AMZN,SELL,520000.0,5.217559235753825,-1.9720222065012978,0.386474054372023,25.246742924711675,0,2025-01-16 13:25:00
4681,Client32,Autocall,AAPL,BUY,360000.0,2.4045976983338746,5.0413392662010645,0.12684846432653749,4.252527386642363,1,2025-01-16 13:29:00
4469,Client38,Autocall,NVDA,SELL,700000.0,5.489287093161374,1.8228394343553456,0.7259158418940888,7.521849067831321,1,2025-01-16 13:35:00
1265,Client33,Reverse Convertible,SMI,SELL,530000.0,0.869483222383263,1.4030323082041627,0.28030875001152067,,0,2025-01-16 13:43:00
205,Client28,Autocall,TSLA,BUY,930000.0,4.787624964098674,-3.871116830692098,0.38513882340539146,15.536890742532222,1,2025-01-16 13:49:00
3293,Client37,Barrier Reverse Convertible,MSFT,SELL,560000.0,-2.0227456906396153,1.3273717256591735,0.49412467356970025,29.003177588049407,1,2025-01-16 13:52:00
1520,Client19,Autocall,AMZN,BUY,670000.0,3.5461538654829647,-1.6181312365248814,0.7728163616214782,44.03812431886754,1,2025-01-16 13:53:00
3362,Client25,Autocall,AAPL,SELL,1190000.0,0.4747916510742398,3.4610496451291306,0.12551942976595037,5.974448611148492,1,2025-01-16 13:54:00
3120,Client11,Autocall,TSLA,SELL,320000.0,-0.5598125660256147,5.552643064107386,0.9669413342532349,18.502785744383566,0,2025-01-16 13:55:00
3482,Client03,Autocall,NESN,SELL,410000.0,1.7463454568712224,0.019428993393392047,0.7685136337157742,47.8392025987212,0,2025-01-16 13:57:00
1116,Client22,Barrier Reverse Convertible,NVDA,SELL,490000.0,1.7043790136511443,-1.5344273538934443,0.29391992063162425,2.222569609532327,0,2025-01-16 13:58:00
3461,Client25,Reverse Convertible,MSFT,BUY,1130000.0,1.003770985671217,-2.464094424588068,0.43145859127320035,,0,2025-01-16 13:58:00
402,Client05,Autocall,MSFT,BUY,430000.0,-0.3099602237505853,1.8383702171690959,0.23305627451300287,41.474458063945875,0,2025-01-16 14:00:00
1132,Client02,Tracker,SMI,SELL,1390000.0,-1.3553442015867008,3.51912259628938,0.9136904520462443,,0,2025-01-16 14:02:00
702,Client31,Autocall,TSLA,SELL,370000.0,-1.9426602364968975,0.12004060330494037,0.8103963789050245,49.17453395095567,1,2025-01-16 14:03:00
3115,Client07,Autocall,AAPL,SELL,780000.0,0.5643910842541968,-1.9642782528026006,0.1498887304873446,38.584558630153914,1,2025-01-16 14:04:00
3477,Client32,Autocall,AMZN,SELL,2070000.0,2.5750999937696983,1.2978793689078254,0.3257270825438098,1.102029278852884,0,2025-01-16 14:06:00
4647,Client37,Autocall,MSFT,SELL,480000.0,-0.37010974614261566,-2.386883602658265,0.35201567189427296,30.013472749283366,0,2025-01-16 14:06:00
1558,Client10,Autocall,TSLA,SELL,1300000.0,-0.7204675096436702,0.2865606310281218,0.33891558640184405,34.938763353018615,0,2025-01-16 14:09:00
966,Client19,Bonus Certificate,SMI,BUY,430000.0,2.042913656156971,1.808287813446786,0.41324150203709265,47.32977615819461,1,2025-01-16 14:13:00
626,Client34,Autocall,NVDA,BUY,210000.0,1.8620251304712527,2.8199161070360086,0.2483484277273448,43.65068123776641,0,2025-01-16 14:20:00
4372,Client37,Bonus Certificate,SPX,SELL,430000.0,-0.5656591884727893,-5.489660270567661,0.2707425157060154,1.945786041003511,1,2025-01-16 14:24:00
1777,Client37,Autocall,TSLA,BUY,510000.0,1.8737350933365076,-4.880271386846413,0.47789610592362786,26.415352846960776,0,2025-01-16 14:24:00
4869,Client31,Autocall,SPX,SELL,250000.0,-1.375622535119598,-1.24468699608122,0.890017821022254,0.059947157787243466,0,2025-01-16 14:34:00
3294,Client28,Barrier Reverse Convertible,SPX,SELL,170000.0,-2.326136734631005,-2.3629676992711226,0.1287131075632106,30.820310344947533,1,2025-01-16 14:41:00
2203,Client32,Autocall,SMI,SELL,550000.0,1.2168476706247993,-3.2464813451417394,0.7898152259266632,9.67531548345859,0,2025-01-16 14:41:00
3216,Client24,Autocall,MSFT,SELL,2220000.0,0.9364445037742848,1.1857617289166047,1.1264858889921792,18.276183286003246,0,2025-01-16 14:43:00
1552,Client32,Autocall,AAPL,SELL,490000.0,0.17478740186917244,-0.09893708566418331,0.24074407537091544,34.05876121098744,1,2025-01-16 14:49:00
3409,Client39,Bonus Certificate,AAPL,SELL,100000.0,-0.9192456913821333,-0.017191586790134255,0.11955276832610766,10.733174171923226,0,2025-01-16 14:53:00
1940,Client28,Tracker,NVDA,BUY,780000.0,1.1949688964410818,6.7421784081521885,0.5020089570766949,,1,2025-01-16 14:55:00
4754,Client22,Autocall,NESN,BUY,1130000.0,1.4857096554471196,-0.3341470550833228,0.23204879415375676,46.281666253372066,0,2025-01-16 14:56:00
565,Client08,Autocall,SMI,SELL,500000.0,-2.501032836234766,-0.6910286790098578,0.221183745304574,0.6521817339756819,0,2025-01-16 14:57:00
2565,Client02,Bonus Certificate,MSFT,BUY,490000.0,1.1834837361759347,-0.9163985928699936,0.680602776117962,9.769602694430823,0,2025-01-16 14:58:00
3597,Client11,Autocall,AMZN,SELL,930000.0,4.252284933359303,3.3588163250083314,0.3928070536470139,16.201763847050664,1,2025-01-16 14:59:00
778,Client32,Autocall,MSFT,SELL,400000.0,-2.035120343372185,-6.4831805991043225,0.2368821166329865,13.303354553952834,1,2025-01-16 15:00:00
3077,Client38,Autocall,AMZN,BUY,190000.0,-0.29831285386731987,0.4882376297377057,0.6811867391921239,40.19980743791901,1,2025-01-16 15:05:00
1169,Client16,Autocall,SMI,SELL,640000.0,-0.4897329233068143,-2.6570196819907093,0.42676404680641444,37.57828692500677,0,2025-01-16 15:06:00
259,Client01,Bonus Certificate,AMZN,BUY,150000.0,1.893944008604806,3.230976911468659,0.2697450785973212,33.08701224721017,1,2025-01-16 15:08:00
202,Client37,Autocall,MSFT,SELL,600000.0,2.583114334090773,-6.914817521894229,0.16234652028560395,36.72814504788539,0,2025-01-16 15:15:00
125,Client01,Autocall,SMI,SELL,140000.0,-2.346548215733659,-1.0410469345578686,1.2086445076587664,7.859781385999659,0,2025-01-16 15:24:00
1501,Client01,Reverse Convertible,NESN,SELL,180000.0,-0.8013994031503335,1.638079144300339,0.4547150395813137,,0,2025-01-16 15:24:00
2428,Client25,Autocall,NVDA,BUY,890000.0,1.0865229762897195,-0.6558262151495778,0.8609748587494114,36.4098654025227,0,2025-01-16 15:27:00
2386,Client30,Autocall,NVDA,SELL,460000.0,0.26840887280857595,2.9776910832613894,0.5651098412183106,7.328873136022657,1,2025-01-16 15:27:00
157,Client25,Autocall,SPX,BUY,480000.0,2.3783032092169827,-2.830216596282713,0.5045435111499852,40.23257603461729,1,2025-01-16 15:28:00
4384,Client21,Autocall,AMZN,SELL,150000.0,-3.514596290165416,-1.9569023862321528,0.4247033566719737,43.93675266021903,0,2025-01-16 15:30:00
4706,Client01,Autocall,TSLA,BUY,110000.0,1.0024105970521673,-1.1125658826038565,0.4374582012508955,34.2121639847189,1,2025-01-16 15:34:00
3392,Client27,Bonus Certificate,SMI,SELL,530000.0,-0.22593520320253538,5.956288329878465,0.4664597582046242,30.3479342907846,1,2025-01-16 15:34:00
1474,Client25,Reverse Convertible,AAPL,SELL,630000.0,-2.2014398240370765,0.3157411761388236,0.39987257710776425,,0,2025-01-16 15:35:00
83,Client13,Autocall,NVDA,SELL,350000.0,1.3443090486418587,0.48408452418142256,0.18481344658802717,33.02256520317558,0,2025-01-16 15:36:00
1381,Client21,Bonus Certificate,SPX,BUY,200000.0,3.696203556931867,-0.42157763281082655,0.4058179806557454,20.210991406380778,0,2025-01-16 15:36:00
2475,Client37,Autocall,TSLA,SELL,270000.0,-0.9869455254366307,-1.1845768994754264,0.24654804696147645,10.797075495856474,0,2025-01-16 15:38:00
1314,Client25,Reverse Convertible,NVDA,SELL,690000.0,4.541294753534353,-0.6127395172197485,0.5213844389222891,,0,2025-01-16 15:45:00
3902,Client25,Autocall,AAPL,BUY,610000.0,1.3376799388496172,1.2331827411928509,0.6841645643095268,0.6354989936583011,1,2025-01-16 15:53:00
2575,Client32,Reverse Convertible,SMI,SELL,870000.0,2.957576606059617,2.8620296537247456,0.4792874352622792,,1,2025-01-16 15:56:00
2029,Client15,Autocall,TSLA,BUY,1450000.0,-2.3657857345744513,1.4360723693245645,0.2992176733149898,44.578266523692854,1,2025-01-16 16:03:00
1216,Client34,Autocall,AAPL,BUY,840000.0,-2.1122052305343817,-2.386612373851226,0.2615046981977556,18.913322201870265,1,2025-01-16 16:09:00
3017,Client08,Tracker,SPX,SELL,420000.0,1.782394921831673,-2.1822534633179482,0.2946229275647526,,0,2025-01-16 16:10:00
2476,Client17,Autocall,AMZN,SELL,910000.0,-0.7372107899614777,-3.456370787777121,0.3278555988346269,48.67686957687304,0,2025-01-16 16:24:00
2334,Client15,Autocall,TSLA,BUY,1760000.0,0.6871615136324462,-1.0191576695485722,0.3517286268109257,10.557074195260729,1,2025-01-16 16:25:00
4749,Client34,Barrier Reverse Convertible,NESN,BUY,320000.0,0.37366309767456113,-2.81276427696387,0.39475702697251036,41.22753648553213,1,2025-01-16 16:26:00
2742,Client07,Autocall,NVDA,BUY,550000.0,-0.9168269999418812,0.3825217815158335,0.5182099945237628,35.91115251363857,1,2025-01-16 16:26:00
3983,Client02,Bonus Certificate,MSFT,BUY,1700000.0,0.9144374361231935,-3.2621777119081656,0.4861099315537295,41.71269073257281,1,2025-01-16 16:38:00
1734,Client40,Reverse Convertible,NVDA,SELL,300000.0,-2.418877807277332,-0.7989661208774086,0.5480473593654512,,0,2025-01-16 16:42:00
2253,Client28,Autocall,TSLA,BUY,420000.0,-2.9781934507592718,4.334766715933225,0.5093860872014038,38.467148712288804,1,2025-01-16 16:42:00
1807,Client06,Autocall,SPX,BUY,1090000.0,-2.6974100654436444,2.224447433769793,0.65011700040069,11.856293118479371,0,2025-01-16 16:46:00
4658,Client30,Autocall,MSFT,BUY,620000.0,-0.41888922740553186,4.475255234308672,0.6018577090909448,42.18375687262972,0,2025-01-16 16:52:00
4280,Client20,Tracker,NESN,SELL,560000.0,-2.388689374692474,-0.38424814806610624,0.6883546558206293,,0,2025-01-16 16:56:00
1205,Client20,Autocall,NVDA,BUY,370000.0,0.67698628318041,-3.4485569037041053,0.1343956175828245,10.58031251663536,0,2025-01-16 16:58:00
2032,Client17,Bonus Certificate,TSLA,SELL,450000.0,-1.146584834560838,-5.529102742772606,0.10607270323658878,38.99688894896018,1,2025-01-16 16:59:00
4597,Client19,Autocall,NVDA,BUY,500000.0,1.8740580361790353,1.5521457722681982,0.46230113031981074,6.761723604375586,1,2025-01-16 16:59:00
4765,Client32,Reverse Convertible,SMI,SELL,460000.0,-2.7668883932342423,-2.921524615139811,0.371633986130376,,0,2025-01-16 17:07:00
1026,Client36,Autocall,SPX,SELL,1410000.0,0.014315537399530781,1.9151554435253904,0.8711279156546453,9.391728970756812,0,2025-01-16 17:13:00
3218,Client10,Barrier Reverse Convertible,SMI,BUY,1180000.0,-1.522312565586068,3.4646875914132567,0.296310013801492,48.653871263888306,1,2025-01-16 17:13:00
3532,Client15,Autocall,SPX,BUY,2170000.0,-4.637601591329189,-1.7285515190954046,0.2203168452083698,0.14535249905673897,1,2025-01-16 17:16:00
2025,Client16,Autocall,AMZN,SELL,870000.0,-2.0885896654396605,-0.1389018823115536,0.34669978550525704,10.578616122759444,1,2025-01-16 17:17:00
793,Client32,Bonus Certificate,SPX,SELL,660000.0,-0.8164646117527491,2.765892269971773,0.16882447257045588,26.2353545125526,0,2025-01-16 17:17:00
3062,Client34,Autocall,NESN,BUY,240000.0,-0.6878635445420238,4.389090634106433,0.2823914157023611,12.651305876481068,1,2025-01-16 17:17:00
133,Client17,Autocall,SPX,SELL,690000.0,-3.1037644953720283,2.3381992914783662,0.7166189759650491,13.700270226102429,1,2025-01-16 17:19:00
3839,Client31,Autocall,AAPL,BUY,860000.0,-2.7349919391460076,1.0781077358122118,0.596125724397711,17.389227260749056,0,2025-01-16 17:20:00
3020,Client34,Autocall,SPX,SELL,350000.0,1.3792309408076362,-4.018476378586026,0.22868364372717412,41.9534702153353,0,2025-01-16 17:22:00
2068,Client18,Barrier Reverse Convertible,AAPL,SELL,2000000.0,1.2660701734119917,1.8779313430618916,0.17468544930639837,18.23141418620952,0,2025-01-16 17:23:00
2967,Client27,Autocall,SPX,SELL,280000.0,1.7311940506295969,-4.440091164870379,0.2961914727529955,14.855543135915605,0,2025-01-16 17:25:00
3838,Client28,Autocall,SPX,BUY,350000.0,-2.435308635408573,-1.0305585102079016,0.26305709847668196,33.83905521399247,1,2025-01-16 17:25:00
3268,Client11,Autocall,TSLA,BUY,680000.0,-0.05579986095507999,0.2900810039356669,0.5986317647920497,1.2088872212102364,0,2025-01-16 17:27:00
4210,Client05,Autocall,SPX,BUY,380000.0,1.5903108058195736,1.1160486686726048,1.0116067798809554,32.043698134914564,0,2025-01-16 17:27:00
1038,Client22,Barrier Reverse Convertible,AAPL,SELL,1030000.0,-2.968162473515797,-2.450966763813458,0.3132238122187514,27.83858433892267,1,2025-01-16 17:27:00
2320,Client26,Autocall,MSFT,BUY,490000.0,-1.4691826953844298,-2.6068825564382196,0.5374875496279043,35.964429999863476,0,2025-01-16 17:28:00
4390,Client27,Tracker,AAPL,BUY,280000.0,2.69845070235589,4.744815402493844,0.38843991593075317,,0,2025-01-16 17:29:00
4591,Client26,Autocall,SMI,SELL,330000.0,0.33248695233777137,0.534302803768391,0.5288116563344353,19.01963999865567,0,2025-01-16 17:30:00
258,Client19,Autocall,NESN,SELL,470000.0,1.5137531923247767,2.5122341859904873,0.3842003522122576,16.984830056645674,0,2025-01-16 17:36:00
2774,Client38,Autocall,SMI,SELL,220000.0,0.4928648387009363,0.531073693869646,0.6572058454268921,37.34249220595041,1,2025-01-16 17:38:00
4355,Client28,Bonus Certificate,SPX,BUY,440000.0,-1.1497293897598069,0.9697014104177974,0.6569008858217541,26.656695354950006,0,2025-01-16 17:39:00
1335,Client31,Autocall,SMI,BUY,750000.0,0.7802289545724943,-2.105221611385374,0.3860140756138014,31.725099198146626,0,2025-01-17 08:01:00
524,Client30,Tracker,AAPL,BUY,490000.0,2.298595674980387,0.5569878307239088,0.4538245573844971,,0,2025-01-17 08:02:00
2329,Client20,Autocall,TSLA,BUY,420000.0,-0.7740442010177462,3.513311924971319,1.1972178795468484,38.383773300745965,0,2025-01-17 08:06:00
2845,Client06,Autocall,TSLA,BUY,1120000.0,-1.1867842472959444,-2.880724722876507,0.25241917145650017,5.855938949562761,0,2025-01-17 08:10:00
2049,Client18,Autocall,MSFT,SELL,2830000.0,2.204663164468303,0.30378823784355696,0.4071440928975299,6.88727128859779,1,2025-01-17 08:15:00
443,Client02,Autocall,SPX,BUY,1650000.0,0.31023351443075103,-0.1555151598248491,0.3912775916272224,47.164356039616464,0,2025-01-17 08:16:00
4557,Client37,Autocall,SPX,BUY,530000.0,2.1723501002613133,-2.4336240671722194,0.4985885230225787,6.861315493506403,0,2025-01-17 08:17:00
3419,Client16,Autocall,TSLA,BUY,570000.0,-1.2141206165112992,0.5835310948616484,0.12948185918579536,5.679585988669284,0,2025-01-17 08:18:00
1039,Client02,Autocall,AAPL,SELL,1370000.0,2.705117021863372,4.099323697573367,0.17173517032224653,10.59892127951243,0,2025-01-17 08:20:00
3677,Client33,Barrier Reverse Convertible,NESN,SELL,690000.0,0.6942960157838486,-5.153726096697893,0.5701014387000621,12.329769869479756,1,2025-01-17 08:24:00
4328,Client31,Autocall,NESN,SELL,500000.0,0.27400585270805056,1.1864789523387822,0.42285407356430615,25.546854164200195,1,2025-01-17 08:26:00
4175,Client05,Bonus Certificate,AMZN,BUY,960000.0,-0.28367871897846236,1.3285564034423785,0.20805437763303297,11.872397602356378,0,2025-01-17 08:29:00
1556,Client28,Autocall,NESN,SELL,280000.0,0.616857974130422,6.867671072639482,0.23917683782367993,23.231549881004348,1,2025-01-17 08:30:00
3094,Client04,Autocall,NESN,SELL,670000.0,-1.0989959158969747,0.31321047587821105,0.6458602546356621,11.225094193185697,1,2025-01-17 08:33:00
1887,Client40,Autocall,AMZN,BUY,700000.0,4.419972149633121,0.7766099149636294,0.4237902134882374,1.0173893978077053,0,2025-01-17 08:34:00
4001,Client02,Autocall,AAPL,BUY,420000.0,-2.2103619017552223,-3.2465761088309084,0.6257112450853387,6.209308369643807,1,2025-01-17 08:37:00
3290,Client38,Autocall,MSFT,BUY,240000.0,-3.0090382139186915,-1.1269694235089838,0.5300264202240949,29.366078652642763,1,2025-01-17 08:40:00
2468,Client33,Bonus Certificate,AAPL,SELL,250000.0,-0.8569591726399294,0.377264314082145,0.30120123324471004,19.213814268762714,0,2025-01-17 08:42:00
1518,Client16,Barrier Reverse Convertible,MSFT,SELL,230000.0,2.475679195587737,-0.04147642742282873,0.16836664667766277,4.961223143932597,1,2025-01-17 08:47:00
2381,Client16,Autocall,SMI,BUY,690000.0,1.6526664949007255,-0.29245058183588424,0.3722234580555916,49.87305644856276,0,2025-01-17 08:49:00
1070,Client32,Autocall,SPX,BUY,520000.0,1.8758916491751505,-5.223893179701462,0.4114694251614145,9.615460954281495,0,2025-01-17 08:51:00
4627,Client20,Autocall,NESN,SELL,670000.0,-0.7396151628035965,-0.1193339495914604,0.40067800177398727,21.563894359235004,1,2025-01-17 08:52:00
3468,Client21,Autocall,AMZN,BUY,150000.0,2.6064621940300166,-1.4832552474294012,0.7998269901836865,8.31991051640718,0,2025-01-17 08:56:00
3376,Client08,Tracker,NESN,BUY,590000.0,0.22857892933901677,-0.7455427866093649,0.3004642573954133,,1,2025-01-17 08:58:00
282,Client36,Autocall,SPX,SELL,1040000.0,2.124838392869955,2.337272227472302,1.008169529862834,28.361207112895737,0,2025-01-17 08:59:00
3681,Client13,Autocall,SPX,SELL,140000.0,-1.0357907366045647,2.112292205715369,0.2624053398179293,20.895092741105447,0,2025-01-17 09:03:00
2156,Client16,Tracker,TSLA,SELL,90000.0,-1.774614698612618,1.8551833119592054,0.59103818558816,,0,2025-01-17 09:03:00
4807,Client13,Bonus Certificate,AMZN,SELL,250000.0,-0.9381517385566274,0.04936980194528416,0.8025490845564802,36.83224701212984,0,2025-01-17 09:05:00
3505,Client28,Autocall,AMZN,SELL,780000.0,1.109150296085381,1.2495046580627898,1.0377866731106424,35.884723107371315,1,2025-01-17 09:20:00
4227,Client18,Barrier Reverse Convertible,AMZN,BUY,420000.0,0.031006871895371702,-1.7570014211560707,0.9126298619488554,26.99699589817251,0,2025-01-17 09:24:00
4342,Client39,Reverse Convertible,TSLA,SELL,140000.0,0.6928828964729937,-1.38489386332784,0.37499348841338853,,1,2025-01-17 09:24:00
265,Client13,Autocall,NVDA,BUY,130000.0,0.4739273721830129,-1.1209886304966368,0.4681736499437997,36.457855901516645,1,2025-01-17 09:27:00
1670,Client28,Tracker,SMI,SELL,730000.0,-1.4470378715258965,-1.9892530338838805,0.5402363024955505,,1,2025-01-17 09:35:00
2702,Client32,Autocall,TSLA,SELL,1270000.0,-0.2835557726773745,-3.7666636440857832,0.5527970528667171,1.5922492610503824,0,2025-01-17 09:36:00
4043,Client40,Barrier Reverse Convertible,NESN,SELL,570000.0,-0.32233909543354927,-2.1294715788568928,0.3038380871146585,31.809482038989128,1,2025-01-17 09:36:00
4998,Client21,Autocall,SMI,SELL,60000.0,0.6784729502673037,0.408886599038797,0.6055039008512644,16.04866179999514,0,2025-01-17 09:36:00
3661,Client22,Autocall,SPX,SELL,1990000.0,-1.275558879387135,3.1654376283984096,0.24851500217673603,36.59097963804537,1,2025-01-17 09:41:00
714,Client20,Autocall,SPX,BUY,430000.0,-1.19691257465698,-1.55517158209747,0.7521473627147374,42.04342136876073,0,2025-01-17 09:42:00
888,Client21,Autocall,SPX,BUY,140000.0,-1.7619762609429421,-0.1964100487337433,0.3695108315724021,27.14353942610459,0,2025-01-17 09:45:00
2960,Client13,Autocall,MSFT,SELL,300000.0,-2.8439117442451045,0.30947847332460593,0.9976337032555188,1.6631340493770963,0,2025-01-17 09:46:00
1875,Client34,Autocall,MSFT,BUY,210000.0,-4.975171573529616,2.2121006332613686,0.43992774334900714,39.09944746210462,1,2025-01-17 09:47:00
169,Client40,Autocall,AMZN,BUY,620000.0,1.0262890423555764,-2.2536653599973864,0.9117410613246874,39.49891224494665,0,2025-01-17 09:52:00
1353,Client34,Tracker,AMZN,SELL,240000.0,0.019114945144563016,-0.9186084428966823,0.3021614270959057,,1,2025-01-17 09:57:00
3547,Client37,Autocall,NVDA,BUY,770000.0,-2.003622373777586,-0.42746179353311753,0.2876193781277308,17.732198585223895,0,2025-01-17 09:59:00
4137,Client40,Autocall,AAPL,SELL,610000.0,1.6767136272667507,10.12053892189589,0.27950601053622304,35.853447895479604,0,2025-01-17 10:02:00
1315,Client13,Autocall,AMZN,BUY,360000.0,-0.19685151170820045,-1.6212616145345269,0.21895287484653436,45.67685326371855,1,2025-01-17 10:05:00
3922,Client29,Autocall,SMI,BUY,620000.0,1.1312245865118593,-2.1754772605731283,0.3638497441723415,9.257476664646008,0,2025-01-17 10:07:00
4748,Client35,Bonus Certificate,NESN,SELL,590000.0,0.03395655298596203,-6.971425642527103,0.36818117524537797,0.7197015585666933,1,2025-01-17 10:08:00
4906,Client28,Autocall,NVDA,SELL,340000.0,2.2672557368117774,5.348714213881323,0.5708221394557453,16.143694522419878,1,2025-01-17 10:11:00
3996,Client03,Autocall,AAPL,BUY,550000.0,0.35424679823709754,0.5646240417942616,0.47042470734616193,16.30537216966758,0,2025-01-17 10:13:00
3204,Client13,Autocall,MSFT,BUY,170000.0,0.14508929584685165,-2.1665527120312373,0.1952120146257578,46.232668806798905,0,2025-01-17 10:17:00
647,Client25,Autocall,SPX,SELL,610000.0,-0.1406969200488006,-2.916159229760804,0.40821325540186526,5.696058756377454,1,2025-01-17 10:21:00
4284,Client19,Barrier Reverse Convertible,AMZN,BUY,210000.0,2.05637190785144,-0.8481636545831808,0.6675103572417099,26.020429720225753,1,2025-01-17 10:25:00
2214,Client09,Autocall,SMI,BUY,360000.0,-1.010671367393464,2.9526520779515404,0.5655510122259071,18.170534574880616,0,2025-01-17 10:31:00
3914,Client21,Bonus Certificate,AMZN,SELL,200000.0,-0.5447685015979896,-4.704230084112771,0.32092554236692816,18.40380823777079,0,2025-01-17 10:32:00
713,Client25,Autocall,NESN,BUY,930000.0,-0.4383996240700676,0.44354040818618934,0.4895701850409778,10.346686294691166,0,2025-01-17 10:33:00
4005,Client01,Barrier Reverse Convertible,NESN,SELL,140000.0,2.2910154673006637,-1.3642104109417652,0.22213051713647436,26.136202422985832,1,2025-01-17 10:36:00
3878,Client13,Autocall,NVDA,SELL,280000.0,1.852137687582201,-2.4257438525325163,0.35969217270451553,45.37522848694036,1,2025-01-17 10:36:00
4985,Client32,Bonus Certificate,AMZN,BUY,620000.0,3.7211931907520657,4.795404342433817,0.37540435090973007,33.18560077493268,0,2025-01-17 10:41:00
3618,Client12,Autocall,AAPL,SELL,520000.0,0.31328887681073136,0.492016475398502,0.5563912971415544,47.305024282147116,0,2025-01-17 10:51:00
3069,Client01,Autocall,NVDA,SELL,100000.0,2.8634962723093844,-1.4353010822487624,0.4224165031120236,48.39672305117587,0,2025-01-17 10:53:00
357,Client08,Autocall,AMZN,BUY,640000.0,4.009660654455989,3.30114200735059,0.4233844820974989,49.05995700486683,0,2025-01-17 11:07:00
3515,Client11,Autocall,AMZN,SELL,610000.0,3.2940008736187214,2.5340725466305103,0.22841944761257882,30.106690601604093,0,2025-01-17 11:08:00
1157,Client35,Autocall,NESN,BUY,730000.0,0.8257953917871479,2.04092452515386,0.5366112725050743,15.350262631591487,0,2025-01-17 11:13:00
186,Client28,Autocall,MSFT,SELL,790000.0,-2.8355738717565346,-1.4897107838663624,0.4607904916229895,3.9885000300687254,1,2025-01-17 11:15:00
4512,Client22,Autocall,TSLA,BUY,350000.0,0.479914963745645,-2.6142780417065876,0.1666325180321296,40.121412435388294,0,2025-01-17 11:16:00
3256,Client30,Autocall,NESN,SELL,590000.0,-0.5056558905469125,0.8445615933931021,0.5119554169819394,42.15012953251638,0,2025-01-17 11:16:00
4841,Client06,Autocall,MSFT,BUY,1200000.0,-2.900630440222204,8.564492105466572,0.5163327216129412,10.361135465392064,1,2025-01-17 11:23:00
979,Client03,Autocall,SPX,BUY,660000.0,0.3675355044404157,1.0639389186803492,0.305307162822119,24.216986138339674,0,2025-01-17 11:26:00
3765,Client20,Autocall,AAPL,SELL,250000.0,2.1099117242132595,1.3868868502200382,0.5507143216874364,30.647207843342688,0,2025-01-17 11:31:00
4279,Client40,Autocall,SPX,SELL,1040000.0,0.6719552553209915,0.1687092465898105,0.2600128332995481,36.15246329548148,0,2025-01-17 11:31:00
2633,Client37,Reverse Convertible,TSLA,SELL,510000.0,3.3451991129026637,-4.195434701697815,0.26307384544542634,,0,2025-01-17 11:32:00
4317,Client05,Autocall,NESN,SELL,720000.0,-1.9371628338350833,0.993237876136013,0.5433379815733155,1.722575458213449,1,2025-01-17 11:32:00
461,Client12,Tracker,AMZN,SELL,820000.0,-0.00797615680640791,-3.584533937490283,0.4186340216208082,,0,2025-01-17 11:36:00
3399,Client30,Autocall,SMI,BUY,410000.0,-0.17634672936853688,-1.4531331898460644,0.8172332303753695,36.04339690387703,1,2025-01-17 11:45:00
4162,Client22,Tracker,AMZN,BUY,240000.0,3.213115631781398,-3.6320336298689657,0.1671474336827436,,0,2025-01-17 11:47:00
4427,Client13,Autocall,TSLA,BUY,180000.0,0.04114233942125698,4.159494890719113,0.5124059173161,41.185113218740035,1,2025-01-17 11:48:00
3394,Client05,Autocall,TSLA,BUY,220000.0,-0.9008630431389889,2.6159566420478275,0.49644506991989495,49.60601594179852,0,2025-01-17 11:49:00
98,Client25,Autocall,MSFT,SELL,500000.0,-0.18395079882267978,-5.11778511791367,0.6260500506786493,15.871117838478499,1,2025-01-17 11:56:00
741,Client22,Autocall,TSLA,SELL,580000.0,-1.711818349771887,2.15472258507945,0.390463611718067,5.424363370117568,0,2025-01-17 12:02:00
4412,Client11,Tracker,MSFT,SELL,400000.0,1.421313488525193,3.246910223842324,0.2639111642919156,,1,2025-01-17 12:03:00
1608,Client08,Barrier Reverse Convertible,MSFT,BUY,310000.0,-3.894294399258424,1.6105305531755987,0.17211858089177834,43.77186933394317,1,2025-01-17 12:05:00
1058,Client31,Autocall,SMI,BUY,460000.0,1.2301341657070664,0.6828764446777774,0.49684309037307794,7.808146749074979,0,2025-01-17 12:09:00
10,Client05,Autocall,SPX,SELL,870000.0,-2.938029390952505,-0.8268014536429079,0.26165222486201567,32.73921170467251,1,2025-01-17 12:09:00
2465,Client31,Autocall,AAPL,BUY,560000.0,-1.6339639086546314,1.7541659221060137,0.23663322416260163,6.147398368516821,1,2025-01-17 12:12:00
482,Client26,Tracker,NESN,BUY,580000.0,0.41370550990695504,0.00834078826992417,0.40665494620374815,,0,2025-01-17 12:20:00
2722,Client18,Autocall,SMI,BUY,1560000.0,0.41887866159860754,3.598805364548884,0.30633444564518064,23.34062381070094,1,2025-01-17 12:37:00
64,Client26,Autocall,TSLA,BUY,210000.0,-0.4535695383087287,2.2379202774003524,1.2370252622140872,23.714202574372035,0,2025-01-17 12:47:00
2926,Client20,Autocall,NVDA,SELL,1060000.0,-0.6529982332254142,-4.4468148042944255,0.3360824760317814,2.7950353556067897,0,2025-01-17 12:50:00
2321,Client02,Tracker,AMZN,BUY,1410000.0,0.8661699181620965,3.363496262444565,0.12750240643038316,,0,2025-01-17 12:51:00
2292,Client19,Tracker,MSFT,SELL,620000.0,-1.575195833302754,5.884758743297917,0.5112186303489084,,0,2025-01-17 12:53:00
1415,Client18,Autocall,NESN,SELL,790000.0,1.9897151424881387,-2.2078402277696245,0.1934275860027862,9.299294048286855,0,2025-01-17 12:53:00
991,Client37,Autocall,NESN,BUY,220000.0,-2.452284894529861,-3.059515253888258,0.28501823206356985,42.98680584890263,1,2025-01-17 12:54:00
2060,Client03,Autocall,SMI,SELL,530000.0,-4.115058939590858,-2.895852758668656,0.46347388088878066,8.509528389469468,1,2025-01-17 12:58:00
2762,Client21,Tracker,NVDA,BUY,70000.0,0.6727911701855612,3.124890746769321,0.19079682011481738,,0,2025-01-17 12:59:00
3755,Client25,Barrier Reverse Convertible,TSLA,SELL,210000.0,0.1482060764132027,-4.258351549538811,0.5260101729648118,12.280004412096051,0,2025-01-17 13:02:00
1784,Client10,Bonus Certificate,MSFT,SELL,1490000.0,3.2971577758217196,-0.8790720947173742,0.13409913679045207,48.64718449731745,0,2025-01-17 13:04:00
1690,Client20,Autocall,NVDA,SELL,1260000.0,-2.2138724123974685,0.16400537534388346,0.5999326672930713,33.84732609456121,0,2025-01-17 13:04:00
4939,Client31,Autocall,SMI,BUY,460000.0,-0.13250816302966514,2.483312623614556,0.16546569123374114,8.076371031688689,1,2025-01-17 13:04:00
4454,Client28,Bonus Certificate,SPX,BUY,440000.0,1.6089341556639398,3.5022414256746224,0.2733520306740121,28.474075998322085,1,2025-01-17 13:05:00
4523,Client15,Reverse Convertible,AAPL,SELL,2800000.0,1.006725390580406,1.0440542285108783,0.3432392882375839,,0,2025-01-17 13:05:00
2501,Client05,Autocall,NVDA,SELL,360000.0,1.07133424910342,-0.8771475008230263,0.566970797768121,38.824946137852635,1,2025-01-17 13:06:00
595,Client25,Autocall,SMI,SELL,300000.0,-1.128020643847474,-0.6908671379807965,0.28446630752135665,15.817961465587004,1,2025-01-17 13:06:00
766,Client28,Autocall,MSFT,BUY,430000.0,-1.7201827054952752,-3.0861933506094985,0.18262156695068957,44.76201158448982,1,2025-01-17 13:07:00
1273,Client26,Reverse Convertible,SMI,SELL,310000.0,4.379544550974346,-2.0277999237777538,0.43572657325428643,,1,2025-01-17 13:08:00
4462,Client34,Barrier Reverse Convertible,AMZN,SELL,400000.0,-0.4019388725768596,2.044323791233232,0.34458550388982667,28.53225354642865,1,2025-01-17 13:09:00
3119,Client11,Barrier Reverse Convertible,NESN,SELL,410000.0,0.3314358451963971,1.7665069507097346,0.3612954851349758,21.89305854429074,0,2025-01-17 13:10:00
3316,Client11,Barrier Reverse Convertible,SPX,BUY,710000.0,-0.193800283749584,4.106730857255694,0.3549446581492732,27.922450915632542,0,2025-01-17 13:12:00
923,Client07,Bonus Certificate,AAPL,BUY,600000.0,-0.07199041206726317,-1.7778439567919078,0.3411650687773754,6.553243757686699,1,2025-01-17 13:18:00
4954,Client09,Autocall,AMZN,BUY,580000.0,-0.034670261140805875,2.7942169571038473,0.5561223594441581,45.571075146077945,0,2025-01-17 13:18:00
1196,Client28,Barrier Reverse Convertible,TSLA,BUY,300000.0,-2.5510154851308506,2.962998328777811,0.2886935207552641,13.352505348330334,1,2025-01-17 13:22:00
3414,Client18,Autocall,AMZN,SELL,620000.0,0.35620898048442984,3.2950019641395993,0.3549626767845625,10.525725219175674,0,2025-01-17 13:25:00
2661,Client25,Autocall,SPX,SELL,930000.0,-0.3240923344905496,-0.7200017524245237,0.7612886575562232,37.63077592490316,0,2025-01-17 13:26:00
395,Client05,Barrier Reverse Convertible,NVDA,BUY,650000.0,-0.10130685796517808,2.180636763897547,0.29575252868603363,17.04769935827667,0,2025-01-17 13:27:00
1136,Client25,Barrier Reverse Convertible,SPX,SELL,510000.0,1.5776776080348378,0.26871314781563754,0.6434598618675813,27.562522590274902,1,2025-01-17 13:27:00
4432,Client24,Barrier Reverse Convertible,SPX,SELL,690000.0,2.790128559552892,-4.6561666961852985,0.7977149962961055,37.47203147842264,1,2025-01-17 13:31:00
1873,Client10,Autocall,AAPL,SELL,1180000.0,1.3435018718831606,-5.024591261705852,0.4259658936296358,28.52492739060011,0,2025-01-17 13:33:00
3550,Client27,Tracker,SMI,BUY,450000.0,-0.26268763399568645,3.6287322595134945,0.30688908508302554,,0,2025-01-17 13:35:00
164,Client17,Autocall,TSLA,BUY,880000.0,-1.1192671516957142,1.8690665296155022,0.20839636258839372,13.054171405908582,1,2025-01-17 13:48:00
223,Client28,Autocall,SMI,SELL,400000.0,-2.0476421854444715,-1.614003404043931,0.5087991111402672,38.04628535472564,1,2025-01-17 13:48:00
269,Client08,Autocall,AMZN,SELL,120000.0,-0.7519190063912522,0.14419056894338067,0.49447908095782556,15.9424352058451,1,2025-01-17 13:49:00
3605,Client38,Autocall,MSFT,SELL,210000.0,2.8638045341694953,-1.1826641038390102,0.17890363070924398,10.156296567341577,0,2025-01-17 13:49:00
2851,Client30,Autocall,AMZN,SELL,570000.0,1.2686868276716736,1.1471009111234796,1.0022934200453053,11.099416674430989,0,2025-01-17 14:01:00
4086,Client26,Autocall,NESN,SELL,480000.0,-0.5185971705022747,-3.6247958864467917,0.34216430670963455,10.948918302449801,0,2025-01-17 14:02:00
2813,Client02,Autocall,AMZN,SELL,1000000.0,-1.3663767149446175,-2.8130399751583077,0.3082137086826381,6.571567200133311,0,2025-01-17 14:03:00
1398,Client30,Autocall,NVDA,BUY,2380000.0,-1.9819618700082475,3.0216102116494366,0.4206891120027741,39.14091271847866,0,2025-01-17 14:09:00
1054,Client12,Autocall,AMZN,BUY,280000.0,-0.48856304498119785,-1.7052616408567065,0.3427913825676129,0.9415197526756014,0,2025-01-17 14:14:00
334,Client17,Tracker,NVDA,SELL,600000.0,2.737629769877191,2.2057591374734264,0.8076927054089268,,1,2025-01-17 14:14:00
3873,Client38,Autocall,AAPL,BUY,580000.0,-1.0130040957069197,3.8744793545261595,0.3639427939695215,49.64724834952607,1,2025-01-17 14:18:00
4015,Client15,Autocall,NVDA,SELL,2290000.0,-1.6915065207624997,-0.2631172986227486,0.3685219590336479,26.607620559926936,1,2025-01-17 14:20:00
3421,Client18,Autocall,TSLA,BUY,1930000.0,-1.4485095191340494,0.8633223944516439,0.11661708911364248,6.364122787693716,0,2025-01-17 14:22:00
2673,Client05,Barrier Reverse Convertible,SMI,SELL,370000.0,-1.3568028366365739,-2.107723538322815,0.2812383194983938,48.93425963180704,1,2025-01-17 14:23:00
2938,Client09,Reverse Convertible,TSLA,SELL,620000.0,0.7895799657713262,0.037465025815405,0.8243883325954263,,0,2025-01-17 14:24:00
2820,Client05,Reverse Convertible,NESN,SELL,370000.0,0.573299729343979,3.9513133497346233,0.9053329509114602,,1,2025-01-17 14:35:00
1645,Client39,Bonus Certificate,NVDA,BUY,460000.0,-1.4425745826966878,5.543420138392006,0.5425527946624437,25.148643557068624,1,2025-01-17 14:38:00
3579,Client29,Autocall,NVDA,BUY,190000.0,1.3542194202897324,4.153020581491711,0.24174281384154164,42.97412303317058,1,2025-01-17 14:41:00
1345,Client02,Autocall,TSLA,BUY,820000.0,1.0723603034871698,1.7837444059589094,0.3752861877133577,5.456131220777816,0,2025-01-17 14:42:00
237,Client36,Autocall,SMI,BUY,810000.0,-1.1006283333827465,1.1751678286525196,0.3565076108654781,10.731822388499745,1,2025-01-17 14:44:00
4206,Client40,Reverse Convertible,AMZN,BUY,520000.0,0.4536526667530335,1.8972085565269545,0.6726253534219141,,0,2025-01-17 14:47:00
4131,Client07,Barrier Reverse Convertible,AMZN,BUY,570000.0,-1.2629887038908858,2.0228557724801832,0.33856943911363696,45.824898067934946,0,2025-01-17 14:47:00
774,Client34,Autocall,AAPL,SELL,540000.0,0.5760322974931252,0.213780402189039,0.5474645354177452,45.3472202006529,1,2025-01-17 14:59:00
2790,Client19,Bonus Certificate,AMZN,BUY,470000.0,2.4946329534727965,-0.880825114081202,0.24159663484062516,34.779792706649594,1,2025-01-17 15:01:00
1202,Client18,Autocall,NESN,SELL,3770000.0,0.21357153831917638,1.2765269675112276,0.5634004093549955,1.2170280050449733,1,2025-01-17 15:02:00
1746,Client14,Autocall,MSFT,BUY,1550000.0,-0.2359805766128894,3.1622554286415383,0.3635670602739994,44.83072869295232,1,2025-01-17 15:05:00
1360,Client03,Barrier Reverse Convertible,SMI,BUY,670000.0,1.5166773869837231,-3.9354921699655936,0.46252403814192483,32.5055652203307,0,2025-01-17 15:09:00
2486,Client14,Autocall,TSLA,BUY,1320000.0,-3.1050897311784755,4.43742830380548,1.201211152648951,29.44083029795992,0,2025-01-17 15:13:00
4711,Client29,Barrier Reverse Convertible,SPX,BUY,1060000.0,0.49322033258838305,0.11717965857447304,0.4802691022761819,0.13220152153908815,0,2025-01-17 15:16:00
1826,Client40,Autocall,AAPL,SELL,770000.0,-1.0063876384048291,-1.8936987901150304,0.19835418544492944,31.15833555122387,0,2025-01-17 15:17:00
212,Client28,Autocall,AAPL,BUY,720000.0,-1.8133539221948893,-3.5841943070885707,0.572646463705608,45.34105710466904,1,2025-01-17 15:17:00
622,Client14,Autocall,SMI,SELL,1030000.0,2.0600147414710968,-1.6721236225975438,0.5325902927538121,36.0763128456531,1,2025-01-17 15:20:00
4850,Client30,Autocall,SMI,SELL,1170000.0,-0.923219126138747,-2.1276230711779305,0.5325458965723365,35.014273193988856,1,2025-01-17 15:23:00
2074,Client35,Barrier Reverse Convertible,NESN,BUY,530000.0,0.5689714349541887,-4.3731432537866795,1.0069833843511489,13.018375316389324,0,2025-01-17 15:25:00
2831,Client22,Autocall,AMZN,BUY,320000.0,1.141604180946261,4.183014453781087,0.30863442403409636,9.97216160768486,0,2025-01-17 15:28:00
1245,Client22,Barrier Reverse Convertible,MSFT,SELL,740000.0,-1.4949807975885039,-5.642558456402441,0.7649152592605291,15.123172823102749,1,2025-01-17 15:35:00
2364,Client11,Tracker,AMZN,SELL,270000.0,1.8276931595702042,2.6653824386884803,0.3194950794522041,,1,2025-01-17 15:40:00
4436,Client31,Autocall,TSLA,BUY,610000.0,0.2468610287861051,0.010150230664717314,0.5763034895563226,0.7955967524490626,1,2025-01-17 15:42:00
418,Client27,Barrier Reverse Convertible,MSFT,SELL,690000.0,-0.5334744365768167,-1.7375749946651864,0.22889888021035645,11.768391644234889,0,2025-01-17 15:42:00
2492,Client20,Autocall,SMI,SELL,580000.0,-2.6943934148511146,2.854247009010366,0.6201043079354897,16.145750272322186,0,2025-01-17 15:45:00
641,Client11,Reverse Convertible,SPX,BUY,230000.0,0.8626146001633582,-3.359834136823837,0.42202682177695683,,0,2025-01-17 15:50:00
1617,Client05,Autocall,MSFT,SELL,270000.0,0.12351199053200652,3.3527216015207486,0.21371420547740805,43.770327733672715,0,2025-01-17 15:53:00
2366,Client22,Barrier Reverse Convertible,SPX,BUY,280000.0,2.9973154980612353,0.45487235481390564,0.5147533533047923,5.694790900898172,0,2025-01-17 15:53:00
1738,Client05,Bonus Certificate,TSLA,SELL,880000.0,0.6409283566902948,-2.856781627682923,0.7383649235119815,17.467500681056674,0,2025-01-17 15:54:00
2778,Client28,Autocall,NESN,SELL,430000.0,2.4360139752125245,-2.2258624509487945,0.15308785737423442,1.588352356297873,1,2025-01-17 15:55:00
1650,Client35,Barrier Reverse Convertible,MSFT,SELL,630000.0,-0.4926271184967835,3.3840018320598153,0.2747181891408613,16.208007230379202,0,2025-01-17 15:57:00
810,Client34,Reverse Convertible,AMZN,BUY,660000.0,-1.4108688295790037,-0.9772259096688511,0.9610512064989079,,0,2025-01-17 15:57:00
2593,Client28,Autocall,NESN,BUY,530000.0,-2.199899192030004,-3.604744449715411,0.16896112262569482,48.84504598374884,1,2025-01-17 16:00:00
1473,Client16,Reverse Convertible,TSLA,SELL,930000.0,-0.01770547135503231,-1.1265574700281535,0.21036819478041816,,1,2025-01-17 16:01:00
1127,Client32,Autocall,MSFT,BUY,470000.0,-1.2468038300068562,-2.108082015362478,1.4344835049977058,22.06530542663574,0,2025-01-17 16:02:00
875,Client33,Autocall,NESN,BUY,230000.0,-2.112146698551654,-7.85375539588847,0.43119897714022926,44.19179720709438,1,2025-01-17 16:06:00
230,Client34,Autocall,NVDA,BUY,540000.0,-1.0045692535778907,7.227207546693452,0.4184494684160635,9.886581775714331,1,2025-01-17 16:07:00
985,Client22,Autocall,SMI,BUY,760000.0,1.1217586759204494,-1.0080142607593194,0.396251411024222,17.231437118696796,1,2025-01-17 16:11:00
3762,Client34,Autocall,AMZN,BUY,380000.0,3.5548099983282233,0.7755092930019635,0.5328567125087297,1.6913282493059234,1,2025-01-17 16:12:00
4346,Client25,Bonus Certificate,MSFT,BUY,1290000.0,-2.848043321261469,-1.5506937452940759,0.19002930705715337,4.257097882616412,1,2025-01-17 16:13:00
1165,Client16,Tracker,AMZN,BUY,1170000.0,-2.7249058235541725,-2.374261062523286,0.744952816829901,,1,2025-01-17 16:16:00
2738,Client26,Autocall,AMZN,SELL,590000.0,0.8719714564222837,0.7494329708506302,0.6310536900355062,24.40260283960331,1,2025-01-17 16:16:00
515,Client02,Barrier Reverse Convertible,NESN,SELL,1480000.0,-1.1725069673088149,-3.903329846093816,0.34517406998152633,36.799682231872985,0,2025-01-17 16:17:00
1569,Client27,Bonus Certificate,AAPL,BUY,250000.0,1.9672572288854921,-3.583683889567202,0.4161694258132208,12.957716024239579,0,2025-01-17 16:22:00
231,Client34,Autocall,NVDA,BUY,800000.0,-2.5761561057881717,0.2019421263073208,0.37585637709250164,27.9071518422234,1,2025-01-17 16:31:00
2694,Client14,Autocall,NESN,SELL,1130000.0,2.2478229934241285,-1.1221038158525862,0.4195470071969434,43.51123216316,1,2025-01-17 16:42:00
267,Client15,Tracker,MSFT,BUY,2200000.0,-1.5033219075608815,-2.1209024906313947,0.47302642880242995,,0,2025-01-17 16:42:00
4269,Client25,Autocall,AMZN,BUY,1410000.0,0.621014056141527,-4.1733660414994,0.2044263942856051,27.340055235326304,0,2025-01-17 16:48:00
4182,Client16,Autocall,AAPL,SELL,1260000.0,1.001613512449219,-1.5623887760349504,0.8160759873742413,33.74460244502125,1,2025-01-17 16:55:00
1065,Client32,Reverse Convertible,NVDA,SELL,1320000.0,-3.8455242602380304,5.5925577651318275,0.35102634343925604,,1,2025-01-17 16:56:00
1049,Client05,Autocall,NVDA,SELL,670000.0,1.3679313620398477,-1.5583728892448974,0.21406086928365614,21.443076383056127,0,2025-01-17 16:56:00
679,Client28,Reverse Convertible,NVDA,SELL,210000.0,0.6888921634004532,2.454079782258266,0.37122666786766084,,0,2025-01-17 16:56:00
3921,Client15,Bonus Certificate,NVDA,SELL,2410000.0,-4.606028816384514,-2.714503250751373,0.29337855070901564,15.860558618851089,0,2025-01-17 16:57:00
1780,Client19,Autocall,AAPL,BUY,520000.0,1.5135622902468728,-1.2316438348207077,0.2784730030014628,3.348152721197067,0,2025-01-17 16:58:00
1640,Client34,Barrier Reverse Convertible,NVDA,SELL,360000.0,-1.2217192776387078,-1.4000870657602718,0.25702117103433025,4.617351590467406,1,2025-01-17 17:00:00
3190,Client34,Barrier Reverse Convertible,SPX,BUY,780000.0,-2.3317535822194233,-1.5497774842266265,0.3167725697935197,20.062054376256093,0,2025-01-17 17:08:00
3350,Client28,Barrier Reverse Convertible,SPX,SELL,400000.0,-2.370686571615202,0.2867508012009764,0.3741294757214869,8.1274516131841,0,2025-01-17 17:11:00
1711,Client02,Barrier Reverse Convertible,NVDA,BUY,410000.0,0.04544984241659511,4.482391902184445,0.3445883026276584,35.49569905983553,0,2025-01-17 17:12:00
2873,Client12,Reverse Convertible,MSFT,SELL,240000.0,-0.7306263443632662,-1.2838271778582182,0.8020643387670257,,0,2025-01-17 17:14:00
4573,Client28,Barrier Reverse Convertible,SMI,SELL,440000.0,0.36830629333248494,4.044542373197223,0.30339253659310755,43.94811053326471,0,2025-01-17 17:17:00
2589,Client15,Bonus Certificate,SPX,BUY,4340000.0,2.7252438469546467,6.4101131200317765,0.49836862333707993,3.9783545277781496,0,2025-01-17 17:19:00
4368,Client11,Autocall,NESN,SELL,410000.0,1.8956727268560252,2.8416064638177914,0.6347335179059856,23.18952858921566,0,2025-01-17 17:21:00
4000,Client28,Autocall,TSLA,SELL,560000.0,1.452798449451655,2.0194341826714344,0.40103232549113,14.822064898019855,1,2025-01-17 17:22:00
3148,Client05,Barrier Reverse Convertible,NVDA,BUY,430000.0,0.9816987039969188,1.1724686962904567,0.26723491121081955,27.0968692894685,1,2025-01-17 17:22:00
3911,Client18,Autocall,AMZN,SELL,1130000.0,0.020431525615730542,-5.874486032579201,0.2293325511428385,36.27570838817996,0,2025-01-17 17:24:00
4019,Client12,Reverse Convertible,SMI,SELL,380000.0,1.2521200610719312,-0.26669935596221306,0.4048092118157845,,0,2025-01-17 17:24:00
2285,Client28,Autocall,NESN,SELL,470000.0,0.6051816743762021,3.1239686132627744,0.3153965306089835,27.984094420893037,0,2025-01-17 17:27:00
3353,Client04,Barrier Reverse Convertible,MSFT,BUY,620000.0,-1.080279940834069,-0.3504458323808946,0.30146059332941116,5.772520043902274,0,2025-01-17 17:39:00
2822,Client35,Barrier Reverse Convertible,TSLA,BUY,610000.0,4.981110067654623,-0.3493820713436509,0.3381805620151551,25.098803194510467,0,2025-01-17 17:39:00
1246,Client37,Autocall,MSFT,BUY,350000.0,0.30303952046644395,1.2965120521453835,1.9802910077868476,33.8245559278546,0,2025-01-17 17:42:00
4786,Client07,Tracker,NVDA,BUY,200000.0,-1.6892282201810722,-3.0536216009966104,0.2728296945437751,,0,2025-01-17 17:46:00
4431,Client33,Autocall,NESN,SELL,320000.0,1.575005529822177,-0.24142103193055442,0.38118257712404374,5.297735599030623,0,2025-01-17 17:48:00
2504,Client20,Reverse Convertible,NESN,SELL,820000.0,-2.5420082968288527,-4.978460081686741,0.3604351683313163,,1,2025-01-17 17:53:00
2153,Client36,Barrier Reverse Convertible,MSFT,SELL,730000.0,-1.523131491512845,0.13035482545168797,0.6429345877847604,9.434987494430002,0,2025-01-17 17:57:00
3475,Client31,Autocall,AMZN,BUY,580000.0,-1.8308284675617723,1.9673998797268697,0.8908789660106755,0.8285337723811736,1,2025-01-17 17:58:00
3194,Client05,Autocall,MSFT,BUY,410000.0,0.5713033267033679,2.3747677458404826,0.33414027955069225,21.5185113131466,1,2025-01-20 08:00:00
3030,Client18,Autocall,MSFT,SELL,2100000.0,-0.19768219266406062,11.283195087498264,0.4366346417235428,14.28269533855191,1,2025-01-20 08:01:00
737,Client14,Autocall,TSLA,BUY,3510000.0,-2.54478511076715,4.808459503899992,0.3214873104116827,4.914145415206706,1,2025-01-20 08:04:00
2083,Client36,Barrier Reverse Convertible,SPX,SELL,830000.0,-1.0227731063566858,-6.109904561417851,0.9713278458993057,29.741071018421966,1,2025-01-20 08:07:00
1283,Client07,Bonus Certificate,SPX,SELL,260000.0,1.0152283050950512,-4.891736590150344,0.43340997284564153,48.02955381713374,1,2025-01-20 08:07:00
1926,Client24,Autocall,SMI,BUY,730000.0,-1.272892595774305,-0.5962064394121251,0.307405505517469,24.020348106877886,0,2025-01-20 08:09:00
2247,Client17,Reverse Convertible,NESN,SELL,1020000.0,0.6776533262238937,0.6343577140875407,0.15969081268821061,,0,2025-01-20 08:11:00
46,Client07,Autocall,TSLA,BUY,370000.0,3.6494088862592053,3.4449768490960286,0.34007441533117305,25.803328262481468,1,2025-01-20 08:22:00
4837,Client28,Autocall,AMZN,BUY,460000.0,1.930243313694229,1.3417086549721429,0.2048408017954712,42.38169237509381,1,2025-01-20 08:22:00
4878,Client33,Autocall,NVDA,BUY,290000.0,-0.32765311452415635,-2.351633395667423,0.21980164421420875,13.314488969108734,0,2025-01-20 08:23:00
2026,Client25,Autocall,TSLA,SELL,880000.0,0.8923337823669499,-2.2636688751734124,0.355868979630281,41.90786853692208,0,2025-01-20 08:25:00
3443,Client34,Tracker,AMZN,BUY,470000.0,0.3490055255676176,-1.8813652513766757,0.11324176269721879,,0,2025-01-20 08:34:00
1389,Client09,Autocall,NESN,SELL,570000.0,1.9867752772024174,2.3542944673922674,0.756411717499927,1.930041507357949,0,2025-01-20 08:35:00
2209,Client13,Autocall,MSFT,BUY,180000.0,-2.76835141384749,2.7159225378093246,0.2884306787948417,41.91106253541491,1,2025-01-20 08:35:00
4644,Client20,Autocall,SMI,SELL,500000.0,0.009792019347791732,6.705980516571243,0.544568408654296,11.083299062482011,0,2025-01-20 08:36:00
698,Client32,Autocall,TSLA,SELL,940000.0,2.5934706116181028,-1.193366185439461,0.20482200140661508,0.10579734169376409,0,2025-01-20 08:38:00
2854,Client13,Autocall,MSFT,BUY,330000.0,-0.5052726240024662,-5.6905018051200855,1.1648256063724967,12.601472209758635,1,2025-01-20 08:38:00
4456,Client05,Bonus Certificate,SPX,SELL,700000.0,3.3707670904024334,0.5086058110425213,0.5837118116345567,44.96427243562923,0,2025-01-20 08:39:00
4209,Client20,Autocall,NESN,BUY,640000.0,1.0810247322437219,4.279940368821632,0.29607043720377935,44.04852381751617,0,2025-01-20 08:42:00
3215,Client16,Autocall,SPX,BUY,830000.0,2.30510777766506,3.87167582636613,0.37152025879037887,14.635778682592216,1,2025-01-20 08:52:00
955,Client18,Barrier Reverse Convertible,NESN,BUY,3340000.0,1.5225194566540474,-3.130048917493818,0.4379728337551741,10.0301348218792,0,2025-01-20 08:56:00
2533,Client26,Barrier Reverse Convertible,AAPL,BUY,330000.0,-1.5719790442945443,1.9311204885984123,0.36630322175711694,17.297907033425485,0,2025-01-20 08:57:00
4185,Client33,Autocall,AAPL,BUY,170000.0,0.964644886831227,-0.0009713679497133418,0.28656124375097963,1.5745694918311737,0,2025-01-20 08:57:00
2306,Client17,Autocall,NESN,BUY,760000.0,-0.309405452178299,-0.44064968093481166,0.24958722881484852,30.850228381855477,0,2025-01-20 08:58:00
1282,Client20,Barrier Reverse Convertible,TSLA,BUY,660000.0,0.5533529816728339,-0.10215103291540684,0.3586175278925516,47.52262208025878,0,2025-01-20 09:00:00
2757,Client40,Bonus Certificate,MSFT,SELL,540000.0,3.7879123742337786,-0.636050616233497,0.5746618136929272,20.605229110166352,0,2025-01-20 09:03:00
2920,Client03,Autocall,NESN,BUY,900000.0,-1.548192539657397,5.399905338689089,0.12922855252052518,32.545544290747245,0,2025-01-20 09:04:00
3841,Client07,Tracker,AMZN,BUY,520000.0,1.5153117919393984,1.9390408460946242,0.14260239610602984,,1,2025-01-20 09:08:00
2534,Client15,Autocall,NVDA,SELL,1660000.0,3.9211284672587468,-4.215396713022987,0.5176159126671168,37.84648925319756,1,2025-01-20 09:10:00
4794,Client21,Autocall,AAPL,SELL,370000.0,0.26793286526851057,3.451816968165981,0.33287080080838305,37.78445026349016,0,2025-01-20 09:19:00
3658,Client11,Autocall,NVDA,SELL,470000.0,1.0412821582714131,-1.2233714554555788,0.9939752723086654,30.424670957475573,1,2025-01-20 09:23:00
4151,Client20,Autocall,TSLA,SELL,360000.0,-1.7356557402702397,2.131751184746302,0.45172825989344956,9.529323303002018,0,2025-01-20 09:24:00
1778,Client17,Tracker,MSFT,SELL,790000.0,-1.6091885197210254,0.8470283575654713,0.22217424783816664,,0,2025-01-20 09:26:00
959,Client03,Autocall,AMZN,BUY,220000.0,-1.4178126112309333,4.015701165435347,0.42579599984202626,39.912632250052106,0,2025-01-20 09:28:00
475,Client07,Autocall,TSLA,SELL,270000.0,-0.1496021784665895,-5.155210858181206,0.20310008589788617,0.12266731519351426,1,2025-01-20 09:29:00
3852,Client37,Barrier Reverse Convertible,MSFT,BUY,580000.0,-0.6564411600380823,-2.603305647909789,0.3649063987901565,0.5290165605767339,1,2025-01-20 09:34:00
4994,Client29,Autocall,MSFT,BUY,170000.0,4.017329797593575,3.4466195851425194,0.5724191960341821,7.3716621548565895,0,2025-01-20 09:40:00
3558,Client05,Autocall,NESN,BUY,730000.0,-0.775026863574868,3.8730263823066275,0.5092277003045126,25.79052307577065,1,2025-01-20 09:41:00
4491,Client34,Autocall,TSLA,SELL,550000.0,0.5796782447650249,0.8360575607936949,0.5703425182278453,11.732159948783478,1,2025-01-20 09:47:00
41,Client32,Tracker,TSLA,BUY,570000.0,-2.8935758876418314,-3.867912154330563,0.41039505813144717,,0,2025-01-20 09:51:00
729,Client27,Autocall,NVDA,BUY,670000.0,3.212948677494641,2.6517425963852004,0.46495031171119544,23.480183186740106,0,2025-01-20 09:54:00
3975,Client22,Barrier Reverse Convertible,AAPL,SELL,330000.0,2.6299874211075744,0.49778205681167065,0.18718814749303492,46.52992643453865,1,2025-01-20 09:55:00
12,Client16,Autocall,SPX,SELL,320000.0,-3.886460711347451,-1.01006143932418,0.3340877676156151,35.51040554444022,0,2025-01-20 09:59:00
3142,Client03,Autocall,TSLA,SELL,330000.0,-0.5644773202337192,1.6461877898467123,0.2501362777708565,43.71304674816769,0,2025-01-20 10:00:00
2777,Client18,Autocall,MSFT,SELL,1380000.0,1.1870666216396184,2.8036820044371553,0.1075694591771721,46.06636317740239,1,2025-01-20 10:00:00
2388,Client15,Autocall,SMI,BUY,5000000.0,-2.3624397352979467,0.20071377373351645,0.655307915598272,24.021531027520098,0,2025-01-20 10:05:00
1900,Client11,Autocall,NVDA,SELL,80000.0,1.732438446807613,-1.3187851514907565,0.7347275408032088,27.754725266165213,1,2025-01-20 10:05:00
2687,Client22,Autocall,AMZN,SELL,240000.0,2.2837212974072147,0.827941059347991,0.7757177708304915,22.229097994812175,0,2025-01-20 10:11:00
1355,Client11,Autocall,MSFT,BUY,860000.0,-4.527432404643359,0.203601964902494,0.9896799238998726,24.275898920765794,1,2025-01-20 10:12:00
932,Client21,Reverse Convertible,AAPL,BUY,120000.0,-2.2974911389048795,2.6020291941705165,0.4998165467938575,,0,2025-01-20 10:14:00
3659,Client30,Bonus Certificate,AMZN,BUY,680000.0,0.6069367213970055,4.064010931281128,0.4011276201374629,2.858649735717939,1,2025-01-20 10:15:00
2226,Client19,Barrier Reverse Convertible,AAPL,BUY,170000.0,-0.7576502399081027,-0.10513490908030321,0.19536101319596336,35.296186999300936,1,2025-01-20 10:15:00
1108,Client34,Autocall,TSLA,SELL,500000.0,-4.7998740444463035,-2.3576041109371935,0.6257752110256861,16.200475015925274,1,2025-01-20 10:16:00
3100,Client28,Autocall,NVDA,SELL,990000.0,-0.6084220137065551,-3.909126433865355,0.2817719830084037,36.041006502907,1,2025-01-20 10:26:00
2772,Client21,Bonus Certificate,AMZN,BUY,180000.0,-0.4817174002302875,3.08381967898439,0.3143395423889682,0.5761295665445587,0,2025-01-20 10:27:00
803,Client37,Autocall,AAPL,BUY,860000.0,-1.6508969170562573,3.144952350026106,0.6114604934434985,30.176094430913146,1,2025-01-20 10:29:00
4587,Client37,Barrier Reverse Convertible,AAPL,BUY,780000.0,-1.9570824999800998,-1.3305287170660849,0.40310773232496444,46.16899713323509,1,2025-01-20 10:29:00
4728,Client04,Barrier Reverse Convertible,NVDA,BUY,320000.0,0.87707503777948,-0.07508859892349395,0.19411302992496435,6.434076291240659,0,2025-01-20 10:34:00
3503,Client10,Autocall,AMZN,BUY,1050000.0,-1.811501164939062,1.9225232686741105,0.3949387186064544,16.71931757874499,0,2025-01-20 10:35:00
1462,Client24,Autocall,SMI,SELL,1600000.0,0.9643764605098332,1.9870895324073137,0.5908685318353084,8.031569520106718,1,2025-01-20 10:39:00
2041,Client25,Reverse Convertible,AAPL,BUY,670000.0,1.7777251350113408,-4.571746444188471,0.5927659644143165,,0,2025-01-20 10:40:00
2775,Client11,Autocall,NVDA,SELL,390000.0,-1.9589279061095235,-1.9825737000235613,0.31036405058825633,5.135075435242098,1,2025-01-20 10:43:00
2846,Client20,Autocall,SMI,BUY,340000.0,3.2448162427762304,-2.8805958861139658,0.24140431458390393,40.9994903843142,1,2025-01-20 10:44:00
478,Client34,Barrier Reverse Convertible,AAPL,SELL,620000.0,1.2915591875222903,-3.9973916368482003,0.6471838675507122,9.763633209070488,0,2025-01-20 10:45:00
3773,Client20,Autocall,SMI,SELL,820000.0,-0.15555180921030434,-0.17527755056514688,0.5422580282056484,32.449696940578214,1,2025-01-20 10:49:00
2349,Client28,Autocall,SPX,BUY,240000.0,0.020565020989801137,-5.810280451914552,0.5001229650128727,36.951044333791785,0,2025-01-20 10:51:00
3046,Client03,Barrier Reverse Convertible,AAPL,SELL,610000.0,-1.2658828180435424,-1.8477540475921197,0.4860628555418975,42.73799456844764,0,2025-01-20 10:57:00
2180,Client04,Reverse Convertible,SMI,SELL,810000.0,-1.4094370989163982,-1.3473597816920766,0.5125952334273268,,1,2025-01-20 11:00:00
2372,Client05,Bonus Certificate,SPX,BUY,850000.0,0.39916703019855054,0.7179257371756917,0.6468989641257225,2.586696509634762,0,2025-01-20 11:14:00
224,Client34,Autocall,NVDA,SELL,410000.0,-2.8262136795212136,6.064132683965751,0.5445628934361267,35.18042337945399,0,2025-01-20 11:16:00
4213,Client26,Autocall,SPX,SELL,1220000.0,-0.6737932316478287,-0.14211567935413172,0.4284768408605153,35.995268462252774,0,2025-01-20 11:21:00
2882,Client10,Autocall,NESN,SELL,1030000.0,-0.5875365582489841,3.1291908599767773,0.31955792233264146,6.120299789205169,1,2025-01-20 11:23:00
1509,Client16,Barrier Reverse Convertible,AAPL,SELL,620000.0,0.3452267833079694,-0.9751432978188705,0.5228296645955874,7.4338645175044125,0,2025-01-20 11:24:00
4592,Client38,Autocall,SPX,SELL,260000.0,-0.4386263690361472,0.4380306391415081,0.3338950657289529,1.8642580595623903,1,2025-01-20 11:25:00
3209,Client12,Barrier Reverse Convertible,NESN,SELL,540000.0,-1.0823606280245206,-1.449316018530542,0.7200157001218703,10.23796145382782,0,2025-01-20 11:26:00
1432,Client35,Barrier Reverse Convertible,NVDA,BUY,250000.0,-0.4843995891908029,3.9133173558092444,0.4925148834378485,2.0893959326441616,0,2025-01-20 11:28:00
2636,Client03,Autocall,SMI,BUY,610000.0,-2.3607450821558835,1.2860786708638705,0.5002538688172986,30.76164193902937,1,2025-01-20 11:33:00
855,Client29,Autocall,TSLA,SELL,960000.0,-1.3604698866465352,-7.08971218836309,0.4259262305454016,16.962354010615705,0,2025-01-20 11:46:00
998,Client16,Reverse Convertible,SPX,BUY,390000.0,-0.05588438553571816,3.965742554788346,0.9688984095839615,,0,2025-01-20 11:49:00
3501,Client17,Autocall,TSLA,BUY,370000.0,0.03747541790580884,1.3362218784426498,0.2463895462934713,38.52719349288677,1,2025-01-20 11:54:00
3520,Client25,Autocall,TSLA,SELL,390000.0,-0.8413843470292642,1.2587822289376935,0.8313657785382778,16.176581959481712,1,2025-01-20 12:00:00
1118,Client25,Autocall,NESN,BUY,650000.0,1.8629726272217288,-0.4446518055248398,0.39446411454411034,35.053538332699866,1,2025-01-20 12:00:00
1007,Client12,Autocall,AMZN,SELL,250000.0,2.340834764565524,3.4245905118543316,0.7330253411706132,21.505797905947844,0,2025-01-20 12:02:00
3856,Client34,Barrier Reverse Convertible,SMI,SELL,180000.0,-0.0838939685841463,-0.22917276963239058,0.2995235108618037,38.82975107884263,1,2025-01-20 12:03:00
3592,Client31,Autocall,SMI,SELL,490000.0,-3.0411664762231885,-4.150100982365826,0.47125408433065297,31.354875469747594,0,2025-01-20 12:05:00
2233,Client26,Autocall,NESN,BUY,300000.0,-2.033389646244573,-2.2155673660105113,0.31551371551496027,22.62262559215004,0,2025-01-20 12:13:00
863,Client20,Tracker,AAPL,SELL,940000.0,3.5926125159274203,-2.731944136964029,0.5985685555938379,,1,2025-01-20 12:25:00
3483,Client38,Autocall,NESN,SELL,620000.0,1.4957122261226299,-0.47043666045847043,1.002489260242949,48.06264723114364,0,2025-01-20 12:31:00
2613,Client02,Autocall,TSLA,BUY,760000.0,-2.0502065947550236,-3.384776955682374,0.9624164283652774,35.0430320433618,1,2025-01-20 12:32:00
974,Client03,Barrier Reverse Convertible,SMI,BUY,400000.0,-0.5605377004848184,-2.682353722936838,0.39699439979536744,1.931729741611643,0,2025-01-20 12:34:00
1183,Client08,Autocall,SPX,SELL,180000.0,0.7788549049735184,-0.8033831522734379,0.3725421758477523,33.46712720051262,1,2025-01-20 12:37:00
100,Client28,Tracker,SPX,SELL,310000.0,-1.3156377223690328,1.385697166290218,0.43429848854318354,,1,2025-01-20 12:37:00
4880,Client35,Autocall,SPX,SELL,530000.0,-0.018703638515768662,4.045485767251778,0.3158518396029902,2.038812396837464,1,2025-01-20 12:39:00
3788,Client31,Reverse Convertible,TSLA,SELL,920000.0,-3.929036168707955,0.42005990824894057,0.33692986709773814,,1,2025-01-20 12:46:00
1215,Client37,Barrier Reverse Convertible,SMI,SELL,390000.0,-1.0131946424422678,-0.16216568173245902,0.3292053816307399,12.407892282489257,0,2025-01-20 12:49:00
4133,Client11,Autocall,SPX,BUY,400000.0,-1.5116048440384884,1.0838629807037274,0.24500360687454914,15.099003157958958,0,2025-01-20 12:53:00
26,Client40,Reverse Convertible,NVDA,BUY,200000.0,-1.553316260304994,1.1633397040980955,0.39713346450269565,,0,2025-01-20 12:56:00
3347,Client14,Autocall,MSFT,BUY,1860000.0,1.9864380923144305,-1.7719312336374236,0.1174623635316803,11.112014244443063,0,2025-01-20 13:03:00
845,Client11,Reverse Convertible,TSLA,SELL,380000.0,-1.4321741576690386,6.5925415156070954,0.4613657672963342,,0,2025-01-20 13:07:00
1717,Client21,Autocall,AAPL,SELL,240000.0,-0.10612495975318999,2.682565742543187,0.5454337891890426,42.08658244582706,1,2025-01-20 13:12:00
4112,Client22,Tracker,TSLA,SELL,560000.0,3.3646335195018287,-2.9304661531443563,0.4105448238872491,,0,2025-01-20 13:30:00
2336,Client37,Autocall,SMI,BUY,500000.0,-1.8588115116854829,-0.6071593939227173,0.2146861288118568,4.826427374638831,0,2025-01-20 13:31:00
4828,Client38,Autocall,NESN,SELL,770000.0,0.22865914205256874,-3.453982643558704,0.49321391903106954,18.053162973894793,0,2025-01-20 13:33:00
476,Client35,Bonus Certificate,SPX,BUY,190000.0,0.19692191121941738,1.5904547127708675,0.4355798031487846,34.96378067962067,0,2025-01-20 13:40:00
4299,Client03,Autocall,AAPL,SELL,1080000.0,0.02119585141325602,2.1068440117703884,0.2817200889904896,14.022308148892943,1,2025-01-20 13:47:00
2274,Client27,Autocall,AAPL,SELL,210000.0,-1.8289405409839372,-1.6514476845467145,0.39609691148285986,1.5847893432639482,0,2025-01-20 13:48:00
286,Client25,Autocall,MSFT,BUY,980000.0,-1.2925958588533812,0.8108232277340293,0.41082514222920336,47.26774594598881,0,2025-01-20 13:59:00
3889,Client22,Autocall,SMI,BUY,300000.0,0.202312168591828,0.40703133162015637,0.27086982562380457,12.996033951531805,0,2025-01-20 14:04:00
2301,Client19,Reverse Convertible,AAPL,SELL,310000.0,0.19832819052246484,1.2187431472114658,0.2545438043362997,,0,2025-01-20 14:08:00
2971,Client29,Autocall,AAPL,SELL,290000.0,-5.397174772340352,-3.565350362699838,0.610520690523984,40.40599770674403,0,2025-01-20 14:09:00
1287,Client16,Autocall,MSFT,SELL,1460000.0,-2.104846257148997,0.623124021058935,0.3256839592133208,8.237717440173075,1,2025-01-20 14:10:00
185,Client20,Autocall,AAPL,BUY,480000.0,1.0917066024727697,0.4677273056373594,0.2914466674938645,32.303678146039076,0,2025-01-20 14:16:00
2024,Client07,Autocall,MSFT,BUY,470000.0,-2.212127355605374,-4.30788429864561,0.1362473634863816,3.3235645982302,1,2025-01-20 14:22:00
3016,Client23,Barrier Reverse Convertible,MSFT,SELL,370000.0,-2.283855315755314,-3.646819717707827,0.19016161078828034,43.30333315819971,1,2025-01-20 14:26:00
4037,Client07,Autocall,AMZN,SELL,560000.0,0.899590216211286,-1.0358389202144125,0.4154063252420617,1.1274824442058073,1,2025-01-20 14:30:00
3730,Client36,Autocall,AMZN,SELL,570000.0,0.9192865647525011,4.3526374923688,0.43259669664475164,30.003011540646302,1,2025-01-20 14:32:00
4232,Client34,Autocall,NVDA,SELL,850000.0,0.9893993286260502,-1.7668646470236777,0.33334512894075946,36.585541184691216,1,2025-01-20 14:35:00
3662,Client06,Autocall,AMZN,BUY,470000.0,-2.7613395834423615,4.608656277731671,0.33051901393589894,14.491240941385364,0,2025-01-20 14:36:00
1928,Client37,Autocall,AMZN,SELL,850000.0,0.8791836440208697,1.6392360656328409,0.3990142929373286,44.91761202092406,0,2025-01-20 14:36:00
3163,Client10,Barrier Reverse Convertible,AAPL,BUY,1260000.0,1.3398187953590626,4.291492606680653,0.25365387919855087,43.0804500956757,1,2025-01-20 14:37:00
1431,Client32,Autocall,SPX,SELL,740000.0,-1.2435441184947353,-0.9593046303127697,0.3376027219007054,12.248958447597108,1,2025-01-20 14:39:00
229,Client16,Reverse Convertible,AMZN,BUY,400000.0,2.527619019934223,0.28658961491248686,0.3739408139012163,,0,2025-01-20 14:43:00
464,Client07,Barrier Reverse Convertible,NVDA,BUY,490000.0,-1.5659892755252358,5.20592365969681,0.2072065436707781,40.943617923785794,1,2025-01-20 14:45:00
1719,Client36,Autocall,MSFT,BUY,390000.0,-1.2118628812303964,-0.1797165696614305,0.28240933379470257,40.4175023243892,1,2025-01-20 14:52:00
1005,Client35,Autocall,NVDA,SELL,330000.0,-1.2248394184435445,4.225938982440818,0.2922531069540454,2.0135285528468883,0,2025-01-20 14:52:00
2567,Client14,Bonus Certificate,NESN,SELL,930000.0,-2.94120103714539,-3.1578814768625136,0.7850877516217968,24.46173359358798,0,2025-01-20 14:52:00
3451,Client22,Tracker,MSFT,BUY,500000.0,-2.51163700377705,-1.2497821148083714,0.3218648650598726,,1,2025-01-20 14:52:00
559,Client32,Bonus Certificate,MSFT,BUY,580000.0,1.2375325312446277,1.2089251452354133,0.48940941375239133,10.151568234336356,1,2025-01-20 14:56:00
3093,Client01,Autocall,AAPL,BUY,50000.0,0.11004902557660422,0.10671495741872304,0.2281777564833057,5.148064021049292,0,2025-01-20 15:09:00
3510,Client37,Autocall,NVDA,SELL,290000.0,-0.7451996802752553,-2.9539338266173174,0.23596989913052754,36.670965987606486,1,2025-01-20 15:17:00
612,Client06,Tracker,MSFT,SELL,1120000.0,-0.5313638544824849,3.907846733839346,0.3420030709217284,,0,2025-01-20 15:20:00
362,Client21,Reverse Convertible,SMI,BUY,170000.0,0.7315431912882097,-5.2841483114798,0.3711993318955424,,0,2025-01-20 15:26:00
1609,Client26,Autocall,NESN,BUY,780000.0,0.03384593392156555,2.692714816126887,0.4211099347006666,3.0362148304879435,0,2025-01-20 15:27:00
644,Client31,Autocall,MSFT,BUY,320000.0,0.5928192386752978,1.141813351243514,0.467975868546581,38.568038911786815,1,2025-01-20 15:27:00
1420,Client36,Autocall,AAPL,BUY,1230000.0,-2.254727985554215,1.3845698942099292,0.24237878822184084,9.981887848151239,1,2025-01-20 15:32:00
101,Client37,Autocall,TSLA,BUY,310000.0,-0.4297592777946431,1.7835244690847798,0.166396873869524,0.7745794042035625,1,2025-01-20 15:34:00
4641,Client28,Autocall,AAPL,BUY,270000.0,0.13333855968809089,-0.718205141165879,0.42812321630770717,3.62022743822612,0,2025-01-20 15:34:00
1573,Client14,Autocall,TSLA,SELL,2410000.0,1.9538417519654092,-1.499443543395638,0.2624901157653744,26.128877016751613,1,2025-01-20 15:41:00
3129,Client01,Autocall,TSLA,BUY,80000.0,1.5779321843977527,-1.9933786045105761,0.4107784372965228,10.636480229140272,1,2025-01-20 15:44:00
239,Client07,Autocall,AAPL,SELL,660000.0,-2.092214114638674,-3.7481864813496317,0.3469118340169763,47.56981670857513,1,2025-01-20 15:46:00
2944,Client10,Reverse Convertible,NVDA,SELL,910000.0,0.23628849255346135,1.2280783545247314,0.3550981173319552,,0,2025-01-20 15:49:00
3665,Client15,Autocall,NVDA,BUY,760000.0,0.9445053753816012,1.8421273632913033,0.16747705629780515,4.74044437885669,0,2025-01-20 15:50:00
1909,Client12,Autocall,AAPL,BUY,710000.0,0.8959076235060066,0.6169850900259277,0.5246962231515148,31.470207960341718,0,2025-01-20 15:52:00
1497,Client16,Autocall,SMI,BUY,660000.0,0.7761222661128985,-1.052882623134456,0.27417797635533897,29.32067008587947,0,2025-01-20 15:53:00
3679,Client33,Autocall,NESN,SELL,120000.0,-0.3606838075063638,1.5440382018197267,0.7216113671339367,16.165925991180192,0,2025-01-20 15:56:00
2647,Client35,Bonus Certificate,SPX,BUY,280000.0,0.7834349218966552,3.2578305530557317,0.23386527401869894,13.141599313264718,0,2025-01-20 16:05:00
4742,Client32,Bonus Certificate,NVDA,BUY,640000.0,-2.426953448854255,-0.36123885643016884,0.42334936670272993,9.850177392788979,0,2025-01-20 16:07:00
938,Client20,Autocall,SMI,SELL,440000.0,0.46464867466618753,0.4239083767801455,0.11813656227814134,7.072377251823947,0,2025-01-20 16:12:00
1897,Client02,Barrier Reverse Convertible,SPX,BUY,990000.0,-0.8695133907395268,-1.3240911006426594,1.0852329592723098,6.662051128054813,0,2025-01-20 16:14:00
4805,Client01,Autocall,AAPL,BUY,190000.0,1.6316721564872194,-0.7431808227428572,0.44637515306990305,38.2017467732285,1,2025-01-20 16:15:00
522,Client18,Autocall,NVDA,BUY,1450000.0,2.6240072794751823,-5.024355540027605,0.3572398970197091,3.483770945543907,1,2025-01-20 16:20:00
344,Client05,Barrier Reverse Convertible,NESN,BUY,1080000.0,0.05568251740717813,-3.681934309096953,0.6309300730273978,21.039883536082414,1,2025-01-20 16:22:00
207,Client31,Reverse Convertible,NVDA,BUY,1830000.0,1.2110264900502121,1.1105719725041037,0.2933289830818192,,0,2025-01-20 16:22:00
4305,Client27,Autocall,NVDA,BUY,470000.0,1.8167787988622621,10.086043354346494,0.3961620028738273,31.115117929709307,1,2025-01-20 16:22:00
1685,Client35,Bonus Certificate,AAPL,SELL,270000.0,-2.433572255845089,-1.5708666295315985,0.6017800195287749,22.531841908115403,0,2025-01-20 16:25:00
3669,Client14,Autocall,AMZN,BUY,1700000.0,0.9061562179816486,1.071059596252915,0.6789398271876534,28.245558525780073,0,2025-01-20 16:32:00
557,Client25,Autocall,SMI,BUY,2070000.0,-1.5123032931458769,-4.272292366940278,0.4243322951495539,12.590765546542986,1,2025-01-20 16:36:00
503,Client35,Autocall,AAPL,BUY,340000.0,0.1494331848675902,-2.7486526673179785,1.085850577170563,0.9532747162213862,0,2025-01-20 16:46:00
746,Client33,Barrier Reverse Convertible,TSLA,BUY,230000.0,0.6187309258763692,1.0523290154368785,0.22250811340185472,12.892744193716387,1,2025-01-20 16:48:00
23,Client15,Autocall,NVDA,BUY,4790000.0,3.4111531595975593,0.9643876789600634,0.20193127062199415,23.734706843778348,1,2025-01-20 16:50:00
3270,Client05,Autocall,AMZN,BUY,510000.0,0.6185301920751758,-2.689507681154932,0.1926960420903233,17.218219155792823,1,2025-01-20 16:51:00
4506,Client12,Bonus Certificate,MSFT,BUY,1340000.0,-1.113811610751961,-0.7697977869820405,0.44810478214338806,37.38216566337131,1,2025-01-20 17:01:00
2339,Client04,Autocall,NESN,BUY,200000.0,-1.6544465500200962,-0.9504186134110107,0.2323582511816005,1.1294171107911977,0,2025-01-20 17:01:00
720,Client28,Autocall,AAPL,BUY,400000.0,-0.7674608469767084,4.01980489954615,0.7695921732116707,21.46062876020791,0,2025-01-20 17:03:00
288,Client18,Reverse Convertible,NESN,SELL,560000.0,1.2543195661189521,3.623347973882524,0.3695114680816887,,0,2025-01-20 17:04:00
2403,Client28,Reverse Convertible,AMZN,BUY,610000.0,-0.11120470753756831,3.4771376857565546,0.23957920350982104,,1,2025-01-20 17:07:00
53,Client10,Autocall,SMI,SELL,1270000.0,3.2375951114995765,0.8356353473932726,0.47125768436614857,33.92589105160368,0,2025-01-20 17:07:00
4737,Client07,Autocall,SMI,BUY,850000.0,2.391463554237673,1.2748610727292864,0.16729159923014658,5.5051717878152555,1,2025-01-20 17:13:00
2213,Client01,Autocall,TSLA,SELL,230000.0,-1.369866167929345,5.902088174059379,0.20097302530859265,6.658978032984492,0,2025-01-20 17:16:00
4872,Client35,Autocall,SMI,BUY,360000.0,1.0206784084881901,-6.292087681202773,0.8590816551145888,2.1282927727226566,0,2025-01-20 17:17:00
4011,Client33,Autocall,AAPL,BUY,110000.0,-0.6999186735012967,-0.888131113533412,0.2491118873431496,24.387853376271305,1,2025-01-20 17:18:00
691,Client20,Autocall,TSLA,BUY,510000.0,-2.007283995749261,-0.6518883917239378,0.4199742236286832,41.61721463126349,1,2025-01-20 17:22:00
599,Client24,Autocall,NESN,SELL,1470000.0,-1.0184181730760282,1.1518995662375004,0.2872461104809256,49.9348570627889,1,2025-01-20 17:22:00
422,Client22,Autocall,TSLA,SELL,580000.0,-0.16830420262129284,-1.7178347211625873,0.5356659746383831,29.691952316555547,0,2025-01-20 17:28:00
606,Client32,Autocall,NVDA,SELL,560000.0,2.5675144346381176,1.385122446281163,0.2108511481528992,37.90150531882202,1,2025-01-20 17:29:00
3240,Client26,Autocall,SMI,BUY,850000.0,3.1748769039184617,-5.115599367848734,0.4944360524523843,27.69995757488263,0,2025-01-20 17:34:00
1481,Client35,Bonus Certificate,SPX,BUY,740000.0,-0.11492017420456088,-1.955286597526865,0.18421918028680548,49.757123002117,0,2025-01-20 17:35:00
628,Client15,Reverse Convertible,NVDA,BUY,990000.0,0.6132188132614861,-0.500139565888323,0.16758584524502704,,1,2025-01-20 17:36:00
4100,Client15,Autocall,SMI,BUY,1600000.0,-2.0359509215480074,1.2192340273144908,0.2223034553155122,37.276082699018495,0,2025-01-20 17:37:00
4670,Client35,Autocall,AAPL,BUY,410000.0,1.7151280838882452,0.1994291382990882,0.4955798569974168,41.10045592353887,0,2025-01-20 17:39:00
3446,Client16,Autocall,MSFT,BUY,370000.0,-1.2526654962942463,-2.4836029700091626,0.6447636418182957,13.55762531257636,0,2025-01-20 17:40:00
4977,Client14,Autocall,NVDA,SELL,2760000.0,1.1678778536354395,-3.4926497491520316,0.5578461942029442,40.98855893161417,0,2025-01-20 17:43:00
2763,Client11,Autocall,AAPL,BUY,510000.0,-3.249288065085641,1.1110103186062537,0.4831962470248461,37.21315772269529,1,2025-01-20 17:43:00
3876,Client04,Autocall,SMI,BUY,520000.0,0.7715152341904716,0.1182067086702987,1.1749469151315695,19.586289436633557,0,2025-01-20 17:45:00
1970,Client32,Autocall,TSLA,SELL,1140000.0,-0.754910409121985,-2.9168807341077274,0.5841152049372278,26.847522926330868,0,2025-01-20 17:49:00
3135,Client30,Barrier Reverse Convertible,NVDA,SELL,530000.0,-3.1175749023986965,2.853608902903804,0.6779534323386199,27.85583404129084,0,2025-01-20 17:52:00
792,Client16,Autocall,AAPL,BUY,540000.0,-1.590157878580267,0.8626889677818859,0.7740249183902794,46.14628945740786,1,2025-01-20 17:55:00
2090,Client07,Tracker,NESN,SELL,360000.0,-0.535290137430976,-1.933926831874507,0.4433087683622063,,1,2025-01-20 17:57:00
1344,Client28,Autocall,AMZN,SELL,620000.0,-0.8820052742027091,-4.252144262970763,0.23592687456075834,2.5561836375834424,1,2025-01-21 08:01:00
375,Client14,Tracker,TSLA,SELL,1640000.0,-1.557340360405252,-5.223832925431831,0.31508390634824346,,1,2025-01-21 08:02:00
3511,Client32,Barrier Reverse Convertible,SPX,BUY,190000.0,-0.3559326751836976,-3.3592917737180086,0.2980000049631417,43.32569715039588,1,2025-01-21 08:10:00
2973,Client35,Autocall,AMZN,SELL,260000.0,-0.6262407710093781,-1.0325054476530813,0.38013156247989627,47.89396593025745,0,2025-01-21 08:10:00
366,Client26,Autocall,NVDA,BUY,570000.0,-0.013685007633147209,-0.9610158923338986,0.10712413345397677,34.087652917606306,0,2025-01-21 08:14:00
2686,Client04,Autocall,MSFT,BUY,410000.0,-3.4296690092077937,2.0663000451248963,0.3274762274237456,31.863943845359298,1,2025-01-21 08:15:00
2911,Client28,Bonus Certificate,MSFT,SELL,470000.0,0.42245412569667196,2.947428931278136,0.4548370989948867,34.16787130513684,0,2025-01-21 08:23:00
33,Client06,Autocall,SMI,BUY,580000.0,-1.9763999436252717,-0.6586469861151318,0.6475919076266072,33.62852224054082,0,2025-01-21 08:23:00
4909,Client21,Autocall,MSFT,SELL,200000.0,0.07653971701329089,1.0804381872063724,0.30410541336296193,41.66304748428655,0,2025-01-21 08:23:00
3563,Client18,Autocall,AAPL,SELL,710000.0,1.1159091251326676,2.350189516815048,0.9089110117600883,40.725510429486825,1,2025-01-21 08:26:00
1308,Client05,Barrier Reverse Convertible,SPX,SELL,1070000.0,4.40286211033885,-0.509662759694486,0.5145130262376877,10.25474851153177,0,2025-01-21 08:32:00
2191,Client11,Tracker,TSLA,BUY,260000.0,-4.0830601558788855,-1.4741834895516421,0.07913783267677298,,1,2025-01-21 08:32:00
1021,Client09,Autocall,NESN,BUY,300000.0,-0.8048296361267874,-2.3392720567659406,0.24053770901505636,17.851984650833515,0,2025-01-21 08:33:00
4207,Client10,Autocall,NVDA,BUY,1220000.0,-1.8911701388363755,2.8000928583978775,0.7554943007362678,31.510254341106897,0,2025-01-21 08:36:00
1119,Client26,Bonus Certificate,SPX,SELL,660000.0,0.3807054040688907,-0.7609150156435858,0.8731493620682831,40.174533531005075,0,2025-01-21 08:39:00
2020,Client16,Barrier Reverse Convertible,NESN,BUY,770000.0,2.9106855848151483,-3.0228016761008494,0.7444167883998919,39.43814900057224,0,2025-01-21 08:41:00
840,Client06,Autocall,AAPL,SELL,2820000.0,1.2510572341196964,1.627273096442209,0.5054524924645699,12.636173602426043,0,2025-01-21 08:47:00
4459,Client37,Autocall,SMI,SELL,520000.0,3.901578243090513,1.0668876968641465,0.5417514250891936,26.019719637603604,1,2025-01-21 08:48:00
1476,Client05,Tracker,NESN,SELL,650000.0,-1.9438034991324855,7.2078754651756185,0.2858962458900787,,0,2025-01-21 08:50:00
1290,Client08,Autocall,AMZN,SELL,570000.0,0.2816317876210545,-1.3082980633781318,0.36415658090429376,8.839807648788389,0,2025-01-21 08:53:00
809,Client25,Barrier Reverse Convertible,NESN,SELL,230000.0,0.631635478028453,3.787768778657144,0.22976630146999666,19.437622922006458,1,2025-01-21 08:56:00
3478,Client31,Autocall,AMZN,SELL,420000.0,2.157155425921517,1.9826771009409725,0.22909569296082993,7.5109997983187515,1,2025-01-21 08:57:00
2868,Client28,Reverse Convertible,NESN,SELL,310000.0,-1.07932461988276,4.231328150270434,0.3444017259829628,,0,2025-01-21 08:59:00
1393,Client20,Autocall,TSLA,SELL,940000.0,-1.5424285840330767,1.1668265495694738,0.4244612823218721,3.663256318684277,0,2025-01-21 09:02:00
4099,Client02,Autocall,MSFT,BUY,1150000.0,-0.5476128989209993,-4.5202231403753945,0.620307153104245,9.704244571255384,0,2025-01-21 09:02:00
732,Client13,Autocall,NESN,SELL,130000.0,-0.8242091432630725,1.1742076023562475,0.5839108687959973,0.6964153687379127,0,2025-01-21 09:05:00
631,Client10,Autocall,SPX,BUY,750000.0,1.679697338365972,-1.4586484461380187,0.34482332929670184,11.597486548296743,0,2025-01-21 09:12:00
2608,Client02,Barrier Reverse Convertible,SMI,SELL,1290000.0,0.02014451034312295,5.2541053539892335,0.4276555924958394,38.49483426331024,1,2025-01-21 09:12:00
4079,Client32,Autocall,MSFT,SELL,640000.0,-2.580803890005112,-4.781511244289041,0.31986277242263517,46.090382480490774,0,2025-01-21 09:13:00
1149,Client21,Tracker,NESN,BUY,120000.0,-2.100394525560897,2.8010622853484684,0.6876948716809881,,0,2025-01-21 09:13:00
1489,Client29,Autocall,NVDA,BUY,1070000.0,0.6598951342050687,4.020588975883734,0.7354813834032918,3.214932235168871,0,2025-01-21 09:14:00
297,Client25,Autocall,AAPL,SELL,1320000.0,-1.0782737838113499,-1.6356318061616755,1.1263456925607704,35.70195481996541,1,2025-01-21 09:15:00
2544,Client36,Autocall,AAPL,SELL,800000.0,3.2325818191022964,-1.3288868002492977,0.17280437614230423,37.082795400092685,1,2025-01-21 09:17:00
1801,Client15,Barrier Reverse Convertible,AMZN,BUY,2260000.0,-2.4323310831958933,0.07096323872088117,0.44657667490192743,46.98450479834997,0,2025-01-21 09:26:00
3320,Client22,Autocall,AAPL,SELL,1690000.0,1.0768849859903302,-2.2666408654282293,1.2957106869727277,29.83959318411945,0,2025-01-21 09:28:00
2891,Client18,Autocall,NESN,SELL,2380000.0,-2.0645063810384374,3.6680289261934163,0.400098105857374,43.99555490936282,0,2025-01-21 09:30:00
1443,Client11,Autocall,TSLA,BUY,510000.0,2.0532474654536466,-1.252439886272661,0.25238748335707506,25.596828835332563,0,2025-01-21 09:35:00
2992,Client15,Autocall,SPX,SELL,1360000.0,-4.890792216279648,0.7562235754620283,0.7149311209931503,36.21042128347007,0,2025-01-21 09:37:00
795,Client31,Reverse Convertible,NESN,BUY,270000.0,-3.17049592818232,4.968789741009479,0.13471144625459347,,0,2025-01-21 09:40:00
4241,Client02,Autocall,NVDA,BUY,2140000.0,-0.9222140142671474,0.9930098626829829,0.89318974367934,0.7417728984576488,0,2025-01-21 09:43:00
3586,Client22,Autocall,NESN,SELL,560000.0,0.2657674855768552,-3.598162606770993,0.7532888252364625,39.13402672063631,1,2025-01-21 09:45:00
4884,Client26,Autocall,AAPL,SELL,230000.0,-0.5391034976053851,-4.128245991055021,0.18489034580884306,27.232274292760327,0,2025-01-21 09:48:00
1109,Client25,Autocall,AAPL,SELL,680000.0,-0.796588388796838,0.5856159857371419,1.1426863942708443,42.273211121714844,0,2025-01-21 09:49:00
147,Client40,Bonus Certificate,AAPL,BUY,960000.0,-2.08533380159293,8.242404072704453,0.4150325782970124,4.755639550433532,0,2025-01-21 09:52:00
1000,Client22,Autocall,AMZN,BUY,720000.0,1.4676324282746536,0.5729682758319407,0.34940506144952227,30.425231368132778,0,2025-01-21 09:56:00
74,Client25,Barrier Reverse Convertible,SPX,SELL,540000.0,0.8487236450035028,-0.3429544642420449,0.6243152038724534,29.567566716715575,0,2025-01-21 10:00:00
4379,Client36,Reverse Convertible,TSLA,BUY,930000.0,2.0983462416135694,-0.5226927013082503,0.30486923246563863,,0,2025-01-21 10:01:00
3945,Client22,Autocall,AAPL,SELL,340000.0,0.5612187019028544,0.52767820783108,0.4374840930438104,42.19757671324537,0,2025-01-21 10:04:00
3179,Client38,Bonus Certificate,AAPL,SELL,430000.0,-1.498756692385999,1.4024926985701596,0.24207911626811066,9.39378209403079,0,2025-01-21 10:08:00
296,Client40,Autocall,NESN,BUY,740000.0,3.8549236379535397,1.2770056177191869,0.47254956767605594,44.658929114811,0,2025-01-21 10:09:00
3824,Client34,Autocall,AMZN,SELL,200000.0,-2.050400813881334,-2.9168648010339124,0.09853164776292057,16.733618362765224,1,2025-01-21 10:09:00
2803,Client08,Autocall,AAPL,SELL,160000.0,3.9612999682806773,-0.6121720994052475,0.5031862390866204,8.768979081581868,0,2025-01-21 10:10:00
3310,Client11,Autocall,NVDA,SELL,1170000.0,-2.334610251672547,-0.35072943090136843,0.32010300266449354,14.027271085391657,1,2025-01-21 10:14:00
2630,Client05,Barrier Reverse Convertible,AAPL,SELL,860000.0,-2.973794044854109,-0.7992133131491252,0.32049308951218586,1.033962123172688,1,2025-01-21 10:14:00
2365,Client32,Barrier Reverse Convertible,TSLA,BUY,560000.0,0.004671146533070447,-1.3021732536525066,0.6050550711304559,18.88505192239408,1,2025-01-21 10:17:00
2512,Client22,Autocall,TSLA,SELL,690000.0,-3.725885591849197,0.6094487980748735,0.23269511506527377,7.442006372944715,0,2025-01-21 10:19:00
3244,Client17,Bonus Certificate,TSLA,SELL,1030000.0,0.3603899152984392,-2.173389924305862,0.18874820266845152,44.893237670349336,1,2025-01-21 10:19:00
1104,Client25,Autocall,MSFT,BUY,1010000.0,-3.0440208162711806,2.9024758782838274,0.3094864370113374,27.254824026836356,0,2025-01-21 10:20:00
630,Client15,Autocall,SPX,SELL,2170000.0,1.530944977398403,-0.14989040540384652,1.3510493181862728,15.67713910137083,0,2025-01-21 10:22:00
4504,Client18,Autocall,MSFT,SELL,2080000.0,-0.8015088157294831,-4.917675208667713,0.5217836462486666,30.82920043631568,0,2025-01-21 10:26:00
3168,Client28,Autocall,AAPL,SELL,190000.0,-4.476714947891871,1.66322718623061,0.48201295854860415,18.091957869009445,1,2025-01-21 10:29:00
3927,Client04,Autocall,MSFT,BUY,260000.0,1.888868186518109,1.6847139000096885,0.3357891540009638,16.462360158412654,0,2025-01-21 10:36:00
3137,Client15,Tracker,MSFT,BUY,1140000.0,-0.45116525839698585,3.117014032837427,0.3573383143781479,,0,2025-01-21 10:38:00
943,Client09,Autocall,TSLA,SELL,500000.0,0.3720499047295938,0.318687745545316,0.5649210252883734,39.289209253345966,0,2025-01-21 10:39:00
3024,Client25,Autocall,MSFT,SELL,890000.0,1.691781927633389,-3.799696880548571,0.3071841697028179,44.17599786652215,0,2025-01-21 10:41:00
3008,Client05,Autocall,NESN,BUY,350000.0,-0.2170437931308398,-0.32223165172124385,0.5728964622137768,40.75588570465079,0,2025-01-21 10:44:00
1461,Client15,Reverse Convertible,SPX,BUY,3990000.0,0.5933377680034679,0.3815755613164199,0.5808354726809726,,1,2025-01-21 10:45:00
723,Client08,Barrier Reverse Convertible,TSLA,BUY,870000.0,0.23703895671582215,1.695957844642789,0.7345373933532936,1.1544959463646254,1,2025-01-21 10:46:00
3457,Client37,Autocall,MSFT,BUY,560000.0,3.1634909107777704,0.8716144793706324,0.5314971236963093,4.305851052737158,0,2025-01-21 10:49:00
1141,Client35,Autocall,TSLA,BUY,230000.0,-0.0821456932483226,2.49208099207711,0.4701279116260265,19.17732057854376,0,2025-01-21 10:50:00
3380,Client10,Autocall,TSLA,SELL,740000.0,2.330499875158059,6.441485300275087,0.3801208464256722,35.31789668865347,0,2025-01-21 10:58:00
1830,Client28,Autocall,AAPL,SELL,670000.0,0.8224780848745633,0.06202699043829362,0.19672503504629774,33.52011661910171,1,2025-01-21 10:59:00
1721,Client12,Autocall,NESN,BUY,610000.0,-0.3036204505986447,-0.6958187124316035,0.564163725485263,14.198864522323557,1,2025-01-21 10:59:00
3616,Client09,Reverse Convertible,NESN,SELL,660000.0,-1.309806708871895,-2.923549395018513,0.1931213219379318,,0,2025-01-21 11:00:00
3707,Client38,Autocall,SPX,BUY,590000.0,1.7583976102601562,-2.6924517223951816,0.24659468847551055,17.196883341936196,1,2025-01-21 11:02:00
2115,Client37,Autocall,AAPL,BUY,440000.0,2.1537822621419282,-1.4898996073534494,0.4100963298194573,29.03455600442194,1,2025-01-21 11:15:00
3001,Client30,Autocall,MSFT,BUY,280000.0,-0.5704862431311971,2.105937391058256,0.21151521752785754,24.683144306979486,1,2025-01-21 11:16:00
3269,Client31,Tracker,MSFT,SELL,150000.0,-4.028732903826076,1.9542955946903016,0.33521178269718205,,1,2025-01-21 11:17:00
1682,Client07,Autocall,TSLA,SELL,990000.0,-2.114320706089841,-1.3999222547814394,0.5281596389585291,9.847739171849229,1,2025-01-21 11:18:00
148,Client32,Autocall,MSFT,BUY,360000.0,-0.855402843068934,0.8653608673832367,0.43816011950434874,33.22605541107673,1,2025-01-21 11:19:00
1838,Client15,Autocall,AAPL,SELL,1150000.0,2.1586561424445034,2.959247807722815,0.15536886647695772,16.447598588283796,1,2025-01-21 11:19:00
640,Client16,Autocall,TSLA,SELL,690000.0,-1.684080104833894,3.469310582685659,0.40143922669486387,28.74120108426065,0,2025-01-21 11:28:00
4984,Client02,Autocall,TSLA,BUY,900000.0,0.44206954559387296,1.8749257191657618,0.21767511577127613,25.694647607510056,0,2025-01-21 11:29:00
2556,Client19,Reverse Convertible,NESN,BUY,450000.0,-0.45399727843198656,0.5452006295573059,0.29108499081245814,,0,2025-01-21 11:29:00
1667,Client34,Autocall,AMZN,SELL,410000.0,-0.39061517084151737,3.2828099583750308,0.27956042087672706,0.6494324346453251,0,2025-01-21 11:35:00
701,Client30,Autocall,NESN,SELL,740000.0,5.040683413753567,-1.2286980938158127,0.19200378738876997,2.9777711189281186,0,2025-01-21 11:36:00
882,Client37,Autocall,MSFT,SELL,410000.0,3.3743589627283086,0.42915911069794327,0.5420439912567688,23.556544211752744,1,2025-01-21 11:46:00
4937,Client32,Barrier Reverse Convertible,SMI,BUY,790000.0,2.5751065913750786,-2.8277092542548923,0.5387573822692001,45.930888084182875,0,2025-01-21 11:50:00
1684,Client31,Tracker,AMZN,BUY,400000.0,2.775185766907564,1.3958124405393906,1.5658138810367184,,0,2025-01-21 11:51:00
3664,Client01,Barrier Reverse Convertible,NESN,BUY,90000.0,1.752797032175092,3.111015033170885,0.19345311289614306,28.714010045518272,1,2025-01-21 11:51:00
4157,Client25,Reverse Convertible,AAPL,SELL,1100000.0,0.6635076942895131,2.0353436123503736,0.5138330073783614,,0,2025-01-21 11:58:00
3603,Client25,Barrier Reverse Convertible,SPX,SELL,1580000.0,-0.30401822710730425,1.4892811364121286,0.5910947175998236,32.6870399980674,0,2025-01-21 12:01:00
2097,Client03,Tracker,TSLA,SELL,790000.0,0.6292353553953293,5.499530620830196,0.4851246314940277,,0,2025-01-21 12:01:00
2765,Client03,Barrier Reverse Convertible,NESN,SELL,790000.0,0.08466968784582415,-1.2409489650768215,0.5082048419468063,14.866663619648879,1,2025-01-21 12:01:00
4874,Client31,Autocall,AAPL,SELL,350000.0,1.5130006109146448,-0.14882433321495886,0.33129996557725194,19.526294330225692,0,2025-01-21 12:03:00
1426,Client22,Bonus Certificate,AAPL,SELL,2510000.0,-1.0722445852410938,-1.416392006936062,0.4286005999692582,38.09666930059442,0,2025-01-21 12:04:00
2894,Client39,Barrier Reverse Convertible,NESN,BUY,190000.0,2.644669115737094,-5.244462160765476,0.6084731062549149,40.95955897218177,1,2025-01-21 12:23:00
528,Client32,Autocall,AAPL,SELL,480000.0,2.362130083894478,3.197698585087942,0.16147091773101976,3.130053190949522,1,2025-01-21 12:25:00
2426,Client40,Autocall,NVDA,SELL,390000.0,-3.382051656305764,-2.7551165729505493,0.5505923034340104,8.03433460255712,0,2025-01-21 12:26:00
2535,Client05,Barrier Reverse Convertible,NESN,SELL,420000.0,0.32897667398678937,1.930045570948999,0.5433418633599167,10.152088899957977,1,2025-01-21 12:29:00
1958,Client26,Autocall,NESN,BUY,530000.0,-0.1358200155644327,0.4209476126320248,0.31033322309770844,35.371648847348254,0,2025-01-21 12:36:00
579,Client03,Autocall,SPX,BUY,650000.0,-2.268924138730004,-4.318238613821764,0.7468232657188214,5.499496626187817,1,2025-01-21 12:42:00
2058,Client02,Barrier Reverse Convertible,SMI,SELL,670000.0,-0.12820784220466067,-4.882891709613394,1.1206712921446798,20.23187836771744,0,2025-01-21 12:43:00
779,Client31,Tracker,SPX,BUY,540000.0,2.9456342851101676,0.6319857129040902,0.2643029981378839,,1,2025-01-21 12:45:00
2131,Client02,Autocall,AMZN,SELL,870000.0,1.59762540099202,-3.3397290245398326,0.4557411177402056,38.98223774742688,1,2025-01-21 12:47:00
1120,Client37,Autocall,AAPL,BUY,200000.0,1.6582426895486146,0.1819997159981894,0.3151822454444306,12.118943130664505,1,2025-01-21 12:56:00
2150,Client33,Autocall,TSLA,BUY,100000.0,0.6280356637730596,-1.1677613551511905,0.24289821647875431,16.883563181315875,0,2025-01-21 13:02:00
4313,Client35,Tracker,TSLA,BUY,620000.0,3.882987302077737,3.041225013464458,0.3252490059590411,,0,2025-01-21 13:10:00
2450,Client07,Autocall,NESN,SELL,210000.0,-1.9511056337171708,1.7341556331088586,0.5182777793827604,24.362763101614952,1,2025-01-21 13:12:00
1399,Client01,Barrier Reverse Convertible,AMZN,BUY,220000.0,2.077702573737487,-1.0743106417989294,0.42203252139672504,19.104695019280527,0,2025-01-21 13:16:00
3064,Client28,Autocall,NVDA,SELL,430000.0,-1.6295160928567793,-0.7015265405239526,0.2971737937471321,40.593498966011154,1,2025-01-21 13:17:00
2034,Client19,Autocall,MSFT,BUY,1080000.0,-1.5560596028544467,2.1664502494887814,0.4574111202796395,35.93567978366732,1,2025-01-21 13:20:00
2002,Client28,Autocall,AAPL,SELL,580000.0,-1.1550353002589409,3.4120276916632415,0.5073883961910188,36.12538021534733,0,2025-01-21 13:21:00
3645,Client34,Autocall,SMI,SELL,650000.0,1.3579643940988748,0.20247380846538637,0.6019798153733684,17.041787621160292,0,2025-01-21 13:23:00
1929,Client08,Autocall,TSLA,BUY,170000.0,-0.48869954184223874,1.2656370693823913,0.48444241303452745,26.919032288423768,1,2025-01-21 13:28:00
800,Client33,Autocall,AAPL,BUY,290000.0,0.07365813630488652,4.4445308295926385,0.6857613896672827,27.36706587814104,0,2025-01-21 13:33:00
2876,Client07,Tracker,MSFT,BUY,200000.0,0.9123317275968655,-3.0858206180838286,0.41231526802848445,,0,2025-01-21 13:46:00
3260,Client35,Autocall,NVDA,SELL,320000.0,-0.10286395217277709,2.9573047775045405,0.16555081269045116,2.8999586973769698,0,2025-01-21 13:47:00
374,Client25,Bonus Certificate,SPX,BUY,450000.0,-2.1608229002538675,3.254643909984114,0.7646041387664365,6.017707156680902,0,2025-01-21 13:49:00
3794,Client26,Barrier Reverse Convertible,NVDA,BUY,480000.0,1.0267435521043213,0.19199851386507188,0.235757598962404,39.79588507686406,1,2025-01-21 13:58:00
4672,Client25,Autocall,AAPL,SELL,350000.0,3.674353935522363,-0.3423372068765342,0.3141713462949388,43.575138814047605,0,2025-01-21 14:01:00
1799,Client02,Bonus Certificate,TSLA,BUY,810000.0,0.3759968139656218,-0.30333001275029825,0.7596307390493856,12.585839780574787,0,2025-01-21 14:04:00
3164,Client32,Autocall,NESN,BUY,220000.0,1.5894135132298057,0.16559817705692179,0.48180600299750187,3.4293731716110387,1,2025-01-21 14:06:00
1498,Client20,Autocall,NVDA,BUY,390000.0,-2.3216622892792933,-7.756637442440283,0.24413614687215263,42.5437408737029,1,2025-01-21 14:07:00
4889,Client16,Autocall,SMI,BUY,1760000.0,0.48700533249887096,0.8815021215765583,0.9184253465190759,13.77843617326221,0,2025-01-21 14:10:00
301,Client32,Reverse Convertible,SMI,BUY,360000.0,-2.362720454428888,1.025490238912916,0.44929560848788475,,0,2025-01-21 14:13:00
781,Client04,Bonus Certificate,AMZN,BUY,800000.0,-0.26557766832390417,-4.08852089388675,0.274697142237758,4.4353063453354045,1,2025-01-21 14:15:00
311,Client28,Barrier Reverse Convertible,AMZN,BUY,880000.0,-0.09960418072045694,1.386913570452342,0.3382085071587568,41.86483701567549,0,2025-01-21 14:18:00
2688,Client25,Barrier Reverse Convertible,AAPL,BUY,660000.0,0.7636465349393743,-3.036424007423064,0.3687909957703677,9.236119515530989,0,2025-01-21 14:19:00
4187,Client17,Autocall,SPX,BUY,680000.0,-1.214229517568057,0.4704524316697024,0.24554338907111012,23.78157191564021,1,2025-01-21 14:21:00
2783,Client31,Autocall,SMI,SELL,470000.0,2.267508089985986,2.454202501391356,0.32308301552280766,28.048704848755968,0,2025-01-21 14:28:00
105,Client32,Autocall,AAPL,BUY,650000.0,-3.341696230828497,1.664634972336751,0.341529185627861,12.495049414115329,1,2025-01-21 14:29:00
44,Client06,Bonus Certificate,AAPL,SELL,5000000.0,-2.400247777152974,0.6945474209141408,0.37093579568775814,2.90578396762145,1,2025-01-21 14:29:00
1437,Client31,Autocall,NESN,SELL,480000.0,1.8335083745755907,2.9102392707264397,0.41525856829761715,47.38493482550499,0,2025-01-21 14:30:00
3010,Client01,Bonus Certificate,MSFT,SELL,190000.0,-0.9549063567083398,0.5607851848257328,0.9704700818069674,49.158421806100925,0,2025-01-21 14:32:00
2695,Client40,Autocall,NESN,SELL,210000.0,0.22669277487550435,-7.691424898105478,0.5796565630970614,39.48720965707047,1,2025-01-21 14:32:00
3683,Client08,Barrier Reverse Convertible,MSFT,BUY,250000.0,-0.21824912125242033,2.2358395404274978,0.3986264056453532,36.39562887684866,1,2025-01-21 14:33:00
1924,Client22,Bonus Certificate,AAPL,BUY,570000.0,0.37156400840583553,-3.67801858298417,0.2805833022046128,34.29763652152531,0,2025-01-21 14:37:00
2913,Client04,Autocall,SPX,SELL,400000.0,-1.0454936091877602,0.7511899285356272,0.20921648039685456,34.28200346040657,0,2025-01-21 14:47:00
310,Client02,Autocall,SPX,BUY,860000.0,0.4033749828843531,-3.534454068169242,0.4869886423811602,33.72579151155514,1,2025-01-21 14:47:00
1986,Client20,Autocall,SMI,BUY,770000.0,0.9503153261812536,-7.6449634030553515,0.17506792513981684,40.41013260820024,0,2025-01-21 14:47:00
2151,Client35,Autocall,MSFT,BUY,290000.0,2.430327909680753,3.3865633088939324,0.2330811755427735,30.730379361179395,0,2025-01-21 14:55:00
2597,Client20,Autocall,NVDA,BUY,460000.0,1.336466676966771,-0.19875258245173605,0.3070936520963301,27.5669433143296,0,2025-01-21 14:55:00
3701,Client34,Tracker,SPX,SELL,740000.0,1.6095622586114797,-0.4619544791758825,0.5547608640630951,,0,2025-01-21 14:55:00
4006,Client03,Autocall,TSLA,SELL,830000.0,2.4307473883335535,5.389220567752709,0.3173622980818643,46.0847989586225,0,2025-01-21 14:56:00
911,Client32,Autocall,TSLA,BUY,1000000.0,5.908248925774467,-2.403035917787744,0.5041350758764731,16.513647824226773,0,2025-01-21 14:57:00
4589,Client26,Barrier Reverse Convertible,MSFT,SELL,250000.0,2.27796613090818,-3.818804147880446,0.41892202282103924,44.25150652657369,1,2025-01-21 15:00:00
3585,Client12,Autocall,AMZN,SELL,730000.0,1.4911354038363194,0.6181317864685465,0.4786089329120713,46.02811104314117,0,2025-01-21 15:01:00
351,Client05,Autocall,AAPL,SELL,340000.0,-0.3681746917469937,2.136547293185593,0.8471315267471462,25.926947549427503,1,2025-01-21 15:07:00
624,Client32,Barrier Reverse Convertible,SMI,SELL,650000.0,1.1752902753220518,-7.460116226111212,0.3072466745416871,43.4077505243278,0,2025-01-21 15:13:00
4715,Client21,Autocall,AMZN,BUY,220000.0,1.2789751628947228,-0.6768268528968836,0.32308375624741353,21.352821103735753,0,2025-01-21 15:13:00
119,Client25,Tracker,NVDA,SELL,850000.0,-2.3950714962368282,-2.7604993567357647,0.18405560537272037,,1,2025-01-21 15:15:00
3022,Client14,Reverse Convertible,SPX,BUY,430000.0,1.7018539248548326,-2.9271267467096576,0.8136759439610084,,0,2025-01-21 15:16:00
2275,Client25,Autocall,AAPL,SELL,1110000.0,0.5714228489002793,-0.014497440882794416,0.827683825726311,30.357421479094704,0,2025-01-21 15:19:00
4703,Client19,Autocall,SPX,BUY,720000.0,-4.3297474504814595,1.9799880491080586,0.33988813012930796,38.33111213694044,1,2025-01-21 15:20:00
3698,Client28,Autocall,SPX,SELL,780000.0,-2.7915278870688467,-1.4947015346536117,0.28431441943445757,11.708454228200782,0,2025-01-21 15:27:00
1055,Client10,Bonus Certificate,SPX,SELL,2280000.0,0.042796966044075534,-4.210503469577594,0.23822386835602533,41.495436013432254,0,2025-01-21 15:31:00
1871,Client02,Autocall,NVDA,SELL,310000.0,1.5708773926749668,0.20191717047265284,0.3978550842589543,42.803317900812516,0,2025-01-21 15:35:00
249,Client09,Autocall,NVDA,BUY,720000.0,3.1891956530713603,-1.4971489882968223,0.678559972050803,47.22136613239144,0,2025-01-21 15:37:00
3582,Client06,Autocall,NVDA,BUY,1450000.0,0.7889822876262881,1.4450039075653824,0.22082760621712078,11.986505957678128,0,2025-01-21 15:38:00
592,Client10,Autocall,NVDA,SELL,1500000.0,-1.1221649141627619,-2.8687236342574414,0.6169678654140931,32.608308535019134,0,2025-01-21 15:39:00
4211,Client34,Barrier Reverse Convertible,SPX,BUY,530000.0,-3.175704687957555,0.6331611861508899,0.3003153858401965,36.28110289558564,1,2025-01-21 15:41:00
2243,Client02,Reverse Convertible,AAPL,BUY,1580000.0,-1.611594522048394,3.3717454751608273,0.4393216693413143,,0,2025-01-21 15:46:00
4194,Client20,Autocall,MSFT,BUY,210000.0,-1.0268114181352321,1.1379491103919204,0.5659283610061772,16.972804424314564,0,2025-01-21 15:49:00
3789,Client22,Autocall,AAPL,SELL,420000.0,0.5738317861830087,2.2045524786634365,0.7288931292702957,5.214085511444461,0,2025-01-21 15:52:00
315,Client26,Reverse Convertible,TSLA,BUY,970000.0,-2.4847144408369437,-3.153762053681815,0.335740914854413,,0,2025-01-21 15:59:00
139,Client13,Autocall,NVDA,BUY,110000.0,3.127927684327842,0.8883745663460156,0.9145888692142881,27.192300926767604,1,2025-01-21 16:15:00
4487,Client18,Reverse Convertible,TSLA,SELL,850000.0,-0.8929591226362273,4.068621408303434,0.4548981914703056,,1,2025-01-21 16:16:00
4973,Client34,Autocall,AAPL,SELL,250000.0,0.13875514680117268,0.790123990205104,0.42638986682329816,20.24455165284373,1,2025-01-21 16:17:00
2712,Client40,Autocall,SPX,SELL,220000.0,0.1486673600653723,5.369748447765214,1.4162529459211295,44.16734037512812,1,2025-01-21 16:17:00
650,Client32,Autocall,AMZN,BUY,500000.0,-0.09172671390405103,-0.13173951781694054,0.8657150480903988,19.664262259707886,0,2025-01-21 16:22:00
2838,Client22,Reverse Convertible,AAPL,BUY,360000.0,-4.059415836755085,-2.1054668462837745,0.342032244721411,,0,2025-01-21 16:23:00
248,Client06,Barrier Reverse Convertible,SMI,SELL,3210000.0,0.7805121026943742,-8.39237652140308,0.7250472413460762,46.857005232491794,1,2025-01-21 16:27:00
4255,Client28,Autocall,NVDA,SELL,240000.0,-2.028820894282428,-2.5642040474458407,0.3985655253835222,8.863761627308497,0,2025-01-21 16:28:00
1103,Client17,Bonus Certificate,NVDA,BUY,430000.0,1.8234144263197876,6.435332865639912,0.2987327399378757,15.109756442787464,1,2025-01-21 16:31:00
4343,Client25,Autocall,AMZN,SELL,440000.0,1.7391991740992228,1.3312182147518878,0.40517875423121236,17.25215421316198,1,2025-01-21 16:32:00
3959,Client09,Autocall,NESN,BUY,260000.0,4.579046150746994,-0.19186017954597012,0.07181184149526097,17.834196601884855,1,2025-01-21 16:32:00
1530,Client28,Tracker,NESN,SELL,680000.0,-0.3518236204176718,0.6926244981819413,0.5229237948968444,,0,2025-01-21 16:32:00
72,Client25,Barrier Reverse Convertible,SPX,SELL,430000.0,2.1033189664735805,-2.8119661015270383,0.7333070313529338,28.317422312308533,0,2025-01-21 16:35:00
1438,Client35,Autocall,SMI,BUY,680000.0,-2.0990850730316346,1.4513512931443138,0.21509952597596638,24.14812405983905,0,2025-01-21 16:39:00
1562,Client01,Bonus Certificate,SPX,SELL,110000.0,0.15411861102907043,-2.114467549163348,0.3849170078937928,28.25114004973543,0,2025-01-21 16:43:00
4806,Client25,Autocall,MSFT,SELL,770000.0,-0.15755946291739845,6.658770649211222,0.243939500605634,11.067040202115514,1,2025-01-21 16:45:00
3402,Client29,Reverse Convertible,SPX,BUY,820000.0,0.2960328477723454,2.9302493479128864,0.6324920904053793,,0,2025-01-21 16:52:00
1632,Client03,Autocall,AAPL,BUY,500000.0,4.64184773351747,0.04626679749734303,0.27046316238483753,41.39981660473308,0,2025-01-21 16:53:00
1003,Client23,Autocall,NVDA,BUY,810000.0,-2.833827678327996,1.988292977350441,0.18450176493549011,35.27374873003847,1,2025-01-21 16:57:00
220,Client34,Autocall,NVDA,BUY,250000.0,1.7190670759855708,-2.733265437086289,0.4134148959175518,13.14009024846931,1,2025-01-21 16:58:00
525,Client01,Autocall,MSFT,SELL,70000.0,1.0192829152177243,-2.1962199370433737,0.4372549096011356,27.953328467544804,0,2025-01-21 16:59:00
705,Client22,Autocall,SMI,BUY,690000.0,-2.343313682063998,-3.026728881069439,0.2576527236460122,16.94221385167889,1,2025-01-21 17:01:00
1855,Client11,Bonus Certificate,SPX,BUY,380000.0,0.9751772576665703,0.7996075224126418,0.505921815366115,32.291353634669385,0,2025-01-21 17:04:00
3564,Client01,Autocall,AMZN,SELL,60000.0,-0.017231606858832037,1.762817834598547,0.3069704181221067,2.541054461159098,1,2025-01-21 17:14:00
3337,Client38,Tracker,MSFT,BUY,200000.0,-1.807920714088197,5.187967440215305,0.21591361492863984,,1,2025-01-21 17:16:00
3974,Client02,Autocall,AMZN,SELL,440000.0,-0.3217469177416279,-0.9396811248590962,0.5098067076328509,38.4360924775068,0,2025-01-21 17:17:00
4215,Client24,Barrier Reverse Convertible,AAPL,BUY,1040000.0,-1.7250272904000832,-0.3472157714587012,0.3990426913060332,11.857792021296627,1,2025-01-21 17:20:00
901,Client36,Autocall,TSLA,SELL,730000.0,-0.3374550311968008,0.7098151455057482,0.3708370043371819,9.08542912323228,1,2025-01-21 17:26:00
1337,Client04,Autocall,AAPL,BUY,500000.0,-0.38641475831283006,9.184070531966402,0.29967589845140297,12.433600652953253,1,2025-01-21 17:31:00
448,Client16,Autocall,SPX,BUY,1730000.0,3.958001959439705,0.8180838291016864,0.2904204995994963,42.06325786541192,0,2025-01-21 17:34:00
1056,Client28,Autocall,TSLA,SELL,120000.0,3.032156019949554,-6.827689722621699,0.2123568082191888,33.372112565697755,0,2025-01-21 17:34:00
4029,Client03,Autocall,AAPL,BUY,590000.0,1.6521219956837037,2.2152748098987716,0.18060618901990674,35.348586699892344,0,2025-01-21 17:35:00
2342,Client30,Barrier Reverse Convertible,MSFT,BUY,520000.0,1.7873452476234035,-5.4512280411894,0.3919503164119669,42.97232999724261,1,2025-01-21 17:37:00
3682,Client13,Reverse Convertible,NVDA,SELL,150000.0,1.8948679699667157,2.333962169154709,0.46973256319629136,,1,2025-01-21 17:43:00
2788,Client11,Barrier Reverse Convertible,NESN,BUY,630000.0,-1.9096847473736878,-1.9938196647446111,0.16797649412266416,11.326475236046734,0,2025-01-21 17:44:00
3029,Client13,Autocall,NESN,SELL,100000.0,0.4248774642372643,2.117957838480921,0.3135759572107178,17.967653676337314,0,2025-01-21 17:45:00
2767,Client14,Autocall,NESN,BUY,1010000.0,0.5325217341096682,1.9274998597602813,0.3667273369897008,15.077146420170562,1,2025-01-21 17:45:00
1939,Client19,Autocall,NVDA,BUY,520000.0,0.5698239998326593,-1.3642955592824222,0.49364932499272524,32.683583502765245,1,2025-01-21 17:47:00
392,Client22,Autocall,SPX,BUY,460000.0,0.861566683396687,5.948837358923867,0.4869833879504814,38.82418414228146,1,2025-01-21 17:55:00
4088,Client23,Barrier Reverse Convertible,AAPL,BUY,140000.0,0.4378961467411685,-0.46745491040608766,0.4203078981878526,8.390745717615594,1,2025-01-21 17:56:00
4033,Client02,Autocall,NESN,SELL,1110000.0,2.8922402026965863,-4.196270079361634,0.41050080572536424,25.4144527564937,1,2025-01-21 17:57:00
797,Client16,Tracker,TSLA,SELL,540000.0,-1.935944289061028,-0.8182666139516672,0.4863292927864427,,1,2025-01-22 08:01:00
2758,Client22,Reverse Convertible,AMZN,BUY,880000.0,3.999905293674729,-2.880526805005637,0.38210935608164465,,1,2025-01-22 08:02:00
653,Client31,Autocall,SPX,BUY,500000.0,-2.4313151898859244,-2.9431184869154965,0.3827021990422931,17.23669154928342,1,2025-01-22 08:07:00
3300,Client05,Tracker,NESN,SELL,780000.0,0.8259722692936751,1.5608459813007949,0.25483615477428045,,1,2025-01-22 08:09:00
2198,Client05,Barrier Reverse Convertible,NESN,SELL,1060000.0,-3.4866303220418398,3.3504396373956133,0.203345773425276,42.69627615820375,1,2025-01-22 08:12:00
4447,Client01,Autocall,SPX,SELL,110000.0,0.40471243439944316,-4.778041306541094,0.5639185219265377,0.789820889471976,0,2025-01-22 08:13:00
2550,Client32,Autocall,SPX,BUY,640000.0,-1.2670108135163063,-2.5159231003864573,0.19249428680931238,32.30732127152531,0,2025-01-22 08:15:00
2808,Client11,Reverse Convertible,SPX,BUY,500000.0,2.0829517586718462,0.8100096142965318,0.5344109620298816,,0,2025-01-22 08:20:00
897,Client11,Autocall,AMZN,BUY,330000.0,-0.7726128157048362,0.2064551174143302,0.10987433929783487,34.19430614862631,0,2025-01-22 08:20:00
692,Client34,Barrier Reverse Convertible,MSFT,BUY,140000.0,-2.033929499562831,0.6856786830006006,0.3189295443170089,10.101601458148169,1,2025-01-22 08:24:00
3401,Client23,Bonus Certificate,SPX,BUY,400000.0,0.3626870094506025,1.3027191269894631,1.0897425590717638,11.360477687144833,1,2025-01-22 08:25:00
477,Client01,Autocall,SPX,BUY,90000.0,-2.789528017138689,2.340300849977599,0.5328123224755382,31.269965109042523,1,2025-01-22 08:26:00
4740,Client13,Autocall,SPX,BUY,120000.0,-1.8312038761722982,-1.9895465941281545,0.34665288496149654,31.32368256179079,1,2025-01-22 08:30:00
16,Client14,Autocall,TSLA,SELL,1180000.0,-0.8056751831088903,-5.46035343055957,0.504122684455481,19.774057855269366,0,2025-01-22 08:34:00
1075,Client25,Autocall,MSFT,BUY,670000.0,-0.27287374095038536,-4.532654525478216,0.30986240889434574,30.365082820589656,0,2025-01-22 08:35:00
4374,Client28,Autocall,AAPL,BUY,320000.0,-2.6445646187129186,1.2687667172302528,0.41134766668147676,40.77508401118536,1,2025-01-22 08:37:00
4486,Client08,Autocall,SPX,BUY,120000.0,-2.427274703194056,-0.18588024858889746,0.6575296232723945,2.569530724699259,1,2025-01-22 08:38:00
206,Client27,Autocall,SPX,SELL,430000.0,3.923151166871684,1.6855430129783313,0.27404417973519074,23.375958884607712,1,2025-01-22 08:40:00
1745,Client22,Autocall,AMZN,SELL,1060000.0,-1.629085201216454,3.2002107922037855,0.31604356114313914,48.39329388495325,0,2025-01-22 08:40:00
3200,Client26,Autocall,MSFT,BUY,650000.0,1.1455122454521356,-3.5131062005669156,0.24205224390732788,15.93228026801804,0,2025-01-22 08:41:00
177,Client11,Tracker,MSFT,BUY,370000.0,-0.515515008855208,0.007036381657121892,0.2342757804549336,,1,2025-01-22 08:42:00
1294,Client31,Autocall,NESN,BUY,570000.0,-3.979402992283337,5.317599331194863,0.5603564489159739,22.60063570007558,0,2025-01-22 08:46:00
1484,Client34,Bonus Certificate,MSFT,BUY,1420000.0,3.7085374400699966,-1.4383547483085835,0.2531053094203688,40.17169468503747,0,2025-01-22 08:46:00
492,Client28,Autocall,SMI,BUY,330000.0,-2.379288014866187,4.253314005803748,0.7479805901671168,16.422269455651506,1,2025-01-22 08:49:00
2927,Client20,Reverse Convertible,NVDA,SELL,480000.0,-0.9212088483788444,3.065975243373458,0.6502750875313028,,0,2025-01-22 08:52:00
518,Client35,Autocall,SPX,BUY,460000.0,-1.3899792705091158,-1.872424374459501,0.3812519319484319,10.190867626763044,1,2025-01-22 08:56:00
4689,Client31,Autocall,SMI,SELL,790000.0,0.5027199294768241,-3.237266288845789,0.3762417226915328,41.441693847501746,1,2025-01-22 09:01:00
2161,Client07,Reverse Convertible,MSFT,SELL,340000.0,-2.6513905104500055,9.684093902806469,0.2602490744902315,,1,2025-01-22 09:02:00
1289,Client10,Autocall,AAPL,SELL,710000.0,0.2124010171884794,-0.286950187076983,0.8416230893012914,12.75709127936137,0,2025-01-22 09:04:00
4910,Client31,Barrier Reverse Convertible,AAPL,SELL,1350000.0,-1.4520533871105763,2.231331753239735,0.18883628343800307,5.2291686018389125,0,2025-01-22 09:07:00
3494,Client08,Autocall,NVDA,BUY,420000.0,1.130963786886075,1.1321022993410077,0.5061502402569553,4.364993657236677,1,2025-01-22 09:11:00
4396,Client09,Autocall,NESN,BUY,410000.0,-2.468951150607285,-0.09455549739664296,0.9601449425900319,2.40826711514186,1,2025-01-22 09:13:00
2146,Client13,Autocall,NESN,BUY,170000.0,2.220353955690034,-2.1914613716515454,0.44558801010349475,49.809117365990815,0,2025-01-22 09:18:00
696,Client02,Autocall,TSLA,BUY,910000.0,2.002448686087162,2.146190331441117,0.6248914255293496,46.16999062061088,0,2025-01-22 09:24:00
3506,Client08,Barrier Reverse Convertible,MSFT,BUY,230000.0,1.1850706613995188,0.5209600102677228,0.6605840055156467,14.85955723631323,1,2025-01-22 09:26:00
982,Client30,Autocall,AAPL,SELL,610000.0,0.2160566552770458,1.0154668149049633,0.40379118476514214,31.643655886186757,0,2025-01-22 09:34:00
1365,Client07,Autocall,NVDA,BUY,210000.0,3.9961613344879563,1.1663633677025387,0.3375417759641449,45.641753498623075,1,2025-01-22 09:35:00
4529,Client21,Autocall,AAPL,SELL,170000.0,4.126703986995543,2.876669172778004,0.32980050952805096,47.469532948110796,0,2025-01-22 09:37:00
4325,Client13,Barrier Reverse Convertible,SPX,SELL,350000.0,-3.2116005576890947,-7.7762964975070155,0.4067689764275607,2.9494658625481343,1,2025-01-22 09:37:00
1695,Client27,Bonus Certificate,NVDA,BUY,300000.0,-4.569816170313368,6.03288077320687,0.33497885462401816,14.834973008100743,1,2025-01-22 09:37:00
576,Client28,Reverse Convertible,NESN,BUY,1110000.0,-0.4665365107304709,4.44317910433209,0.6989717615404702,,0,2025-01-22 09:41:00
3946,Client10,Autocall,NVDA,SELL,300000.0,0.3582148491410354,2.3768595094237757,0.23943010142653917,11.982494219957186,1,2025-01-22 09:42:00
1894,Client32,Bonus Certificate,AMZN,SELL,240000.0,3.148729961910247,3.699006782350401,0.4035205389493387,42.18645797176997,1,2025-01-22 09:44:00
1972,Client23,Autocall,AAPL,SELL,1430000.0,3.8862722723021115,-2.0293013943249534,0.3394242838820815,17.086475815594742,1,2025-01-22 09:45:00
1669,Client22,Autocall,NVDA,BUY,640000.0,-0.9547237612052732,-0.7633261333719072,0.8790703561354761,44.0534195893908,0,2025-01-22 09:45:00
51,Client34,Autocall,TSLA,SELL,460000.0,-4.339810258063673,2.916987463811303,0.2483541486327646,39.17180258560043,1,2025-01-22 09:55:00
2462,Client22,Autocall,MSFT,BUY,610000.0,2.334766951187533,-4.379576030616483,0.32604521925581603,42.8732432916707,0,2025-01-22 10:01:00
3113,Client22,Autocall,NVDA,SELL,550000.0,5.181154624770847,2.1494678550339246,0.3235386184901923,11.952755007376059,1,2025-01-22 10:01:00
3389,Client25,Reverse Convertible,MSFT,BUY,810000.0,-2.6768677545459174,0.8727922392404146,0.24272315302245154,,0,2025-01-22 10:07:00
724,Client26,Tracker,SMI,BUY,80000.0,-2.2276953934466586,-4.528872866525127,0.3033570823625019,,1,2025-01-22 10:09:00
4904,Client21,Autocall,AAPL,BUY,120000.0,1.42986372259899,1.9834064235654796,0.5011040368037164,38.550249690266845,1,2025-01-22 10:12:00
3033,Client28,Reverse Convertible,AMZN,BUY,570000.0,-2.882020420575142,-6.024429018318484,0.25391740462949536,,0,2025-01-22 10:13:00
2607,Client05,Autocall,SMI,SELL,1000000.0,2.8751017919353243,-0.4706355789963319,0.41561673948004163,27.20964220652653,0,2025-01-22 10:13:00
3114,Client10,Barrier Reverse Convertible,AAPL,BUY,540000.0,4.438619670803976,-0.8576490539127566,0.656324985790037,1.4180388769933383,0,2025-01-22 10:13:00
1263,Client27,Barrier Reverse Convertible,SPX,SELL,250000.0,0.8756770303004461,0.9866755086622331,0.28715419647205354,41.02001980508031,0,2025-01-22 10:16:00
3898,Client30,Autocall,AAPL,BUY,780000.0,0.0014939847397463007,-1.2894161199329939,0.4714380164095074,43.606957286236074,0,2025-01-22 10:20:00
3560,Client32,Autocall,AAPL,SELL,440000.0,-3.7166361848439227,0.9846183892044427,0.2787234925048782,13.64716460913865,1,2025-01-22 10:20:00
3786,Client34,Autocall,AAPL,SELL,470000.0,0.4912850129563013,-2.499392905659656,0.39478167240169854,18.7571690570366,1,2025-01-22 10:21:00
4161,Client21,Autocall,NESN,SELL,140000.0,0.049452586078004845,-2.1023627916697243,0.8551390488967611,45.99215972829731,1,2025-01-22 10:25:00
4804,Client02,Autocall,NESN,SELL,760000.0,1.9910028097054326,-0.6492822626802504,0.7659330718835498,9.110088187979887,0,2025-01-22 10:26:00
75,Client07,Autocall,TSLA,BUY,450000.0,2.807259129745105,7.4967111511207785,0.31253931271648755,49.34482280034092,1,2025-01-22 10:30:00
338,Client35,Autocall,AMZN,BUY,240000.0,2.374957203813056,-1.965033516849296,0.31313244190600226,41.54184887502687,0,2025-01-22 10:32:00
3378,Client31,Bonus Certificate,AMZN,BUY,820000.0,3.6664697310684753,-0.2818395095720357,0.16040612317027694,3.6730472173540365,0,2025-01-22 10:33:00
2148,Client03,Autocall,NESN,SELL,380000.0,-0.47921564232633346,3.6072350773972666,0.5860816041041043,19.872508811158767,0,2025-01-22 10:40:00
4727,Client34,Autocall,NESN,BUY,590000.0,0.9370634490072907,-2.889587500696848,0.273316999152711,23.698688416479087,1,2025-01-22 10:48:00
4140,Client16,Autocall,MSFT,SELL,690000.0,-0.7155703440154708,0.13223028210090948,0.5434204658455758,46.790042396794604,1,2025-01-22 10:51:00
2037,Client28,Autocall,TSLA,SELL,350000.0,-1.2963163693468434,-1.0423020182165628,0.5637444793279035,1.040724110237773,1,2025-01-22 10:52:00
3460,Client25,Autocall,NVDA,BUY,530000.0,0.7734165438098267,-3.790803009870158,0.32685319260024953,8.717406547044487,1,2025-01-22 10:57:00
4972,Client34,Autocall,AAPL,SELL,1390000.0,2.0997485739135593,-2.604682361322718,0.3819180000674874,10.007412998294484,0,2025-01-22 11:12:00
3516,Client34,Autocall,MSFT,SELL,250000.0,1.3864579684115255,2.1167584148647243,0.34938807494542207,24.21776370841625,1,2025-01-22 11:13:00
1458,Client28,Autocall,AAPL,BUY,430000.0,-1.3277491637634884,0.016782156884463252,0.3399144157710621,32.09937121746215,1,2025-01-22 11:17:00
849,Client08,Bonus Certificate,MSFT,SELL,660000.0,2.2658502567029726,3.6759062770414155,0.59921018193202,41.58942791767389,0,2025-01-22 11:18:00
3613,Client03,Autocall,NESN,SELL,800000.0,-0.2502522007708045,3.586121952059806,0.5796158508774695,23.784868964485987,0,2025-01-22 11:18:00
317,Client20,Autocall,SPX,SELL,620000.0,1.0937557852285884,-2.4788852465987636,0.20700361938768222,28.904436692091117,0,2025-01-22 11:21:00
588,Client06,Autocall,NVDA,SELL,2090000.0,-1.8687196254606393,-2.3053014663164753,0.5601328226857021,8.821912039143315,1,2025-01-22 11:22:00
203,Client11,Barrier Reverse Convertible,AAPL,SELL,600000.0,1.9510078591769908,-2.914356040932603,0.4716084033911795,30.18321366574841,0,2025-01-22 11:23:00
368,Client03,Autocall,MSFT,SELL,350000.0,-3.5292535047940308,-3.1638917929962087,0.6982666652345307,33.280599816535876,0,2025-01-22 11:27:00
4038,Client19,Reverse Convertible,SPX,BUY,1040000.0,3.030195806715015,1.805971337479358,0.5029252403949621,,0,2025-01-22 11:29:00
2740,Client25,Autocall,NVDA,SELL,570000.0,2.4924872968862055,-0.446751603359394,0.4117357001432455,32.44119303926675,0,2025-01-22 11:30:00
426,Client31,Tracker,NVDA,BUY,1200000.0,3.636343914020919,-1.4767563066119964,0.469459444643546,,1,2025-01-22 11:39:00
2676,Client04,Autocall,NVDA,BUY,1250000.0,-1.8270670931222468,-1.6961283345868858,0.2282083944715772,48.878520824324454,0,2025-01-22 11:42:00
2409,Client26,Autocall,TSLA,BUY,570000.0,0.5174821908893731,-2.1795061910502236,0.2843043000479395,32.81867928201716,0,2025-01-22 11:43:00
2892,Client05,Barrier Reverse Convertible,TSLA,BUY,1020000.0,2.589518326904592,2.084676903659324,0.4075717136288147,36.87269232302395,0,2025-01-22 11:48:00
1561,Client08,Barrier Reverse Convertible,SPX,BUY,430000.0,-3.7273590404070287,3.44070825723053,0.2839221499088638,2.3295798640107224,1,2025-01-22 11:48:00
4406,Client27,Autocall,TSLA,BUY,640000.0,-0.7938084715806384,-1.5441538560880042,0.3722389071501748,12.903775427152752,0,2025-01-22 11:51:00
4446,Client35,Autocall,NESN,BUY,360000.0,0.35936325380067874,-3.2280750448334246,0.25228756728785606,0.9247837787652813,0,2025-01-22 11:55:00
2569,Client19,Autocall,SPX,SELL,550000.0,1.5364051729249713,-2.2757810174351905,0.4074993974787307,7.564930446764112,1,2025-01-22 11:55:00
727,Client13,Barrier Reverse Convertible,TSLA,BUY,390000.0,-2.754194208515632,3.028021104463587,0.613354794649766,45.67163922993579,1,2025-01-22 11:55:00
572,Client15,Reverse Convertible,AAPL,BUY,1330000.0,0.4028075220097671,0.8665986217536658,0.31332910805616654,,0,2025-01-22 12:06:00
1348,Client16,Autocall,MSFT,BUY,1140000.0,2.1685032469304977,-1.749464649485596,0.35280712127014113,2.8461316264227654,0,2025-01-22 12:07:00
129,Client20,Autocall,SMI,SELL,680000.0,0.4091027654502257,-2.4693048536219866,0.341395275357489,22.185556363831772,0,2025-01-22 12:09:00
3925,Client18,Autocall,NVDA,SELL,1460000.0,-2.7349287803293953,-1.7121435416427389,0.8617274247823996,23.218499596025747,0,2025-01-22 12:18:00
4738,Client11,Autocall,TSLA,SELL,430000.0,3.3183001240788723,-0.7259086079681619,0.26121944317442264,33.96206242813198,1,2025-01-22 12:18:00
2895,Client15,Autocall,NESN,SELL,1680000.0,-0.15165940552602214,0.19044563033515938,0.37286308678110935,41.89629803107319,0,2025-01-22 12:19:00
103,Client15,Autocall,MSFT,SELL,5000000.0,0.3203404714238256,2.6607436526990345,0.1690629930965325,4.466455927515573,0,2025-01-22 12:20:00
3254,Client05,Autocall,TSLA,BUY,980000.0,2.596623998478825,-2.8737505739421176,0.47354181125690276,41.8355998386807,1,2025-01-22 12:23:00
2261,Client17,Autocall,AAPL,BUY,760000.0,-1.2152332605338092,-1.61159498376266,0.34979416303171235,37.16416791888191,1,2025-01-22 12:34:00
328,Client22,Reverse Convertible,AAPL,BUY,450000.0,3.206034351566723,-0.6907258465470008,0.24938824199317977,,1,2025-01-22 12:35:00
4208,Client05,Barrier Reverse Convertible,AAPL,BUY,500000.0,-1.7188728532320539,0.4658554346665619,0.5906276792440164,0.47730225537094273,1,2025-01-22 12:41:00
1376,Client26,Autocall,SMI,SELL,770000.0,-1.3264826972758106,-0.6276545386174244,0.33590673947197924,31.502584280457125,0,2025-01-22 12:42:00
1816,Client06,Reverse Convertible,NVDA,BUY,1650000.0,-1.369924494450849,3.4743660572765624,1.2121937726796468,,0,2025-01-22 12:48:00
4391,Client35,Tracker,SPX,BUY,520000.0,0.06710244872283201,0.7282195210116447,0.38279142554364814,,1,2025-01-22 12:51:00
949,Client34,Autocall,TSLA,BUY,230000.0,-0.7976516828385244,-1.487589930529412,0.19124038171080995,5.091766722546886,1,2025-01-22 12:56:00
1973,Client21,Barrier Reverse Convertible,NVDA,BUY,70000.0,0.09331243758586619,1.3027930000852184,0.38617313684804794,18.122977205453246,0,2025-01-22 12:59:00
2481,Client30,Reverse Convertible,AMZN,BUY,1300000.0,0.7134159130140008,2.1267022740691175,0.753783043771322,,1,2025-01-22 13:00:00
416,Client20,Bonus Certificate,NESN,SELL,660000.0,4.189755708806241,-5.4233990894992266,0.29430277028984286,1.2265203777994393,0,2025-01-22 13:02:00
972,Client19,Autocall,TSLA,BUY,920000.0,0.5480491272982166,2.7191381772796244,0.2625940047227689,1.7816311723845735,0,2025-01-22 13:02:00
1880,Client40,Barrier Reverse Convertible,MSFT,SELL,470000.0,-4.352903569031222,-4.495502336020628,0.3889891657383126,21.4398853551103,0,2025-01-22 13:05:00
3966,Client32,Autocall,AAPL,BUY,330000.0,-1.0603064943111358,-1.9425449210538706,0.5602005043354056,20.16766245078017,1,2025-01-22 13:11:00
2936,Client17,Autocall,NVDA,BUY,470000.0,-0.9928154932407827,-0.9043085299167435,0.5891161517033391,26.55638928824464,0,2025-01-22 13:20:00
1644,Client01,Autocall,AMZN,BUY,70000.0,-0.10541114777554277,2.296393241321415,0.7081814785065392,47.407581191069774,0,2025-01-22 13:23:00
4839,Client36,Autocall,NVDA,SELL,610000.0,-1.3296358675240174,6.748887363876746,0.22673138992616887,19.68778399741966,1,2025-01-22 13:25:00
4128,Client24,Autocall,MSFT,BUY,1450000.0,-4.943462161393884,-1.0171536181997958,0.2832224980207821,4.528992202511151,0,2025-01-22 13:26:00
1984,Client04,Bonus Certificate,NESN,SELL,1490000.0,-0.3761354171676909,4.014790444492109,0.6837139518460061,17.72179392951334,0,2025-01-22 13:30:00
3435,Client08,Barrier Reverse Convertible,SPX,SELL,340000.0,1.6661943809931155,0.4835752241703769,0.8085303270999099,45.019717801385,1,2025-01-22 13:32:00
3338,Client05,Autocall,AAPL,SELL,550000.0,-3.1914584357041944,-0.4435183459426729,0.2035644576452288,11.762798866738105,0,2025-01-22 13:33:00
2884,Client09,Autocall,SMI,SELL,500000.0,3.349446966210588,-0.6445671634169357,0.3594292146622528,34.55187229022353,0,2025-01-22 13:34:00
874,Client11,Autocall,NVDA,BUY,560000.0,-2.190040147211603,2.0310020471155754,0.23276237444213835,19.210530096843037,1,2025-01-22 13:35:00
997,Client25,Autocall,NESN,BUY,200000.0,1.5169107306667888,4.149587517301685,0.30415782073183456,35.311346678552376,1,2025-01-22 13:36:00
3335,Client31,Autocall,NVDA,BUY,720000.0,4.863927315819224,-1.9549796444828587,0.14949705910696104,32.621364825802615,0,2025-01-22 13:38:00
4197,Client18,Autocall,TSLA,BUY,1540000.0,-2.111463608446923,4.470256303763604,0.8496996783651546,5.266279412507796,0,2025-01-22 13:47:00
2855,Client07,Autocall,AAPL,BUY,440000.0,1.840075441578724,1.3446770312918042,0.42776514485560474,25.759567192362905,1,2025-01-22 13:49:00
1499,Client35,Autocall,TSLA,BUY,550000.0,3.591521035900754,4.387086344710373,0.3054991203972373,45.47869482268485,1,2025-01-22 13:53:00
1623,Client32,Reverse Convertible,NESN,BUY,380000.0,-1.3061146002809023,5.3455661529774225,0.29546176671613683,,1,2025-01-22 13:54:00
2858,Client22,Autocall,SMI,BUY,540000.0,-0.4331560520182004,-2.523856927569133,0.28524895228533337,8.753958395894074,0,2025-01-22 13:58:00
4358,Client03,Bonus Certificate,MSFT,SELL,600000.0,3.6008911585421224,2.66757586803115,0.37004738936992193,38.28865113359082,0,2025-01-22 14:01:00
2601,Client33,Barrier Reverse Convertible,MSFT,BUY,150000.0,-1.4576661675571325,0.8135096726231984,0.4267149023462058,43.12849170519057,1,2025-01-22 14:03:00
2656,Client32,Autocall,NVDA,BUY,1380000.0,0.26976326092905895,-3.900647154151362,0.35883246957265325,32.41612026384849,1,2025-01-22 14:05:00
4934,Client25,Autocall,NESN,BUY,380000.0,3.3573557506932064,-3.4471346112310126,0.5990151355344343,48.3280944105513,1,2025-01-22 14:08:00
4846,Client11,Autocall,NESN,BUY,290000.0,-0.36404458387062966,-1.5674725547847548,0.3104407419798671,14.46709850684228,0,2025-01-22 14:10:00
373,Client25,Barrier Reverse Convertible,MSFT,SELL,610000.0,0.9854397452613433,-2.5750765748746294,0.20555144310612292,13.296244514036093,0,2025-01-22 14:17:00
1522,Client02,Barrier Reverse Convertible,MSFT,SELL,450000.0,3.0132236299127504,4.076620460034755,0.39750860794055226,9.467636359922082,0,2025-01-22 14:17:00
4340,Client02,Autocall,MSFT,SELL,840000.0,0.18921491260110074,-3.2817266564068985,0.6265548010832905,18.696856232597163,1,2025-01-22 14:18:00
3899,Client07,Autocall,SPX,BUY,440000.0,-0.978540209494599,-3.0282300942861533,0.29521402704718297,11.538415393179552,1,2025-01-22 14:20:00
1905,Client32,Autocall,NESN,SELL,200000.0,1.1438004919247735,2.615252580573452,0.3132297096188937,29.696555776333522,0,2025-01-22 14:22:00
4520,Client37,Reverse Convertible,SMI,SELL,520000.0,0.3855489767205064,-6.568340440095016,0.47957578546595286,,1,2025-01-22 14:22:00
1809,Client31,Autocall,TSLA,BUY,370000.0,2.8391223846177365,-1.1864536127793988,1.0523394306857592,15.968838313936912,1,2025-01-22 14:23:00
4649,Client35,Autocall,NVDA,SELL,110000.0,0.4212300291029713,5.109613841197461,0.8899552410494459,34.573364185706126,0,2025-01-22 14:27:00
1980,Client28,Tracker,NESN,SELL,270000.0,1.3287603266043293,0.3725041759499501,0.49802808467190157,,1,2025-01-22 14:29:00
4633,Client12,Autocall,SMI,SELL,500000.0,-2.8197257278678016,0.9589934341345419,0.18818396979920402,45.14671814500621,0,2025-01-22 14:30:00
2958,Client17,Autocall,SMI,BUY,2060000.0,0.9240603584662335,0.12454367517219145,0.3543842165074045,6.176449803323392,1,2025-01-22 14:30:00
439,Client28,Autocall,NESN,BUY,310000.0,-0.6574282953349915,3.1551578113157213,0.28792002088027885,0.32211041686976416,1,2025-01-22 14:30:00
3998,Client34,Autocall,NESN,SELL,200000.0,3.5127206063113507,-4.819465231585442,0.2868214919725997,46.42069838356886,1,2025-01-22 14:31:00
3476,Client03,Autocall,SMI,SELL,420000.0,3.153616591630889,0.4661816507527601,0.7251212611788852,35.606784618030204,0,2025-01-22 14:32:00
1604,Client13,Autocall,SMI,SELL,170000.0,0.6625755533913726,-1.1095324857921047,0.39937952029106044,49.994026159096116,0,2025-01-22 14:33:00
2007,Client35,Tracker,AAPL,SELL,190000.0,-5.467721116443967,0.751541643661487,0.3747930172020714,,0,2025-01-22 14:37:00
3127,Client20,Autocall,TSLA,SELL,170000.0,1.736300711326528,1.9752211020340418,0.46070245825966266,49.01969458701128,0,2025-01-22 14:38:00
4551,Client36,Autocall,AAPL,SELL,980000.0,-2.7013129316149866,1.036647311908622,0.6704816320595653,17.423737691273327,0,2025-01-22 14:39:00
2446,Client10,Reverse Convertible,AMZN,BUY,2840000.0,-1.8738389370485677,3.5670365697724122,0.5491984580104424,,0,2025-01-22 14:41:00
2582,Client21,Autocall,TSLA,SELL,210000.0,1.5911988122858847,0.7887864591540079,0.4931606420169986,4.784344580781941,1,2025-01-22 14:46:00
4542,Client02,Bonus Certificate,AAPL,SELL,620000.0,-0.6053474831677014,2.9121167712579457,0.5726998091087417,32.734306606199944,0,2025-01-22 14:53:00
4334,Client39,Autocall,TSLA,SELL,340000.0,-1.633523628409963,3.0447755975879547,0.42866141073326464,17.47105271645942,0,2025-01-22 14:55:00
3680,Client25,Reverse Convertible,NESN,SELL,1560000.0,-3.145019782482285,-2.3409925670827807,0.3152541789844787,,0,2025-01-22 14:56:00
2104,Client40,Reverse Convertible,SPX,BUY,300000.0,-2.8598172471722174,-0.6175637005868716,0.31159844921139385,,0,2025-01-22 14:56:00
343,Client22,Bonus Certificate,NVDA,SELL,300000.0,0.9117189605512402,1.3612310042303954,0.5248080054074689,18.016426001457948,0,2025-01-22 14:57:00
2602,Client37,Barrier Reverse Convertible,MSFT,SELL,560000.0,0.08220171824289461,-0.5851808758465435,0.408672066248376,46.45943578179205,0,2025-01-22 15:06:00
4974,Client15,Barrier Reverse Convertible,NVDA,BUY,1020000.0,-1.8134012115846063,-2.850411853569392,0.40486740014566747,15.33405737958658,1,2025-01-22 15:07:00
4942,Client28,Bonus Certificate,SPX,BUY,220000.0,1.015740208191944,-0.9206428090852408,0.5814874980044391,14.94997173663759,0,2025-01-22 15:08:00
1303,Client31,Autocall,SPX,BUY,630000.0,-1.2618390724284723,-0.289763043509428,1.1797650381561544,2.462653377385476,0,2025-01-22 15:13:00
4415,Client37,Autocall,MSFT,BUY,470000.0,0.14830297570819387,0.2381248778661503,0.5164005596540655,11.83109029267691,1,2025-01-22 15:15:00
4480,Client12,Bonus Certificate,SMI,SELL,1980000.0,-1.7604981231730776,1.2673413454003035,0.3265004667494555,14.347834769914996,0,2025-01-22 15:16:00
1678,Client35,Autocall,AAPL,SELL,440000.0,-1.5747094122092018,-0.7504326311513057,0.95751586220046,37.815718542777034,0,2025-01-22 15:16:00
4246,Client03,Autocall,SPX,SELL,330000.0,-0.9988075240262136,1.8069348876006988,0.24677423537232923,19.528918847688033,1,2025-01-22 15:17:00
3397,Client12,Autocall,SMI,BUY,380000.0,-0.4269873876283539,-0.49940017945442217,0.4326778062582863,6.961043412448397,0,2025-01-22 15:18:00
4583,Client31,Autocall,TSLA,SELL,680000.0,2.2841544135942793,0.3870753913601753,0.5331455161281858,34.641404571567385,1,2025-01-22 15:18:00
2412,Client37,Autocall,AMZN,SELL,900000.0,4.007071741038854,3.3744469011456126,0.7854719179210974,39.586279152158625,0,2025-01-22 15:23:00
3811,Client35,Bonus Certificate,SPX,BUY,350000.0,3.3707836150368,-1.6169345079652697,0.19889684477463662,39.59510296923682,0,2025-01-22 15:28:00
4963,Client08,Autocall,SPX,BUY,140000.0,3.0139454674953554,-0.6947963018781481,0.7526618005835815,8.63898119033738,0,2025-01-22 15:34:00
3309,Client26,Bonus Certificate,MSFT,BUY,480000.0,0.9417170985355836,-1.9075105884570034,0.6041654487998757,40.89681002178987,0,2025-01-22 15:35:00
219,Client21,Autocall,NESN,BUY,180000.0,-0.978523941062057,-0.013274727231510648,0.7665491710171678,3.5033154733658147,0,2025-01-22 15:36:00
2528,Client22,Tracker,AMZN,BUY,1140000.0,-1.3881799799574805,2.9106887210128853,0.5700739693288479,,0,2025-01-22 15:36:00
3830,Client21,Autocall,NESN,SELL,260000.0,2.0229861304218866,-3.67047532455502,0.37694277387288955,28.87229922132543,0,2025-01-22 15:39:00
2925,Client37,Autocall,MSFT,SELL,680000.0,-2.671567650481539,1.42749617980701,0.49004894765223983,20.633727012984803,0,2025-01-22 15:42:00
725,Client14,Autocall,SMI,SELL,730000.0,1.451888503634809,1.741062212591074,0.834413109662103,29.600829432782877,1,2025-01-22 15:50:00
1620,Client33,Autocall,NVDA,SELL,110000.0,0.20137971635524032,-3.193093179914797,0.5884227785376717,49.35733134745936,0,2025-01-22 16:02:00
3311,Client35,Bonus Certificate,TSLA,SELL,730000.0,-0.47034566100231145,-2.275024094042651,0.290725934608688,1.6532771505955668,0,2025-01-22 16:04:00
1668,Client07,Reverse Convertible,MSFT,BUY,400000.0,-1.5341406332026684,4.7268945087717755,0.4375886190006076,,1,2025-01-22 16:10:00
4150,Client09,Tracker,NESN,BUY,500000.0,-2.137643592227386,4.183484399950267,0.5295984808022052,,0,2025-01-22 16:15:00
1874,Client04,Autocall,NVDA,BUY,360000.0,-1.5967225356861603,2.3398473771334776,0.3541825349340329,26.3660492230869,0,2025-01-22 16:19:00
1319,Client30,Bonus Certificate,NESN,BUY,420000.0,-1.916491505928716,2.1730146370752648,0.2285351965431958,8.716547505231336,1,2025-01-22 16:20:00
1842,Client34,Bonus Certificate,AAPL,SELL,170000.0,-0.04722075490893636,0.9332093758128497,0.6068622696223627,34.04968342264733,1,2025-01-22 16:21:00
1969,Client03,Autocall,AAPL,BUY,380000.0,-1.6151776300435094,-2.5483646351341216,0.7353044983817241,38.56322473636485,0,2025-01-22 16:24:00
3716,Client03,Reverse Convertible,NESN,SELL,870000.0,0.0061587568012117545,2.141970121726692,0.4284353105919723,,0,2025-01-22 16:27:00
2134,Client30,Autocall,TSLA,BUY,490000.0,0.924511626680004,1.5478495353942896,1.0220913671548746,28.224283890447992,0,2025-01-22 16:29:00
2237,Client34,Autocall,SPX,SELL,370000.0,-1.129133750065439,1.3084419730478856,0.3911669918830472,32.34623931884437,0,2025-01-22 16:29:00
2725,Client15,Reverse Convertible,MSFT,SELL,2420000.0,-0.37982721545976733,-0.4365475529819207,0.22453942220314843,,1,2025-01-22 16:33:00
3118,Client28,Bonus Certificate,SPX,SELL,230000.0,-3.86240519054123,3.4090816402478183,0.38128595073627014,15.392197149462433,1,2025-01-22 16:37:00
4021,Client32,Autocall,NESN,BUY,400000.0,-1.7694654339691849,0.13200492883141474,0.14699531846529107,7.619525959111778,1,2025-01-22 16:38:00
4590,Client37,Autocall,AMZN,BUY,660000.0,-0.5866581611940682,-4.38682232786136,0.3892784079881647,8.176676938076554,0,2025-01-22 16:38:00
4731,Client25,Autocall,MSFT,BUY,2400000.0,-1.1624226527567836,-3.4936071039821766,0.29050402197644803,9.318249532117628,0,2025-01-22 16:40:00
3429,Client30,Autocall,AMZN,SELL,310000.0,0.9700870199382696,7.0984005419186476,0.18039157003903888,9.197542363915773,1,2025-01-22 16:45:00
4129,Client05,Autocall,AAPL,SELL,730000.0,-0.07414861010982271,4.410079880321284,1.1170205186775155,4.608784744915829,1,2025-01-22 16:47:00
3860,Client05,Autocall,SPX,BUY,790000.0,-3.952029255504993,5.4586090575896975,0.8710592587601508,15.629478601539626,0,2025-01-22 16:49:00
1997,Client35,Tracker,NVDA,BUY,690000.0,-0.49611947401951123,4.718465385819045,0.3843364822910977,,1,2025-01-22 16:50:00
2639,Client18,Bonus Certificate,NVDA,SELL,1850000.0,-2.1327754547891775,-3.7362757001439872,0.4416381323962323,29.552207596807435,1,2025-01-22 16:52:00
62,Client03,Autocall,NVDA,BUY,220000.0,0.13476599308445206,-0.754764242742376,0.8268179086556254,11.373076538577836,0,2025-01-22 16:54:00
2525,Client05,Autocall,SMI,SELL,330000.0,0.29091167627625864,3.708170536820437,0.43834520765285273,2.0222710508659203,0,2025-01-22 16:57:00
890,Client20,Autocall,NESN,BUY,330000.0,-1.6549952838181332,-6.387524717342135,0.46123246563145087,39.60511110896222,0,2025-01-22 17:01:00
850,Client39,Autocall,SPX,BUY,360000.0,0.9953372411317686,-6.34063500180096,0.20225106125542797,22.524171011205063,0,2025-01-22 17:03:00
4760,Client40,Autocall,AAPL,BUY,420000.0,0.4207623143069283,0.30321896111356506,0.5162079753135002,31.561939731230286,0,2025-01-22 17:04:00
3440,Client22,Bonus Certificate,NVDA,SELL,200000.0,0.18651924831651245,-1.1349973421988557,1.2167659052954602,46.24125811974085,0,2025-01-22 17:11:00
1435,Client28,Tracker,AMZN,SELL,530000.0,-0.20965209880142396,7.444919616568416,0.4304027636748226,,0,2025-01-22 17:13:00
1209,Client02,Autocall,MSFT,BUY,1630000.0,2.809719487091369,-2.21990015659798,0.31133756329442663,39.72651243028583,0,2025-01-22 17:22:00
1971,Client22,Bonus Certificate,AAPL,SELL,350000.0,-1.6381793549296617,4.122444807900936,0.6448272723399763,39.8347592279373,0,2025-01-22 17:26:00
2305,Client26,Autocall,SPX,BUY,520000.0,-0.9727335165249966,0.6438404929076369,0.4148139385105121,42.3540680013448,0,2025-01-22 17:30:00
782,Client08,Barrier Reverse Convertible,SMI,BUY,550000.0,0.9538347485384367,4.788215869916736,1.1836094888520992,1.7846136284837943,1,2025-01-22 17:34:00
132,Client28,Autocall,SPX,BUY,720000.0,-1.3525397513877715,-2.483120220028791,0.48288844234479694,36.26916795007422,1,2025-01-22 17:39:00
1907,Client34,Reverse Convertible,SMI,BUY,450000.0,3.933370316744928,-0.7612598667800181,0.47569405957828625,,1,2025-01-22 17:50:00
1601,Client17,Reverse Convertible,SMI,SELL,690000.0,-2.8079429329854664,3.9992574413379494,0.40917296121289415,,1,2025-01-22 17:52:00
4451,Client30,Autocall,NESN,SELL,180000.0,0.8131702445093555,-0.9230790964027356,0.24473556189328952,25.52454920570574,0,2025-01-22 17:52:00
91,Client11,Tracker,MSFT,SELL,520000.0,0.5320334912713646,5.432156892733817,0.30219392237123543,,0,2025-01-22 17:54:00
1976,Client17,Reverse Convertible,MSFT,BUY,1120000.0,-0.3594416495902203,3.5370787356501143,0.310591617246896,,1,2025-01-22 17:56:00
3328,Client17,Autocall,SPX,BUY,500000.0,-2.823931528290888,0.25759662796052984,0.468223031791919,35.926712526410704,0,2025-01-22 17:58:00
3575,Client29,Autocall,NVDA,SELL,900000.0,-3.2337614637002075,-3.519578970592361,0.1861840886480776,28.791813571912144,1,2025-01-23 08:00:00
3121,Client40,Autocall,NVDA,SELL,320000.0,3.912653269615848,-2.3796185215794807,0.29353734305210105,6.864672258624322,0,2025-01-23 08:00:00
3403,Client22,Reverse Convertible,TSLA,BUY,200000.0,2.776484565729785,0.2071440706519896,0.22152509780792218,,0,2025-01-23 08:03:00
817,Client22,Autocall,MSFT,SELL,400000.0,2.824408501899636,-3.4681544462160274,0.6422236420108739,48.25485097726858,0,2025-01-23 08:11:00
2577,Client05,Autocall,NESN,BUY,1080000.0,-2.260466426701592,1.1518226865767895,0.43879583605835243,27.708120112984414,0,2025-01-23 08:12:00
3373,Client28,Tracker,MSFT,SELL,530000.0,-2.0589860989704216,-4.915197064786321,0.341419397655,,1,2025-01-23 08:15:00
56,Client17,Autocall,AAPL,BUY,2150000.0,1.629350354856891,2.0316734659476117,0.5547554728576144,9.060784238319396,1,2025-01-23 08:16:00
2126,Client24,Tracker,TSLA,BUY,960000.0,3.0155489766806527,-5.182781124984885,0.9137501592299373,,0,2025-01-23 08:17:00
2014,Client11,Barrier Reverse Convertible,MSFT,SELL,550000.0,-3.407458045627159,2.761897511778266,0.2178954640530825,3.3487692423005813,0,2025-01-23 08:22:00
468,Client03,Autocall,AAPL,SELL,270000.0,-0.6588578006353376,2.974161854151852,0.7003751469552825,41.10767411400013,0,2025-01-23 08:25:00
4496,Client19,Autocall,NVDA,BUY,400000.0,0.14885320541930352,-1.1922077155253152,0.5649839453793242,36.48677120008632,1,2025-01-23 08:27:00
3098,Client04,Autocall,TSLA,SELL,1190000.0,0.6367234360884851,0.8972586047831151,0.2853248531086986,10.485144701085359,0,2025-01-23 08:38:00
2705,Client04,Autocall,AAPL,BUY,670000.0,-2.7820192183422945,-6.3274350257328855,0.3622948264095563,47.90150999432546,0,2025-01-23 08:43:00
2596,Client15,Autocall,AAPL,BUY,960000.0,0.7834874521538506,-2.8833621329409507,0.6101480866737502,28.231827389801968,0,2025-01-23 08:46:00
4611,Client24,Autocall,SMI,BUY,1310000.0,0.7321627474498592,4.485837726573823,0.2916464010115208,18.058337869076684,1,2025-01-23 08:48:00
1465,Client22,Autocall,TSLA,BUY,140000.0,-4.74035094271356,1.0567683777930943,0.28047160692649553,30.328579797467327,0,2025-01-23 08:50:00
4076,Client11,Bonus Certificate,TSLA,BUY,390000.0,5.570837459483658,-2.378725004269149,0.22703613886952204,13.430009933236214,0,2025-01-23 08:53:00
3449,Client33,Autocall,AMZN,SELL,310000.0,1.0366729799452505,-1.3513058323021228,0.7075403432438047,44.36415867269089,1,2025-01-23 08:54:00
4665,Client32,Autocall,TSLA,SELL,1070000.0,1.269996869226601,2.681674251680612,0.351892275506405,32.170110459695636,1,2025-01-23 08:56:00
2646,Client16,Autocall,AMZN,SELL,650000.0,0.9869271256454573,-5.394657744771419,0.5987409013573985,13.856096384018041,1,2025-01-23 08:57:00
2697,Client25,Autocall,SPX,SELL,400000.0,-1.53922056536777,-4.870642036592171,0.1472348190714703,31.288807849210837,0,2025-01-23 09:00:00
791,Client01,Reverse Convertible,AAPL,BUY,220000.0,-0.8345330893291713,3.77171132558229,0.4443887724882135,,0,2025-01-23 09:03:00
2513,Client31,Autocall,AAPL,SELL,280000.0,0.18940492801118575,3.197707320563757,0.41959904283261673,35.42856425846959,0,2025-01-23 09:03:00
160,Client30,Bonus Certificate,SMI,SELL,260000.0,0.7616033654837205,2.053234010603408,0.22858167995361525,37.88156242775459,0,2025-01-23 09:04:00
1648,Client18,Autocall,TSLA,BUY,790000.0,2.832428159943689,-1.9703607408329247,0.4705352606659644,10.208988115501406,1,2025-01-23 09:06:00
661,Client22,Tracker,SPX,BUY,450000.0,-0.5650942580459097,2.5773163909016596,0.110544130272228,,1,2025-01-23 09:07:00
2908,Client17,Autocall,SMI,BUY,840000.0,-0.08001315513379516,3.6263837226625206,0.4568062344658167,23.527991802292668,1,2025-01-23 09:14:00
695,Client37,Autocall,TSLA,SELL,300000.0,-1.541483286278248,-3.939464330358276,0.39220170946220567,14.100908769558806,1,2025-01-23 09:18:00
2796,Client28,Autocall,AAPL,BUY,400000.0,-3.2230779291798552,-2.8254813076967817,0.2209887916066635,39.865901185439974,1,2025-01-23 09:24:00
4453,Client32,Autocall,NVDA,BUY,940000.0,-0.8061482651643804,-0.9319257823317711,0.25323525595654306,42.719187451411344,1,2025-01-23 09:25:00
3067,Client32,Autocall,SPX,BUY,660000.0,-2.361380162733106,1.8695359897732127,0.828508018838382,43.30022810086396,0,2025-01-23 09:26:00
2623,Client27,Tracker,NVDA,BUY,910000.0,-0.757681232118803,-4.994091327292619,0.599960347155526,,0,2025-01-23 09:29:00
3861,Client05,Barrier Reverse Convertible,MSFT,SELL,570000.0,1.800374259706768,-4.29181824394636,0.6081730782301265,19.92250761530105,1,2025-01-23 09:30:00
992,Client31,Barrier Reverse Convertible,NVDA,BUY,150000.0,2.2231350885567864,3.0242999090332967,0.7997242285764679,14.343443821014967,1,2025-01-23 09:33:00
843,Client27,Autocall,NVDA,BUY,450000.0,-5.189848117331047,4.710573512052314,0.12839573949388414,27.21815022445085,0,2025-01-23 09:33:00
3578,Client03,Autocall,NESN,SELL,220000.0,1.7465971687532722,-0.9852363974911451,0.39322659172673985,47.38739703035598,1,2025-01-23 09:34:00
4800,Client26,Autocall,MSFT,SELL,450000.0,0.30484189135635203,2.0460100474178917,0.4205061154831095,17.772269853611366,1,2025-01-23 09:35:00
4531,Client09,Reverse Convertible,NESN,SELL,350000.0,0.8433291069992317,0.30596239841539846,1.1047591063219282,,1,2025-01-23 09:36:00
209,Client35,Autocall,TSLA,BUY,850000.0,-1.7866754605871376,-4.11269501936148,0.20685590055794587,39.50788782605776,0,2025-01-23 09:40:00
4629,Client13,Autocall,MSFT,BUY,440000.0,-0.4913208574280813,1.9403948652193073,0.4221610035712459,11.566480685095442,1,2025-01-23 09:41:00
4474,Client18,Barrier Reverse Convertible,SPX,SELL,1230000.0,3.6616938329683686,5.271042347381943,0.4259025567339277,15.948174504343438,1,2025-01-23 09:41:00
4858,Client16,Autocall,AAPL,BUY,870000.0,-2.2882206608705,-0.949376309321051,0.4584042502811534,0.4063340783495295,1,2025-01-23 09:43:00
2154,Client09,Autocall,NESN,SELL,950000.0,1.1684507542134424,-3.797444409699451,0.24072727448585754,39.04006491835265,0,2025-01-23 09:45:00
4679,Client40,Autocall,TSLA,BUY,340000.0,-3.1869751105610447,-0.7008640832504496,0.3767566309659836,23.59030616484131,0,2025-01-23 09:47:00
1927,Client18,Autocall,NVDA,BUY,1140000.0,-2.102678739944285,3.7738157188805044,0.5155041343694658,35.47663745775528,1,2025-01-23 09:48:00
924,Client07,Autocall,AAPL,BUY,690000.0,-2.0913461954725885,-0.054825507724376804,0.23734828951989026,4.428610995728599,1,2025-01-23 09:51:00
3895,Client18,Bonus Certificate,MSFT,SELL,690000.0,-3.154745259004467,3.636565228750757,0.5560997670013217,12.573436723843773,0,2025-01-23 09:57:00
4537,Client02,Autocall,NESN,BUY,1520000.0,2.1782460734719478,-3.415445687744774,0.27533667165330894,28.29990789501634,0,2025-01-23 10:01:00
3842,Client02,Autocall,AMZN,BUY,1460000.0,-6.0307474306315285,1.1101393764455831,0.28552659123906765,26.11024489225853,0,2025-01-23 10:04:00
2260,Client31,Reverse Convertible,SMI,BUY,200000.0,1.8068717391977887,1.849396701284725,0.35389125497516144,,0,2025-01-23 10:10:00
2918,Client23,Autocall,SMI,BUY,1170000.0,-3.9991466760083965,-1.5038841293929703,0.2828086227169031,36.66207368293094,1,2025-01-23 10:13:00
4953,Client28,Autocall,NESN,BUY,290000.0,-0.6713668635779824,2.621031014012779,0.3801343116929612,35.43724771103778,0,2025-01-23 10:23:00
1892,Client15,Barrier Reverse Convertible,NESN,SELL,1200000.0,-1.3885947368735354,-0.5351623367357032,0.5789084753632819,41.28453609128518,0,2025-01-23 10:25:00
587,Client22,Autocall,TSLA,BUY,520000.0,1.5595790677525174,1.373909277667247,0.7207243306664536,19.58135580498578,0,2025-01-23 10:27:00
678,Client22,Autocall,NESN,SELL,640000.0,0.03177057208017917,5.376719367051155,0.8212915741951491,6.216097362509903,0,2025-01-23 10:29:00
2750,Client05,Autocall,AAPL,SELL,890000.0,2.9985063673238237,8.540397571601902,0.44255289378028867,14.014606986872934,1,2025-01-23 10:29:00
3993,Client04,Autocall,TSLA,BUY,960000.0,-0.9279215405898386,4.084717520421805,0.5063617074038043,39.81691101098875,0,2025-01-23 10:32:00
2585,Client15,Autocall,TSLA,BUY,1690000.0,0.698971821703529,-1.3631532600967393,0.2667301907858679,15.166827392071303,1,2025-01-23 10:32:00
2599,Client12,Bonus Certificate,AAPL,BUY,310000.0,0.3918793337649977,2.258223310148257,0.33122242607995767,21.722239919229068,1,2025-01-23 10:36:00
2263,Client21,Autocall,SMI,BUY,370000.0,-1.868377830894948,-0.8565685577493471,0.2636749321489005,14.955487922666622,0,2025-01-23 10:38:00
444,Client02,Reverse Convertible,NESN,BUY,1570000.0,1.7329781363569712,0.39286388772265907,0.23147798611527445,,0,2025-01-23 10:46:00
1990,Client20,Barrier Reverse Convertible,SMI,BUY,570000.0,-1.9895775570417724,5.137153776347156,0.9817652087984402,49.567281801820734,0,2025-01-23 10:47:00
1312,Client16,Autocall,NESN,BUY,620000.0,-0.5726968434807237,-7.3744285414009125,0.5788893055583482,30.106422052757836,1,2025-01-23 10:48:00
4403,Client28,Autocall,SPX,SELL,530000.0,2.015119121796994,1.7622536234727466,0.35774641671177027,0.07608896146543143,1,2025-01-23 10:56:00
2416,Client34,Bonus Certificate,NVDA,BUY,490000.0,-0.6192991488905736,5.86617636001358,0.5981649876426026,44.608411954476274,1,2025-01-23 10:57:00
3222,Client38,Autocall,AAPL,SELL,470000.0,0.7227949921113551,6.6992478236849315,0.8239554962798429,22.03313822288274,1,2025-01-23 11:00:00
4348,Client11,Autocall,AMZN,SELL,790000.0,-0.38351495563097854,3.0484327803419573,0.4544592766638048,18.37592379922985,0,2025-01-23 11:02:00
2059,Client28,Tracker,SPX,SELL,740000.0,-2.331815552156141,3.0481161968729165,0.655623720124324,,0,2025-01-23 11:04:00
3965,Client11,Autocall,SPX,SELL,810000.0,-1.605456547129783,-7.381443332681735,0.24921666555808752,19.74419183148091,0,2025-01-23 11:04:00
1175,Client13,Autocall,AMZN,BUY,210000.0,0.2802318514988091,-1.058054326891146,0.6776020861790546,0.9153803598226762,0,2025-01-23 11:04:00
2726,Client19,Autocall,AAPL,SELL,340000.0,-0.6679328730578261,0.7418873576575469,0.17749335291191862,47.009080497673054,1,2025-01-23 11:04:00
1860,Client06,Autocall,SPX,SELL,1760000.0,-2.766842578513991,-2.1850246549854475,0.3099668294321184,13.963644132986863,0,2025-01-23 11:09:00
3110,Client02,Bonus Certificate,TSLA,SELL,410000.0,-0.353005274956236,0.2526160689901912,0.1273463366737724,48.161581089478915,0,2025-01-23 11:17:00
3992,Client20,Barrier Reverse Convertible,NVDA,SELL,430000.0,-1.0006931865994966,0.2041059740717369,0.41339208001220157,3.910958559793026,0,2025-01-23 11:19:00
2916,Client16,Barrier Reverse Convertible,NVDA,BUY,520000.0,-1.0600914459478812,-2.0570561061792714,1.0333663785771305,24.679900511858417,1,2025-01-23 11:19:00
3930,Client18,Autocall,MSFT,SELL,2050000.0,0.16867724614740162,4.067943912778601,0.6313267004524866,14.683901048806176,1,2025-01-23 11:21:00
3836,Client25,Autocall,TSLA,BUY,1080000.0,0.7664019822204444,1.5019507507395686,0.5062391991870605,49.03384864508528,0,2025-01-23 11:21:00
4145,Client16,Barrier Reverse Convertible,AMZN,BUY,390000.0,1.9998266716013267,-1.0932998437306516,0.7374356575138963,44.874224068304045,1,2025-01-23 11:21:00
3159,Client28,Autocall,SMI,SELL,270000.0,-1.9484914422105992,-9.205972509411671,0.7849748854899196,15.314200432512592,1,2025-01-23 11:22:00
3426,Client39,Autocall,MSFT,BUY,290000.0,-3.086360990542862,3.347590099283024,0.15399564654620432,49.45407740160043,0,2025-01-23 11:27:00
4799,Client17,Autocall,TSLA,SELL,1490000.0,-1.9762739578055912,6.216604529375379,0.3212587832016708,25.275848015719614,0,2025-01-23 11:33:00
118,Client05,Tracker,MSFT,SELL,490000.0,1.5456322894948762,0.648272803201126,0.3692642729129629,,0,2025-01-23 11:37:00
76,Client37,Bonus Certificate,TSLA,SELL,420000.0,-0.2767626217690033,-1.0041463185647146,1.2063713842647175,34.7824711443796,1,2025-01-23 11:47:00
3417,Client15,Barrier Reverse Convertible,TSLA,BUY,2830000.0,-3.751141049380151,1.0445772468388557,0.40627422624929294,1.5391409498079434,0,2025-01-23 11:56:00
24,Client01,Autocall,AAPL,SELL,80000.0,-0.8850441205268467,2.1175279115745567,0.4731965727594111,3.7499202727528824,0,2025-01-23 11:58:00
2922,Client20,Autocall,NVDA,SELL,650000.0,0.4436951508264999,-0.27917095290908744,0.20351723795475504,22.11248053743344,0,2025-01-23 11:59:00
170,Client28,Bonus Certificate,AAPL,BUY,300000.0,0.5524018052529847,0.1711030304651275,0.6337387627309413,33.92902997987567,1,2025-01-23 12:01:00
1739,Client05,Autocall,SPX,SELL,920000.0,-1.0503758765246567,-0.7269663443286905,0.5569029056639699,33.87617402444332,1,2025-01-23 12:04:00
2141,Client28,Autocall,AAPL,SELL,200000.0,-3.057011252682195,-5.226562871138247,0.4423450668906695,22.72735956783945,0,2025-01-23 12:11:00
69,Client07,Barrier Reverse Convertible,AAPL,BUY,760000.0,0.4194388527884368,5.36466247702295,0.3695660708541179,2.7600377608620885,1,2025-01-23 12:12:00
1942,Client08,Autocall,AAPL,BUY,180000.0,-1.6012237529241677,3.523772204754746,0.3231277973870484,37.17386518495852,1,2025-01-23 12:16:00
1597,Client07,Autocall,AAPL,BUY,470000.0,3.1845005706813074,0.40656789755848366,0.28354602223657077,20.010313257514028,1,2025-01-23 12:18:00
3214,Client04,Autocall,NESN,SELL,720000.0,2.3256551901040985,1.845446010742363,0.34212384784276334,11.31364443859738,1,2025-01-23 12:20:00
4078,Client18,Autocall,NESN,SELL,530000.0,2.2796248392617233,-0.19593218254744976,0.2779186613415565,37.163395111115385,0,2025-01-23 12:21:00
919,Client32,Barrier Reverse Convertible,SMI,SELL,360000.0,-1.6546783107631322,1.7497118861029437,0.2662697952421388,8.19811087382255,0,2025-01-23 12:25:00
1535,Client04,Bonus Certificate,NESN,SELL,430000.0,-0.4225276531092312,2.3427952036462556,0.3302163042025584,39.59308242753949,0,2025-01-23 12:27:00
4744,Client34,Autocall,SPX,BUY,200000.0,2.562456093299394,-2.8677621342648463,0.23490370658596668,22.227591086047184,0,2025-01-23 12:28:00
4290,Client15,Autocall,NVDA,SELL,1610000.0,-0.42438988635541786,-3.4713914749005363,0.768364697862108,39.103647749394,1,2025-01-23 12:29:00
4866,Client34,Bonus Certificate,TSLA,SELL,290000.0,-1.0800878029383407,-0.17064598867411013,0.4809759173125736,20.41703786011003,0,2025-01-23 12:29:00
547,Client13,Autocall,SPX,SELL,640000.0,1.3145969952334289,4.511371068360029,0.40966864394239066,36.436882843130405,0,2025-01-23 12:34:00
45,Client24,Barrier Reverse Convertible,NVDA,BUY,790000.0,1.3308807623357064,-1.3350283824473195,0.6220873306065825,11.86404365171449,1,2025-01-23 12:38:00
654,Client22,Barrier Reverse Convertible,AAPL,SELL,840000.0,3.5681691277407404,4.164690629768619,0.5999859172214416,8.235898304654722,0,2025-01-23 12:43:00
4968,Client24,Autocall,SPX,SELL,650000.0,3.681070043849327,1.4860258061874725,0.616830266014642,39.81500805581775,1,2025-01-23 12:43:00
4905,Client28,Autocall,SPX,SELL,440000.0,-1.6966899379365084,3.1398117391982847,0.5848914919394899,37.18259464867973,1,2025-01-23 12:48:00
2810,Client22,Barrier Reverse Convertible,SMI,SELL,700000.0,0.9486393682998857,-1.869738170330585,0.5312613985094217,24.077500203289947,0,2025-01-23 12:53:00
1254,Client14,Autocall,SPX,BUY,3480000.0,0.896649163821624,1.546330232189494,0.4702443745158148,28.961667909701923,0,2025-01-23 12:53:00
2984,Client37,Barrier Reverse Convertible,AMZN,BUY,210000.0,-0.6679807816213926,-0.09091502697592709,0.2022526057449352,10.709308575447436,1,2025-01-23 12:56:00
2671,Client31,Bonus Certificate,SMI,BUY,170000.0,0.9121608543511817,1.4831917475765657,0.358624404839307,37.522637051300364,0,2025-01-23 12:57:00
4092,Client34,Tracker,SMI,BUY,550000.0,-0.8822632014091073,1.231524397730047,0.2836415056997552,,0,2025-01-23 13:06:00
2816,Client34,Autocall,NVDA,BUY,230000.0,1.8460574908447227,-3.0957507666074298,0.34217199515102337,5.258159514045058,1,2025-01-23 13:06:00
3099,Client07,Autocall,MSFT,BUY,1130000.0,0.4054324173688599,-0.5575674945143142,0.4336843050146289,39.7830934830068,1,2025-01-23 13:09:00
2716,Client25,Autocall,AAPL,BUY,1200000.0,1.8773977844950027,-2.820031886545483,0.8637401177740734,30.99218219502881,0,2025-01-23 13:11:00
2256,Client28,Autocall,TSLA,SELL,380000.0,-0.03594453207989062,-1.3414030684330136,0.8157381113381966,6.488981466464838,1,2025-01-23 13:21:00
2905,Client16,Bonus Certificate,AAPL,SELL,340000.0,0.09969714319070777,-1.3498986570347615,0.3099584280669738,31.9546607929516,1,2025-01-23 13:21:00
2385,Client02,Reverse Convertible,NVDA,SELL,940000.0,3.198319540259134,4.4589000211041165,0.371831752414988,,0,2025-01-23 13:23:00
3703,Client05,Barrier Reverse Convertible,NVDA,BUY,760000.0,-2.3356747650543603,0.9098908771586061,0.0671771677275578,39.89161294839343,1,2025-01-23 13:25:00
3737,Client02,Bonus Certificate,AAPL,BUY,1780000.0,0.14126929038186312,-0.2820251945736634,0.3112282441646032,43.46273548839477,0,2025-01-23 13:30:00
4143,Client21,Autocall,SMI,BUY,350000.0,-0.17784689286522748,0.4664715161516664,0.48194538635781375,36.89805965851233,0,2025-01-23 13:33:00
940,Client24,Autocall,SPX,BUY,1410000.0,-1.5227829627127178,-1.6169026889569729,0.7174808564373958,17.12165243174222,1,2025-01-23 13:34:00
2622,Client25,Autocall,AAPL,SELL,350000.0,3.4983511684623543,-3.837391897541445,0.4481858614395008,8.90684132557168,0,2025-01-23 13:36:00
4052,Client25,Autocall,TSLA,SELL,830000.0,-2.848608100842716,-2.416212462453981,0.5912779413857522,23.180456650808768,1,2025-01-23 13:38:00
451,Client15,Tracker,SMI,BUY,1470000.0,0.3063157073397106,-0.9974724921748517,0.233928005916624,,0,2025-01-23 13:45:00
2267,Client26,Reverse Convertible,NVDA,BUY,150000.0,-1.2259948536636296,0.23530312758011013,0.386718604135058,,0,2025-01-23 13:46:00
104,Client37,Autocall,SPX,BUY,630000.0,1.20572704753984,-2.0933247923249283,0.3590811136112464,37.90091798605844,1,2025-01-23 13:47:00
1951,Client33,Reverse Convertible,NESN,BUY,340000.0,-3.2475651488701804,1.5804105083963913,0.27250044714812716,,1,2025-01-23 13:53:00
1806,Client11,Autocall,SMI,BUY,260000.0,0.793983441591382,-1.7776700066915105,0.42137964463101235,24.782733824382706,1,2025-01-23 13:54:00
2281,Client01,Autocall,MSFT,BUY,130000.0,1.2967906427934328,-2.8879353692985568,0.33812671022799695,42.02105040896261,0,2025-01-23 13:58:00
4425,Client28,Autocall,AAPL,SELL,590000.0,3.304660190563771,1.227652782952456,0.26264710359441534,49.484392313882694,0,2025-01-23 13:59:00
1168,Client06,Autocall,NVDA,BUY,1250000.0,-2.122974739215062,-0.8155620775137824,0.7296453889130355,23.17987023463649,0,2025-01-23 14:00:00
3729,Client31,Autocall,SPX,BUY,640000.0,-2.5105342103995443,-1.4088953170818979,0.5796749121608566,6.5699287115732306,1,2025-01-23 14:00:00
1872,Client31,Autocall,SMI,BUY,400000.0,0.7539680845816435,-1.2249645840376173,0.18660911736246097,47.01479204391569,0,2025-01-23 14:02:00
543,Client11,Autocall,NESN,BUY,410000.0,-2.3724165813613105,4.307704073317806,0.4658392775533442,33.9873767354511,1,2025-01-23 14:03:00
79,Client36,Autocall,NESN,SELL,660000.0,0.00538609713617037,-1.8514317739200636,0.5538325396053516,9.717662255291687,1,2025-01-23 14:06:00
116,Client34,Bonus Certificate,AMZN,BUY,1080000.0,2.051918862668666,-2.675843129544195,0.40540137997576864,44.54087731172983,1,2025-01-23 14:07:00
3048,Client25,Tracker,AAPL,BUY,710000.0,-1.9084987591991096,2.0254753394010807,0.4061361623082613,,1,2025-01-23 14:08:00
3225,Client02,Reverse Convertible,AMZN,SELL,610000.0,-1.0139366089934823,-3.138218981338443,0.4275596035426995,,0,2025-01-23 14:10:00
3133,Client31,Autocall,SPX,SELL,710000.0,1.8628554173789609,3.232912919318136,0.6799056360689566,24.341076846038817,1,2025-01-23 14:12:00
672,Client30,Reverse Convertible,NESN,SELL,700000.0,-2.0604280305456455,4.576730359466986,0.9144312595984742,,0,2025-01-23 14:18:00
3545,Client08,Autocall,TSLA,BUY,120000.0,-0.3302163410692148,2.595620877845636,0.33637982768783226,24.8824414598616,1,2025-01-23 14:21:00
4254,Client28,Barrier Reverse Convertible,NESN,SELL,300000.0,-2.232899121916239,1.8831370745648188,0.35935670747466925,45.49509853737181,0,2025-01-23 14:22:00
1148,Client11,Autocall,NVDA,BUY,270000.0,1.9209151613578588,-0.059896947475435405,0.706344991953185,48.816177742783786,0,2025-01-23 14:24:00
1078,Client02,Autocall,NVDA,BUY,500000.0,1.0340483203035056,-1.9920998325714228,0.25988934559058613,27.83933773260628,1,2025-01-23 14:27:00
1341,Client02,Autocall,TSLA,SELL,550000.0,2.3542988538036536,2.061846550286654,0.18901375109299443,40.80500440336864,0,2025-01-23 14:29:00
3522,Client05,Tracker,NVDA,SELL,760000.0,-0.2221586156574664,1.1600114098037702,0.5865158951845821,,0,2025-01-23 14:32:00
3559,Client16,Autocall,AAPL,SELL,740000.0,0.6393797293183485,0.5468141634767516,0.4473992827291269,43.977388898455295,1,2025-01-23 14:34:00
839,Client34,Autocall,MSFT,BUY,330000.0,0.12735871892375378,-0.4482703411606148,0.326276339769396,0.8530166364587588,1,2025-01-23 14:42:00
1271,Client31,Autocall,NESN,SELL,380000.0,-0.23190922579994885,3.863752259441417,1.1564863251929098,34.938796895002,1,2025-01-23 14:45:00
4082,Client34,Barrier Reverse Convertible,MSFT,SELL,200000.0,-3.0664065323946708,-6.78356962156383,0.3559305809787013,26.788502075425146,0,2025-01-23 14:53:00
1659,Client17,Barrier Reverse Convertible,AAPL,BUY,2350000.0,2.133804238324463,4.9008107126335005,0.37692692665175487,13.38801483402623,1,2025-01-23 14:54:00
1992,Client34,Autocall,TSLA,BUY,900000.0,3.3763615968926626,0.20138769371082801,0.929783811295006,28.021692072985893,1,2025-01-23 14:55:00
2875,Client14,Autocall,MSFT,SELL,740000.0,-0.688236324672019,0.35978948302560443,0.2865848690999743,9.243952506549103,0,2025-01-23 15:00:00
4856,Client22,Autocall,NVDA,SELL,470000.0,-1.4756287245440434,-3.1605841245003576,0.3067881491849453,10.518072835319481,1,2025-01-23 15:06:00
1095,Client17,Bonus Certificate,AMZN,BUY,780000.0,-3.8130789456633813,3.6284189523610446,0.40968755581057653,35.08381270499682,1,2025-01-23 15:06:00
3104,Client11,Autocall,MSFT,BUY,640000.0,0.08762692051080731,3.2692329576943644,0.31468870129460746,32.218732541327455,0,2025-01-23 15:13:00
1534,Client26,Bonus Certificate,MSFT,SELL,580000.0,2.64092321973841,0.538721602616532,0.320176421535102,38.83009553627415,0,2025-01-23 15:24:00
2655,Client35,Autocall,AMZN,BUY,190000.0,-1.0432504765832167,2.441934480857577,0.7460845308671643,6.292075588508866,0,2025-01-23 15:25:00
3169,Client13,Bonus Certificate,SPX,BUY,620000.0,0.48381570525574874,-1.0973595325804975,0.5627389385416458,0.5413301520097336,0,2025-01-23 15:25:00
625,Client26,Autocall,MSFT,BUY,630000.0,-1.4847530356186298,1.0745592154807875,0.37604052073809047,43.16928419863678,1,2025-01-23 15:31:00
716,Client21,Autocall,SMI,SELL,200000.0,0.7061844882007228,-0.26587895620299806,0.8018744183813913,28.589501894746387,0,2025-01-23 15:44:00
3673,Client40,Reverse Convertible,SMI,BUY,320000.0,1.7970077105605116,-1.0961151482435627,0.2255740441207428,,0,2025-01-23 15:44:00
2856,Client12,Barrier Reverse Convertible,AAPL,BUY,610000.0,0.29826652200451254,-2.2461503223214665,0.680690969670954,41.56575259251436,1,2025-01-23 15:46:00
2232,Client15,Autocall,SMI,BUY,1650000.0,0.14234066801789644,-4.309044787534482,0.7720456489684259,21.907956324070614,0,2025-01-23 15:49:00
4712,Client39,Autocall,SMI,BUY,130000.0,2.5521976777965842,0.07942319137253494,0.27456221939455316,4.272568592666476,1,2025-01-23 15:49:00
948,Client28,Barrier Reverse Convertible,TSLA,BUY,910000.0,0.22213877610165628,1.7956737813778547,0.15283672492107325,38.08085009666709,0,2025-01-23 15:52:00
4929,Client20,Autocall,NESN,BUY,480000.0,3.9627862441897705,0.129271310160602,0.5126634175036764,24.51714294045404,0,2025-01-23 15:52:00
4380,Client22,Autocall,NESN,SELL,310000.0,-0.19346876120505163,0.6728806608245732,0.24015162170544757,38.0429657677269,0,2025-01-23 15:58:00
131,Client05,Autocall,SMI,BUY,530000.0,-1.0658718303799521,1.2271475900610755,0.6683856615154044,12.49829439065161,0,2025-01-23 16:01:00
1538,Client20,Reverse Convertible,SPX,BUY,530000.0,-0.1738060279946586,-1.9630261735341903,0.5561037024380079,,0,2025-01-23 16:01:00
4820,Client04,Barrier Reverse Convertible,TSLA,SELL,530000.0,-1.1262059989558677,4.1760718157386725,0.29224206524169893,15.772648073948186,1,2025-01-23 16:02:00
420,Client25,Autocall,TSLA,BUY,870000.0,-3.882919209311599,3.6077600895898723,0.22888976453315596,17.11658202678428,1,2025-01-23 16:02:00
4881,Client30,Barrier Reverse Convertible,NESN,BUY,960000.0,-1.545294528603474,-2.3629050828192257,0.40755699587347005,41.24900773872937,1,2025-01-23 16:07:00
14,Client11,Autocall,AMZN,SELL,250000.0,-1.5667896656655078,1.1974443379897866,0.26595226551643014,1.1126252016181615,1,2025-01-23 16:08:00
4050,Client16,Autocall,MSFT,BUY,610000.0,-1.4846595298052583,-1.2060656689317883,0.49312062117634436,29.986264842313155,0,2025-01-23 16:09:00
1242,Client31,Autocall,MSFT,SELL,360000.0,-0.09734572644094076,3.8717139654390924,0.2273204570676755,32.93677176001915,0,2025-01-23 16:09:00
4550,Client35,Autocall,NVDA,SELL,550000.0,-0.8490740930559192,-1.0462577446039063,0.6597102898072705,31.001311051334042,1,2025-01-23 16:09:00
2411,Client20,Autocall,SMI,BUY,600000.0,2.5723991670556208,3.231929744177873,0.3397518053445381,13.104198342978373,0,2025-01-23 16:09:00
2407,Client12,Reverse Convertible,AMZN,SELL,340000.0,-1.5227656580741906,2.0752485133455005,0.17628921933581768,,0,2025-01-23 16:15:00
2919,Client13,Autocall,AAPL,SELL,290000.0,2.1825317903038823,-0.2118124102129128,0.33600129122495553,40.065497288541685,1,2025-01-23 16:17:00
995,Client40,Autocall,SMI,SELL,920000.0,1.3351075971032782,3.8325632837624957,0.29156537185647813,11.915652664437044,0,2025-01-23 16:20:00
3488,Client25,Tracker,AAPL,SELL,1010000.0,0.33497065560936384,-2.065938807443959,0.1765195864947059,,1,2025-01-23 16:25:00
149,Client35,Autocall,NESN,SELL,160000.0,1.2812999116489656,0.7209011525441262,0.4020375437263454,9.377277128326517,0,2025-01-23 16:27:00
4475,Client24,Autocall,MSFT,SELL,910000.0,3.371640865036148,-4.283924738100866,0.6571829124993613,38.8037062830134,0,2025-01-23 16:29:00
1382,Client20,Autocall,SPX,BUY,560000.0,0.24149283129799093,3.014309767106303,0.1686248739327154,34.90058889781839,1,2025-01-23 16:33:00
2296,Client28,Tracker,AMZN,SELL,430000.0,-1.0628609277714298,0.372720014665171,0.2323390805650364,,0,2025-01-23 16:34:00
2200,Client17,Autocall,NVDA,SELL,860000.0,-0.535405956996853,-6.427249911406243,0.30817034289785217,25.775615498165983,1,2025-01-23 16:38:00
2107,Client11,Reverse Convertible,NESN,BUY,750000.0,4.332851974660067,4.472209061809033,0.1846834654779586,,0,2025-01-23 16:43:00
1102,Client03,Autocall,SMI,BUY,660000.0,2.3457947709387965,-0.6672880278328422,0.3132798641001855,29.826064634488635,0,2025-01-23 16:44:00
4286,Client11,Autocall,NVDA,BUY,650000.0,4.09844944256655,-5.72663901069224,0.27586245683644367,25.135049395530267,0,2025-01-23 16:46:00
707,Client17,Autocall,NESN,SELL,870000.0,3.104142408900036,-1.9580116909806882,0.3551666412899377,26.360677693426787,0,2025-01-23 16:47:00
4883,Client17,Autocall,SMI,SELL,790000.0,-5.644129879033392,-4.643571594555629,0.3518409631304371,35.913792894866035,0,2025-01-23 16:50:00
1949,Client35,Barrier Reverse Convertible,SMI,BUY,590000.0,0.8800746387514887,4.314052605467737,0.6190291951504894,38.36422665021911,1,2025-01-23 16:50:00
1025,Client10,Barrier Reverse Convertible,TSLA,SELL,1600000.0,-3.0178634115909326,-3.7113405504912453,0.3881799521424399,40.606528227230605,1,2025-01-23 16:51:00
342,Client16,Bonus Certificate,TSLA,BUY,890000.0,1.8114749475320822,-3.4511029434161804,0.5020721449055683,6.930111144960111,1,2025-01-23 16:51:00
81,Client16,Reverse Convertible,NESN,SELL,560000.0,-2.3350627320404564,5.615492080360982,0.20154425424892103,,0,2025-01-23 16:51:00
3080,Client28,Autocall,SMI,SELL,360000.0,0.621392681816012,-2.2861871787827837,0.7031742201615879,13.7152166570009,1,2025-01-23 16:54:00
1708,Client28,Autocall,TSLA,BUY,350000.0,-0.5034391664894755,-1.7961087974933383,0.2523746085711161,24.1077259068263,1,2025-01-23 16:57:00
1850,Client08,Tracker,TSLA,SELL,270000.0,-2.0834546223302857,-0.9182786723487042,0.5012280057896396,,1,2025-01-23 17:00:00
2665,Client05,Autocall,MSFT,SELL,700000.0,-4.9442980154656055,0.4816744585935909,0.2652425916580907,14.06084095804117,1,2025-01-23 17:04:00
639,Client10,Autocall,NESN,BUY,2140000.0,1.1162495358383238,-2.930824984261893,0.5205481713005436,17.98246518585139,0,2025-01-23 17:11:00
2806,Client35,Bonus Certificate,MSFT,BUY,670000.0,4.156402421991852,2.0325623624453204,0.35226307583480354,21.644536974094635,1,2025-01-23 17:11:00
739,Client20,Autocall,TSLA,SELL,530000.0,1.4890328639113444,0.774003333570955,0.202958621395046,35.13445280131565,1,2025-01-23 17:15:00
3932,Client27,Autocall,AMZN,BUY,180000.0,0.4186778660771949,-3.381833751132624,0.5181994794236248,40.23366385857583,0,2025-01-23 17:33:00
4055,Client10,Autocall,SMI,BUY,1950000.0,-0.5598842068249207,2.1354079696963835,0.31940461860353625,44.96707232601186,1,2025-01-23 17:39:00
2065,Client25,Reverse Convertible,NESN,SELL,520000.0,0.7595793967736119,-2.29761153308333,0.4176048035367686,,0,2025-01-23 17:42:00
2691,Client39,Autocall,AMZN,SELL,460000.0,-1.7751529975793148,2.0475884180232615,0.4870541116652204,17.4872130877525,0,2025-01-23 17:42:00
1485,Client17,Autocall,TSLA,SELL,380000.0,-0.18569460761768017,-3.344945656512063,0.24601684049317793,40.02012129721413,0,2025-01-23 17:46:00
908,Client30,Bonus Certificate,SPX,SELL,1390000.0,-2.971619268252839,1.9875799842612523,0.2734728716107834,20.26137070086217,0,2025-01-23 17:50:00
1607,Client23,Barrier Reverse Convertible,TSLA,SELL,250000.0,2.552497828304406,-0.28025348020337026,1.370809779446732,46.665885125471185,1,2025-01-23 17:59:00
2190,Client24,Autocall,AMZN,BUY,1190000.0,-2.2293751591866022,-1.3304103334511852,0.2511540775275239,1.505805838385016,0,2025-01-24 08:01:00
1248,Client18,Autocall,SPX,SELL,1310000.0,-2.8739200488248926,-5.978430464110398,0.5618545495057455,1.6335188623027463,1,2025-01-24 08:03:00
1718,Client38,Autocall,MSFT,BUY,210000.0,-0.1754453888916358,-3.0804493749974773,0.8039502881619413,36.15025554814119,1,2025-01-24 08:04:00
283,Client22,Autocall,NVDA,BUY,450000.0,1.4428883211024728,-3.539326386291374,0.3389291900917487,34.67423818414985,1,2025-01-24 08:05:00
3901,Client09,Autocall,SMI,BUY,1080000.0,-0.4031778136627631,-2.3091759118363204,0.32154471453841094,10.339711194440786,1,2025-01-24 08:05:00
1459,Client29,Tracker,TSLA,BUY,630000.0,-0.5851438668272283,2.7606240215126228,0.3469239025645436,,1,2025-01-24 08:06:00
4717,Client35,Autocall,NVDA,SELL,460000.0,-3.120613309734509,3.604278734112542,0.1964661937419174,5.6668994252774105,0,2025-01-24 08:09:00
2265,Client25,Autocall,SMI,SELL,670000.0,-5.6210399709434204,4.919762995013658,0.41908264306290965,6.3540947116091875,1,2025-01-24 08:09:00
861,Client37,Autocall,MSFT,BUY,910000.0,0.3699445032566404,-0.8268474740671403,0.2778749523120215,16.04661381568457,1,2025-01-24 08:11:00
3340,Client35,Autocall,MSFT,BUY,320000.0,0.3437197237571812,3.482836286139001,0.1790592138705161,22.676471028201874,0,2025-01-24 08:12:00
3537,Client16,Autocall,NESN,SELL,1110000.0,-1.0254275805089819,-3.3252112604465447,0.2615181529490208,41.25837282336357,0,2025-01-24 08:14:00
1906,Client06,Barrier Reverse Convertible,AMZN,BUY,1960000.0,-0.36011749864607084,-1.3006038027635378,0.37580516702102884,7.981193050068986,0,2025-01-24 08:15:00
3407,Client11,Autocall,MSFT,SELL,160000.0,-2.47213909567358,5.610432030950139,0.4908969153013352,36.25518884738013,0,2025-01-24 08:22:00
1464,Client31,Autocall,SPX,SELL,630000.0,5.02105017073254,4.749560040902306,0.7549550477040041,45.65846937481868,1,2025-01-24 08:28:00
2771,Client37,Reverse Convertible,AMZN,SELL,500000.0,0.7012328265671677,2.821614453039049,0.42630063039501304,,1,2025-01-24 08:28:00
4407,Client03,Autocall,SPX,BUY,390000.0,-0.8175940315340704,1.0432903954073423,0.17376001380265368,17.079238799397167,0,2025-01-24 08:29:00
3654,Client34,Autocall,NVDA,BUY,570000.0,-0.024886953045764548,3.9163530885519364,0.28710829016621014,13.838922198917182,1,2025-01-24 08:42:00
738,Client22,Tracker,MSFT,BUY,510000.0,-0.7579111858324205,6.812980455019545,0.5709404476232556,,0,2025-01-24 08:43:00
1044,Client03,Autocall,AAPL,SELL,350000.0,2.89078162572577,0.05943867398624456,0.7600225435271435,36.18127523969109,0,2025-01-24 08:45:00
1657,Client03,Autocall,SMI,BUY,390000.0,0.6463085081414555,2.860365975997097,0.5178045884450552,36.267936348210796,1,2025-01-24 08:47:00
658,Client20,Bonus Certificate,NVDA,BUY,510000.0,0.00889201471148447,-7.4326560716772825,0.2512765128453344,21.4765886498737,0,2025-01-24 08:47:00
2982,Client32,Autocall,SPX,SELL,590000.0,-3.1970428004567712,-1.723600791538872,0.2846464654953074,15.64216671925439,1,2025-01-24 08:59:00
3425,Client25,Autocall,SMI,SELL,1570000.0,-0.11584488713634367,-1.7761811115766581,0.580521225458208,10.746666765460755,0,2025-01-24 08:59:00
3427,Client18,Reverse Convertible,TSLA,SELL,3150000.0,2.6891819027102866,2.2258915859141633,0.39237868236698187,,1,2025-01-24 09:04:00
944,Client08,Autocall,NVDA,BUY,620000.0,-1.244760002485716,-1.928182249356071,0.2072752065413338,28.332575965815206,1,2025-01-24 09:14:00
1478,Client29,Autocall,AMZN,BUY,500000.0,-0.378200587255059,-4.775279314046397,0.3457444483394468,41.4804809930941,1,2025-01-24 09:14:00
215,Client30,Barrier Reverse Convertible,SPX,BUY,1530000.0,0.005001042118085014,-4.892785875515317,0.17251209876798715,28.219822052045863,1,2025-01-24 09:15:00
1135,Client34,Autocall,MSFT,BUY,270000.0,0.5908939403784786,1.5650319399419974,0.2311198762028615,5.843037929861855,0,2025-01-24 09:16:00
2077,Client36,Autocall,NVDA,SELL,420000.0,1.0803452840371734,-1.4293998470080935,0.6270786724402253,11.469633365155307,0,2025-01-24 09:17:00
3106,Client40,Autocall,TSLA,BUY,480000.0,0.4940439176152149,4.6936159342664645,0.30372285792829407,30.884749723363807,0,2025-01-24 09:18:00
4326,Client03,Bonus Certificate,MSFT,BUY,1490000.0,2.378651225329261,3.2010555167335295,0.27924172049394025,34.86757322440986,0,2025-01-24 09:26:00
2044,Client25,Autocall,NESN,BUY,620000.0,-1.5753522665804183,-3.7957628379021537,0.21870789714511782,17.409303301377022,0,2025-01-24 09:27:00
176,Client32,Tracker,NVDA,SELL,830000.0,-0.313572627013458,0.5322021366779668,0.1659224875400265,,1,2025-01-24 09:35:00
1543,Client21,Bonus Certificate,NVDA,SELL,280000.0,-2.6091318086891833,0.8237405693362133,0.43166443269007987,4.1177227865016155,1,2025-01-24 09:37:00
1463,Client27,Autocall,TSLA,SELL,360000.0,1.1549389441816689,0.7564532216076159,0.5669359912990235,41.04269897651312,0,2025-01-24 09:39:00
1731,Client35,Reverse Convertible,AMZN,SELL,420000.0,0.40366059988955194,-3.5913850222123194,0.3971395140986323,,0,2025-01-24 09:41:00
3693,Client20,Bonus Certificate,TSLA,SELL,530000.0,0.6168875760067105,-0.4391985399167444,0.5467400335829923,41.876160184444025,0,2025-01-24 09:45:00
545,Client22,Reverse Convertible,NESN,SELL,970000.0,3.8915465903759463,-0.5145040814273092,0.5905257776921183,,0,2025-01-24 09:51:00
2406,Client32,Autocall,SPX,SELL,890000.0,2.0445819955828175,-0.35750231857814213,0.30116823461356124,47.73391634752301,1,2025-01-24 09:53:00
1987,Client03,Autocall,AAPL,SELL,260000.0,0.9081788846633724,2.304317616694897,0.5550276995779198,32.38933656648164,0,2025-01-24 09:54:00
3623,Client22,Tracker,MSFT,SELL,780000.0,1.6782169241915152,-0.9488438438884044,0.15921896838350327,,0,2025-01-24 09:55:00
433,Client19,Autocall,AAPL,BUY,450000.0,-0.3761768985559628,-6.251934634487336,0.4620089854574567,28.00368585966617,0,2025-01-24 09:56:00
2130,Client18,Tracker,AMZN,BUY,1350000.0,1.091618507036522,0.2808172337777519,0.8315102650157955,,0,2025-01-24 09:58:00
1902,Client11,Barrier Reverse Convertible,MSFT,SELL,210000.0,-1.2627834893242782,-4.482984899215063,0.6478878545572833,11.956497337781613,1,2025-01-24 09:59:00
510,Client30,Barrier Reverse Convertible,TSLA,BUY,360000.0,-0.5274145392987565,1.4769259053065147,0.3311395119563265,39.24428131895923,1,2025-01-24 10:00:00
2006,Client34,Autocall,SPX,SELL,330000.0,0.255542588839378,-0.4585425770425724,0.1741253386348814,18.016434117136566,1,2025-01-24 10:01:00
4418,Client32,Autocall,AMZN,BUY,440000.0,-0.1389803562615418,2.1425655158213486,0.2712447076627502,14.896556078826661,1,2025-01-24 10:02:00
2171,Client21,Bonus Certificate,SMI,SELL,260000.0,3.978131222807851,1.00475666086473,0.29258628061814657,38.00772749843514,0,2025-01-24 10:02:00
1756,Client18,Autocall,AMZN,BUY,1260000.0,-0.18795615748969138,0.2783401770248082,0.3552952501018505,12.863287210660907,0,2025-01-24 10:04:00
429,Client28,Autocall,NESN,SELL,390000.0,-1.778923537984566,1.37815049535178,0.34521088723154164,25.80616444789541,1,2025-01-24 10:07:00
3191,Client37,Autocall,NESN,SELL,300000.0,3.8110393093869672,1.3245322383251477,0.830694872015391,13.334042246546401,1,2025-01-24 10:10:00
3003,Client01,Autocall,NVDA,BUY,200000.0,-0.5838267351775631,1.6962437252355342,0.5057875888378818,21.71653138913443,0,2025-01-24 10:10:00
927,Client13,Reverse Convertible,TSLA,SELL,210000.0,-7.10838941111299,2.578984757821636,0.3756609165934067,,0,2025-01-24 10:12:00
4782,Client34,Autocall,AAPL,BUY,350000.0,2.5852961402316725,3.490202656517588,0.4756741041872168,13.841691293025393,0,2025-01-24 10:12:00
379,Client22,Bonus Certificate,NESN,SELL,1300000.0,-0.8976063297678682,-0.5358467049759408,0.6930219332457341,33.57713917845355,0,2025-01-24 10:13:00
3971,Client36,Autocall,NVDA,SELL,1900000.0,1.5902292026955243,-2.4981547919570244,0.20411074789930514,2.946404034963357,1,2025-01-24 10:17:00
3255,Client08,Autocall,TSLA,SELL,390000.0,0.627077352017477,-1.1268172861858785,0.4661890359027912,28.31512329377996,1,2025-01-24 10:21:00
3863,Client07,Barrier Reverse Convertible,NVDA,SELL,330000.0,1.8167633508316492,-1.8168907320538614,0.4880768600338471,28.325371700213342,0,2025-01-24 10:24:00
4726,Client37,Autocall,TSLA,BUY,420000.0,-0.7492238071366304,4.401997020967732,0.3601128435288386,5.386491265951221,1,2025-01-24 10:26:00
3632,Client01,Autocall,NESN,SELL,130000.0,-1.315094776104371,-3.0325586874581063,0.5931829837088847,31.14285130316363,0,2025-01-24 10:29:00
3777,Client11,Autocall,MSFT,BUY,620000.0,-0.40606766036437053,-4.276318470549562,0.721738573602804,9.966545580210267,0,2025-01-24 10:34:00
4356,Client13,Autocall,SPX,SELL,310000.0,3.538296371578703,0.5007509361588577,0.2534184486678298,28.779228710495875,1,2025-01-24 10:37:00
4063,Client18,Autocall,NVDA,SELL,660000.0,-3.064172147837913,-0.9697115904299816,1.039290066607077,23.575940230852847,1,2025-01-24 10:38:00
2699,Client35,Autocall,SMI,SELL,1080000.0,-1.0671818483398048,-5.321766322342677,0.3079592442832453,30.375515979984208,0,2025-01-24 10:40:00
3719,Client12,Autocall,TSLA,SELL,650000.0,1.7716346995052035,-1.7950483828995414,0.39306355031468215,2.4709827886471194,0,2025-01-24 10:41:00
39,Client22,Autocall,MSFT,BUY,420000.0,1.516736230788091,-0.8008286071234951,0.5990246416321768,10.859411434784322,0,2025-01-24 10:44:00
4349,Client08,Autocall,AAPL,SELL,380000.0,5.27010072354474,-0.29429097926876097,0.4690961189670711,39.17299188167779,1,2025-01-24 10:44:00
323,Client16,Barrier Reverse Convertible,NVDA,BUY,500000.0,0.5746273515737736,-0.2286130155125718,0.24351036713825516,0.29440160605638255,1,2025-01-24 10:45:00
2036,Client21,Autocall,MSFT,BUY,150000.0,-0.0360461064955056,-1.3700773886245994,0.5376300849422627,26.826546143775374,0,2025-01-24 10:46:00
2807,Client28,Autocall,MSFT,BUY,340000.0,-1.098714791678686,-6.201832052982718,0.31885956078447125,10.51366850582972,1,2025-01-24 10:52:00
4656,Client08,Autocall,AAPL,BUY,440000.0,0.27761936023068795,-1.1622523749356506,0.2600118149891536,30.383446667165813,1,2025-01-24 10:52:00
2817,Client27,Bonus Certificate,AMZN,BUY,380000.0,-1.8186946284123549,4.660103258347042,0.5135565208536604,2.3871236127361914,0,2025-01-24 10:54:00
246,Client27,Bonus Certificate,NVDA,SELL,420000.0,-1.3346664449504997,1.976867501082741,0.48648021963281707,10.016298183625839,1,2025-01-24 10:55:00
4051,Client35,Autocall,NVDA,SELL,630000.0,3.069100800092611,3.2675404071886063,0.42088475361397204,23.9268956445726,0,2025-01-24 10:56:00
2561,Client08,Autocall,AAPL,SELL,250000.0,2.478626402592144,-3.2833871918427486,0.18709126218155617,5.878367418543623,1,2025-01-24 10:56:00
3156,Client34,Barrier Reverse Convertible,AAPL,SELL,1840000.0,-0.5824694708868204,2.8891513156428523,0.3346537482802996,24.884007788292923,0,2025-01-24 10:57:00
4139,Client32,Autocall,TSLA,SELL,670000.0,-1.9814977325287166,-7.1671618640321135,0.4419127234951002,42.238477289546395,1,2025-01-24 11:00:00
2700,Client23,Autocall,MSFT,SELL,230000.0,1.2596999245144787,-3.7415987911929296,0.4156643186786794,10.754073910422063,1,2025-01-24 11:01:00
4226,Client32,Autocall,TSLA,SELL,620000.0,-0.14184574876431874,-2.871358938516603,0.36703153148722556,23.019999484588112,0,2025-01-24 11:04:00
2663,Client36,Reverse Convertible,AAPL,BUY,640000.0,1.843106086034201,-0.4726016383763022,0.546681933747873,,0,2025-01-24 11:07:00
3297,Client06,Autocall,AAPL,SELL,1970000.0,-2.5967470744305245,0.3674656371638629,0.5699166745557023,9.987757103568528,0,2025-01-24 11:15:00
1829,Client03,Autocall,SMI,SELL,400000.0,0.9559895607888899,-2.89628320132518,0.5403917911311951,6.871335563872938,1,2025-01-24 11:16:00
2456,Client28,Tracker,NVDA,BUY,270000.0,0.6104715281298236,-0.3833656552029301,0.616490843860056,,0,2025-01-24 11:21:00
1978,Client26,Barrier Reverse Convertible,NESN,SELL,320000.0,-0.3972412093871891,-0.08539142980717389,0.3249377847355285,30.06281376981661,0,2025-01-24 11:25:00
3060,Client04,Autocall,AMZN,SELL,700000.0,3.6682142488625553,-0.9011949737694,0.49865146635630847,1.5650966942787503,0,2025-01-24 11:27:00
3548,Client11,Autocall,TSLA,SELL,230000.0,-2.946811061547738,3.812661863810055,0.5581180950266138,24.540000169210597,0,2025-01-24 11:27:00
306,Client30,Autocall,AMZN,SELL,390000.0,-2.325630035036096,-0.9506496630492696,0.44714242815633126,0.5504711561763687,0,2025-01-24 11:33:00
289,Client06,Reverse Convertible,NESN,BUY,1010000.0,0.8864739028630044,4.840682701860858,0.5357877020925514,,1,2025-01-24 11:37:00
2784,Client04,Autocall,AMZN,BUY,400000.0,2.726968316307746,2.358847842729703,0.31839612869800105,43.113991897223634,0,2025-01-24 11:37:00
4688,Client03,Autocall,AAPL,SELL,250000.0,-1.9933644747606711,4.499384676123361,0.8176546557232572,11.039141812229914,0,2025-01-24 11:38:00
235,Client26,Autocall,SMI,BUY,530000.0,1.343793497586282,-3.926968963236056,0.2627814156480249,37.019139631380995,1,2025-01-24 11:40:00
3625,Client07,Reverse Convertible,NESN,BUY,630000.0,-1.5144008095728854,-1.590177506365309,0.3981295610659112,,1,2025-01-24 11:41:00
3556,Client14,Autocall,SPX,BUY,1160000.0,2.1709520742163084,4.2877037531444175,0.22541134332201127,29.197171569667645,1,2025-01-24 11:45:00
2732,Client28,Autocall,MSFT,BUY,430000.0,2.3029713430335885,-3.9659188368311646,0.27989454579470424,21.859436663607855,1,2025-01-24 11:45:00
3907,Client20,Autocall,TSLA,BUY,350000.0,2.1382043364741268,-5.274937345135711,0.5832151110118847,20.100308243016542,1,2025-01-24 11:48:00
1192,Client38,Autocall,NVDA,SELL,390000.0,-1.0010320637453358,-3.5671062188175533,0.5741664674186681,6.700889887017319,1,2025-01-24 11:49:00
2454,Client11,Autocall,NESN,SELL,280000.0,-2.364255846896529,6.154429544799896,0.3802382348319982,41.03027697448585,1,2025-01-24 11:50:00
4541,Client22,Autocall,SPX,BUY,160000.0,1.8621092706159033,-3.61835983837883,0.34307816953655434,2.1974897316249464,0,2025-01-24 11:55:00
4989,Client08,Autocall,TSLA,SELL,130000.0,1.5394988686709898,-0.42963222840561865,0.5044433000741828,12.523409632138366,1,2025-01-24 11:56:00
432,Client40,Autocall,NVDA,BUY,370000.0,1.1482519501732469,-2.726057973312618,0.6005902745490708,24.667959466188442,1,2025-01-24 11:57:00
1069,Client37,Autocall,TSLA,SELL,530000.0,-0.4526754880848725,3.142006277648357,0.28810531655341015,5.297879863440086,0,2025-01-24 12:03:00
3167,Client32,Autocall,NVDA,BUY,1010000.0,-4.009477970339592,4.697770479935609,0.43102349229861925,11.62551062763883,1,2025-01-24 12:05:00
1981,Client03,Autocall,NESN,SELL,220000.0,4.823041557782479,4.209248802345983,0.47033135283760424,27.2834940202642,0,2025-01-24 12:06:00
3538,Client36,Barrier Reverse Convertible,SPX,BUY,1900000.0,1.9890801245117258,-2.9554783243173457,0.5438425103568316,46.34831074758087,0,2025-01-24 12:11:00
4893,Client25,Bonus Certificate,AMZN,BUY,770000.0,-4.356709259572556,-0.5931546866738157,0.14189177092561,39.68291728296683,0,2025-01-24 12:13:00
1134,Client35,Autocall,TSLA,SELL,890000.0,0.901163689312165,-3.404678121018207,0.5411482368585185,23.147651989947725,1,2025-01-24 12:15:00
994,Client18,Autocall,NVDA,SELL,1310000.0,-0.16073385084615274,-0.12977988862707882,0.2515056244353787,37.861108984670075,1,2025-01-24 12:18:00
1429,Client20,Autocall,NVDA,SELL,590000.0,-0.5263944717137969,0.42806701486450827,0.19847813066714678,1.695078903358449,0,2025-01-24 12:19:00
1665,Client36,Autocall,MSFT,SELL,1320000.0,1.6202068101922849,-1.016781312202355,0.1425253294633779,6.372373684475191,0,2025-01-24 12:20:00
454,Client15,Autocall,SMI,SELL,1550000.0,-1.4390013386014564,2.367811012264802,0.3717095576463297,42.27475202843393,1,2025-01-24 12:20:00
3306,Client01,Reverse Convertible,AAPL,BUY,80000.0,3.6415698878007685,-4.629744535148539,0.5873325852277509,,0,2025-01-24 12:22:00
3349,Client17,Tracker,TSLA,SELL,1050000.0,5.661467003645824,2.524904949151858,0.47197285983944165,,1,2025-01-24 12:26:00
3853,Client09,Autocall,SPX,SELL,640000.0,-1.7653031485431399,-4.202450608744169,0.318057549788323,24.797466022179897,1,2025-01-24 12:32:00
4528,Client26,Barrier Reverse Convertible,NVDA,SELL,340000.0,-0.13989118456349506,-0.2609395446443394,0.5577276344306328,16.97077955980784,1,2025-01-24 12:33:00
242,Client11,Reverse Convertible,SMI,SELL,170000.0,-3.9327547448371014,0.5013158199198363,0.7835561878650977,,1,2025-01-24 12:38:00
4669,Client21,Autocall,TSLA,SELL,200000.0,-3.6469787728968472,2.80024898776645,0.15074421967228116,39.16436319249886,0,2025-01-24 12:39:00
4259,Client02,Autocall,NESN,SELL,2260000.0,-1.9497068231779497,-3.0658480615947594,0.7487398465509119,7.544993229149011,0,2025-01-24 12:41:00
842,Client11,Autocall,MSFT,BUY,300000.0,-0.5856206013218704,-0.4144928468897805,0.2515421646871452,8.014726173586345,1,2025-01-24 12:42:00
2759,Client07,Tracker,MSFT,BUY,440000.0,1.2499476355053585,-2.4928826025237147,0.2971299512251896,,1,2025-01-24 12:43:00
4460,Client05,Autocall,TSLA,SELL,2240000.0,-1.0306457910797904,0.16328433577624843,0.7940183901999702,36.06990679297429,0,2025-01-24 12:50:00
847,Client17,Reverse Convertible,SMI,SELL,900000.0,-0.49502001377438387,2.5742847775110373,0.5772678057508207,,1,2025-01-24 12:59:00
390,Client16,Autocall,NESN,SELL,370000.0,2.8397612909352796,-1.936796559391599,0.7040784260463889,33.9308555946968,0,2025-01-24 13:00:00
4578,Client21,Autocall,AMZN,SELL,320000.0,0.5381327024002034,1.0017642465678178,0.35372573192060597,25.687092047612264,0,2025-01-24 13:01:00
2317,Client31,Autocall,NESN,BUY,620000.0,-0.8882894457205197,0.7186213105690894,0.28258556014427844,8.538491847562192,1,2025-01-24 13:03:00
763,Client13,Reverse Convertible,NESN,SELL,70000.0,-2.17584581968746,-4.133703770926881,0.23854116698925062,,0,2025-01-24 13:03:00
4852,Client15,Reverse Convertible,AAPL,SELL,2520000.0,4.0386124549196385,-0.8470246632072367,0.2646501033382584,,1,2025-01-24 13:05:00
1217,Client28,Reverse Convertible,MSFT,SELL,370000.0,1.5913380085176765,2.5470023752467377,0.2333828838556062,,1,2025-01-24 13:05:00
484,Client26,Bonus Certificate,TSLA,BUY,210000.0,1.5655402802814387,2.7719980919737535,0.7274682037209447,32.70608941991428,0,2025-01-24 13:11:00
3040,Client28,Autocall,TSLA,BUY,650000.0,1.876983284742364,-2.603451823219344,0.34000591761852017,47.985482714938286,1,2025-01-24 13:11:00
2206,Client02,Autocall,TSLA,SELL,770000.0,-1.618443644046386,-1.6024648709843583,1.2313822208356973,37.79557791486339,0,2025-01-24 13:13:00
920,Client35,Autocall,AMZN,SELL,920000.0,-1.6739188664184554,4.893629312713867,0.24100393248285165,47.24896573343831,0,2025-01-24 13:13:00
1729,Client11,Tracker,TSLA,BUY,390000.0,1.97982444303364,0.9288584083486283,1.0364903926635995,,1,2025-01-24 13:17:00
3968,Client13,Bonus Certificate,NESN,BUY,280000.0,0.8183723802816459,0.8992029733127789,0.38887587923661227,29.7701680390083,0,2025-01-24 13:19:00
3486,Client40,Tracker,AMZN,BUY,730000.0,-1.816363543271908,-5.029144279708232,0.18426246370719185,,1,2025-01-24 13:22:00
401,Client10,Autocall,AAPL,BUY,3170000.0,-1.2756905597540906,0.5489742969037844,0.9202625809298219,8.579833998315085,0,2025-01-24 13:22:00
4743,Client28,Autocall,AAPL,BUY,300000.0,0.029577947426294337,4.243684926360187,0.4657904428088429,40.29244775427833,1,2025-01-24 13:23:00
1513,Client22,Autocall,SMI,BUY,950000.0,-1.4667694740233745,2.6023019077877163,0.9485940725607392,15.597521726323654,1,2025-01-24 13:24:00
2800,Client30,Autocall,NVDA,SELL,260000.0,2.959815429969313,-4.485540440860438,0.30119746781464485,43.19272139187164,0,2025-01-24 13:28:00
3054,Client12,Autocall,NESN,SELL,680000.0,-2.5243168366960225,-0.8738573938676912,0.42675771973935334,49.22020872814575,0,2025-01-24 13:29:00
1967,Client15,Bonus Certificate,SMI,SELL,3680000.0,-0.5258269969202424,0.45551922438902764,0.3777453887985988,12.044375301339977,0,2025-01-24 13:36:00
4501,Client35,Autocall,NESN,BUY,880000.0,-2.149808290134188,-2.1042895003756246,0.5048390503735118,26.586299375368878,0,2025-01-24 13:42:00
3706,Client35,Barrier Reverse Convertible,MSFT,SELL,260000.0,1.0397209058882888,-0.8994477921066334,0.3954012555549568,0.7463026800071104,0,2025-01-24 13:42:00
1101,Client10,Reverse Convertible,AMZN,SELL,1440000.0,0.7748017350405956,0.24316570751629396,0.3636197195042713,,1,2025-01-24 13:44:00
2898,Client22,Autocall,TSLA,BUY,580000.0,-3.0938009648802773,-1.36690165367628,0.16464965887853866,48.702613650285045,0,2025-01-24 13:53:00
2968,Client30,Bonus Certificate,SMI,BUY,320000.0,0.46960949347583203,3.466904648381436,1.0917749693496788,40.63374415289452,0,2025-01-24 13:54:00
4166,Client21,Autocall,NVDA,SELL,150000.0,1.0336981743561202,2.801636448873707,0.6423864742082711,10.383092135809735,1,2025-01-24 13:55:00
3587,Client20,Autocall,NVDA,SELL,540000.0,-4.835754803317722,3.7222383073380545,0.1511289138163915,26.07306895420577,0,2025-01-24 13:56:00
2614,Client35,Autocall,SPX,SELL,210000.0,-0.23271800119638145,-1.403128423911171,0.3518689270961294,15.918714147305757,0,2025-01-24 14:01:00
4769,Client06,Bonus Certificate,AAPL,BUY,890000.0,0.23030175899026542,-0.4058412882436355,0.31079154890087335,46.31020374829289,1,2025-01-24 14:01:00
2460,Client15,Bonus Certificate,TSLA,BUY,1530000.0,-1.8431366533400855,-0.04004317043885186,0.5104522553085389,6.081502302029879,1,2025-01-24 14:09:00
4324,Client25,Autocall,TSLA,SELL,560000.0,0.5030877362032159,2.888237750880093,0.3807551710709462,23.844218772158037,0,2025-01-24 14:12:00
2848,Client24,Autocall,SPX,BUY,610000.0,3.3941505130125593,-4.941446179871091,0.3457027849895668,17.539256613016786,0,2025-01-24 14:13:00
3521,Client02,Bonus Certificate,NESN,SELL,920000.0,3.133325524027882,1.3836860192365483,0.5468659093811739,28.25933516768927,0,2025-01-24 14:20:00
1082,Client18,Autocall,SPX,SELL,780000.0,-0.11733906891224939,0.16952282187358253,0.2436888055863561,18.490715357876102,0,2025-01-24 14:20:00
564,Client13,Autocall,MSFT,BUY,270000.0,-0.6982254849016257,-2.616305381854759,0.4879328386395995,9.470721802515685,1,2025-01-24 14:21:00
1563,Client02,Autocall,SPX,SELL,700000.0,2.6640577871426903,-5.809596507205747,0.19075403565912788,35.54074341145837,0,2025-01-24 14:21:00
4040,Client34,Autocall,SPX,BUY,130000.0,-3.7870381767389576,-0.848381221474632,0.568307680397204,18.764486557178113,1,2025-01-24 14:34:00
2457,Client26,Autocall,AAPL,SELL,320000.0,0.9528071885038699,-1.5469535469417082,0.24791983915015325,35.337029214986174,0,2025-01-24 14:34:00
3583,Client35,Autocall,SMI,SELL,700000.0,1.665939882167845,-0.6356131053494747,0.35903372660370236,16.475751816475366,1,2025-01-24 14:37:00
3356,Client23,Autocall,TSLA,BUY,720000.0,-4.190879483107319,3.5284032507807876,0.20927948376866246,20.767272303879597,1,2025-01-24 14:40:00
3333,Client07,Reverse Convertible,AMZN,BUY,330000.0,0.9900323640344172,1.6520543479732366,0.26769955938934276,,1,2025-01-24 14:40:00
3621,Client36,Reverse Convertible,NESN,SELL,300000.0,1.425366321816547,4.387760873420511,0.3804660703589747,,1,2025-01-24 14:41:00
4191,Client19,Bonus Certificate,SMI,SELL,340000.0,-0.014944934792107463,0.3892152851581725,0.22633333729762226,42.572639463583556,0,2025-01-24 14:52:00
3857,Client26,Autocall,SMI,SELL,320000.0,0.6990851999108725,-6.60257070627933,0.5967935462251521,34.00739357969844,0,2025-01-24 14:54:00
1692,Client20,Autocall,TSLA,SELL,400000.0,2.3565055300283397,-1.7932904328836086,0.36624044402021644,21.815551536291057,0,2025-01-24 14:57:00
1643,Client28,Reverse Convertible,MSFT,BUY,310000.0,-2.020339489970118,3.424541627142821,0.11951017642226718,,0,2025-01-24 14:59:00
3318,Client34,Autocall,SMI,SELL,850000.0,-2.325146659431093,2.031274279816299,0.6244856275376628,49.94171021184479,1,2025-01-24 15:08:00
3041,Client28,Autocall,AAPL,SELL,170000.0,3.5020713270470445,-1.3053470622340817,0.6260476805540107,46.75327874495478,1,2025-01-24 15:08:00
4104,Client34,Autocall,TSLA,BUY,670000.0,0.3993294804718982,0.028904624440509834,0.7037387556705046,1.3482715709513093,1,2025-01-24 15:09:00
2618,Client40,Autocall,NESN,BUY,240000.0,-1.6616952079408753,-3.9857054637165032,0.5229213641935707,40.18860056036267,0,2025-01-24 15:11:00
1067,Client34,Autocall,NVDA,SELL,220000.0,0.9105039684371159,-1.1263961963103202,0.2642678399492006,46.74534323175688,1,2025-01-24 15:12:00
3219,Client35,Autocall,NESN,BUY,480000.0,0.8564848735117422,-2.117049963273958,0.43977196552092185,34.08575441767306,0,2025-01-24 15:13:00
3976,Client22,Autocall,SPX,BUY,360000.0,-1.0681376989055351,-4.119929170165139,0.395112887985888,18.018565201422827,0,2025-01-24 15:14:00
3667,Client21,Autocall,NVDA,SELL,140000.0,1.6974803957408502,-4.534290805376257,0.2094385948988789,8.315926839426629,0,2025-01-24 15:15:00
2371,Client28,Autocall,MSFT,SELL,450000.0,-1.2437324751472565,3.7856658846352222,0.48798416088102164,31.15987446692489,1,2025-01-24 15:17:00
4183,Client33,Autocall,SPX,SELL,320000.0,0.9040454298858305,0.19940471108118327,0.5759815173602147,45.87975048288908,0,2025-01-24 15:22:00
3203,Client22,Autocall,TSLA,SELL,760000.0,-1.6329240692950722,-5.65128238248363,0.20869136422471823,18.20782564908655,0,2025-01-24 15:37:00
4949,Client34,Barrier Reverse Convertible,AMZN,SELL,290000.0,-0.17405589279303368,-3.2673117383929435,0.37481789057180614,42.62052804402543,1,2025-01-24 15:37:00
2332,Client35,Bonus Certificate,NESN,SELL,450000.0,0.13950353201371085,-4.89770950058345,0.41314815505180025,19.00152543267975,1,2025-01-24 15:48:00
4928,Client31,Bonus Certificate,AMZN,SELL,940000.0,-0.9851444640211378,4.42900864296946,0.24747739048519318,11.088947826197948,1,2025-01-24 15:51:00
862,Client08,Autocall,AAPL,SELL,370000.0,1.1252286178068984,-1.3869864910605072,0.5069784469858997,12.440353756823857,1,2025-01-24 15:53:00
1280,Client15,Autocall,TSLA,BUY,3480000.0,-1.3180498291974514,7.067230606236624,0.5343988889165606,18.44006753417931,1,2025-01-24 16:01:00
2010,Client17,Autocall,NVDA,BUY,1280000.0,-1.2858819818786351,-2.670090160399474,0.29339248664664397,48.6004366640483,1,2025-01-24 16:03:00
4877,Client12,Autocall,MSFT,SELL,930000.0,2.6751430387832333,0.9254543085944619,0.5820357293328393,17.266605021351133,0,2025-01-24 16:05:00
4593,Client27,Autocall,SPX,BUY,470000.0,-1.1023874332620087,-4.306074031426313,0.0838384804170208,12.107163879742616,1,2025-01-24 16:06:00
1130,Client31,Autocall,AMZN,SELL,570000.0,1.0247289087671676,-0.7660633604358846,0.3223139427241328,26.393682500187882,0,2025-01-24 16:06:00
2216,Client31,Autocall,AAPL,SELL,420000.0,-0.4643540909617576,7.2185223992569405,0.6204976590354617,6.264489248373851,1,2025-01-24 16:06:00
4024,Client13,Autocall,SMI,BUY,190000.0,0.33894337297369814,0.6763822080470254,0.41770740775920856,38.54899251870329,1,2025-01-24 16:08:00
1292,Client25,Autocall,NVDA,SELL,710000.0,0.34494657641474546,1.3613634935519507,0.17484443358221885,8.206370374553085,0,2025-01-24 16:20:00
3086,Client04,Autocall,AMZN,BUY,360000.0,1.635017623631049,3.3779937751088127,0.25823453967380827,13.6679747882911,1,2025-01-24 16:20:00
987,Client37,Autocall,AAPL,SELL,240000.0,1.0370170364880948,2.3425781891541435,0.310677699432809,34.813690341881944,0,2025-01-24 16:21:00
659,Client12,Bonus Certificate,NVDA,SELL,530000.0,1.1862030423347698,-0.3579223801518058,0.31522615505740276,23.427340551155208,0,2025-01-24 16:24:00
2500,Client32,Autocall,SPX,SELL,610000.0,-2.9112376646626648,-2.2012528091094787,0.3308848277637013,2.723597148532597,1,2025-01-24 16:26:00
359,Client31,Autocall,AAPL,SELL,520000.0,-0.44638537973567877,2.341426635261784,0.2794496707356879,21.22864144006021,1,2025-01-24 16:26:00
2988,Client38,Autocall,AMZN,SELL,360000.0,2.8188348088536013,-1.5233646441291604,0.30615572558241927,47.54501496054818,0,2025-01-24 16:31:00
1424,Client14,Autocall,TSLA,SELL,1410000.0,-1.4745548970794617,-5.640309934175246,0.5978691686507247,49.04622948896275,1,2025-01-24 16:43:00
4831,Client28,Autocall,MSFT,BUY,990000.0,-2.0862492411342948,3.2767958795894625,0.2393281740390168,49.61864020146723,1,2025-01-24 16:48:00
253,Client34,Autocall,AAPL,BUY,340000.0,2.071056370894844,-4.217181028386039,0.14673121235097816,3.3499317835269493,1,2025-01-24 16:48:00
2333,Client34,Bonus Certificate,NVDA,SELL,320000.0,0.14883247762161272,-2.2905925601075685,1.134074528179973,16.77844555707551,0,2025-01-24 16:52:00
3013,Client15,Autocall,MSFT,BUY,1910000.0,-1.4979535598256712,2.403254431528246,0.5624143067352669,31.768135498523055,0,2025-01-24 16:56:00
677,Client19,Autocall,AMZN,SELL,500000.0,-1.9375450923545876,-3.311266658280686,0.5804923834841511,1.8921348510890001,1,2025-01-24 16:56:00
4664,Client26,Tracker,SMI,SELL,210000.0,-0.044976165523179706,2.514738054651639,0.31096130375764963,,0,2025-01-24 16:57:00
4915,Client01,Barrier Reverse Convertible,TSLA,SELL,230000.0,-3.693965929555433,3.6563785100757435,0.2598115295713001,12.923944583736668,1,2025-01-24 17:01:00
602,Client05,Autocall,TSLA,SELL,420000.0,0.4500136164568319,-3.7697375714610635,0.26818164240471937,6.104587483832791,1,2025-01-24 17:02:00
66,Client15,Autocall,NESN,BUY,2360000.0,-0.5903768382533107,-0.5648628586212202,0.22428375873105516,0.7115027397914864,0,2025-01-24 17:07:00
73,Client03,Autocall,NESN,SELL,260000.0,0.22017868473608015,1.760120436361096,0.29021884291118916,3.745947891802348,0,2025-01-24 17:09:00
1765,Client15,Autocall,AAPL,BUY,2760000.0,0.301619161768415,-0.1295921079470801,0.40729512424366526,12.921985746464143,1,2025-01-24 17:17:00
1787,Client36,Autocall,AMZN,SELL,670000.0,-0.6565062364851918,2.7328125698075088,0.37144597323674433,44.85073132287539,0,2025-01-24 17:17:00
2086,Client16,Autocall,TSLA,SELL,720000.0,0.37945600761510745,4.507513331339365,0.14676168043566976,13.628374505969788,1,2025-01-24 17:19:00
760,Client22,Bonus Certificate,TSLA,SELL,910000.0,-0.6042782886276362,3.071835232336671,0.34540414434765515,22.62969135008785,0,2025-01-24 17:22:00
3951,Client26,Reverse Convertible,NVDA,BUY,910000.0,-2.14598529993149,2.094758301898672,0.22787224995306338,,0,2025-01-24 17:25:00
1091,Client18,Bonus Certificate,NVDA,SELL,1460000.0,-0.24387947594188764,1.973713018182212,0.31464676409580977,11.089897739147874,0,2025-01-24 17:27:00
4685,Client05,Autocall,SMI,BUY,650000.0,-1.697342160395717,-1.9128797554475347,0.22797436158370085,38.03176084130072,0,2025-01-24 17:28:00
2246,Client31,Bonus Certificate,AAPL,BUY,410000.0,1.6375140432073485,7.88158193177591,0.5867795589392736,34.85616642191026,0,2025-01-24 17:29:00
1189,Client11,Barrier Reverse Convertible,MSFT,BUY,180000.0,1.6547676049428495,1.072215986830189,0.3406574559220488,9.026204330613835,0,2025-01-24 17:29:00
4918,Client26,Autocall,MSFT,SELL,200000.0,-0.2797135316641765,0.5854767932552734,0.44490168133982544,46.82485636151067,1,2025-01-24 17:31:00
326,Client03,Barrier Reverse Convertible,TSLA,SELL,680000.0,3.1847740869549748,-2.1719650382693714,0.42687629169525854,27.784870509723135,0,2025-01-24 17:33:00
1212,Client01,Autocall,NESN,SELL,280000.0,-1.5018053433829854,-2.612868287400156,0.6999734289962259,18.87583725359529,1,2025-01-24 17:41:00
3043,Client04,Bonus Certificate,AAPL,SELL,1240000.0,-0.06648652891973596,2.6105584322564575,0.3214656294329858,16.3815990504279,0,2025-01-24 17:41:00
3832,Client09,Bonus Certificate,NESN,SELL,580000.0,-0.444036381595646,1.0324805657869591,0.27359762918440944,34.21863339556354,0,2025-01-24 17:44:00
4567,Client04,Autocall,TSLA,BUY,440000.0,-0.028081305096130996,0.7524679829303119,0.2920942799155853,27.90825970485622,0,2025-01-24 17:44:00
4945,Client38,Reverse Convertible,NESN,SELL,550000.0,1.0611207606307314,-3.5403408533163896,0.3257603192872842,,0,2025-01-24 17:44:00
4410,Client08,Autocall,NESN,BUY,530000.0,1.4259632709779173,-0.9219396642719577,0.3316295720953789,47.06052960054616,0,2025-01-24 17:46:00
3111,Client05,Autocall,NESN,BUY,870000.0,1.1089742574507053,-0.6929817997463459,0.5225219262807063,44.041831254168194,0,2025-01-24 17:48:00
3864,Client25,Autocall,NESN,SELL,830000.0,-2.539984613377289,1.795606294050971,0.7520006314507651,36.62379052066062,0,2025-01-24 17:49:00
4853,Client16,Autocall,MSFT,SELL,580000.0,-2.2972073171041614,0.3561207099129089,0.3025701429922739,9.288419920862085,1,2025-01-24 17:52:00
848,Client11,Autocall,NVDA,SELL,280000.0,0.7351843581774729,2.5726130319932774,0.5855836863541175,28.02668146773424,1,2025-01-24 17:53:00
1060,Client20,Tracker,MSFT,SELL,450000.0,-0.23135252540267018,0.1515655039190134,0.5165903092760479,,0,2025-01-24 17:53:00
130,Client39,Autocall,NVDA,SELL,960000.0,-1.602441892981234,-8.043477053772744,0.49248547802099263,5.481141057119787,0,2025-01-24 17:56:00
320,Client02,Autocall,SPX,BUY,650000.0,-4.37981760419978,-1.3176596774234541,0.22005851568660934,45.820523209443195,1,2025-01-24 17:58:00
4108,Client32,Autocall,TSLA,BUY,320000.0,0.1974387214515665,-2.6099827784637206,0.39487235207120835,30.545349145046924,0,2025-01-27 08:00:00
4113,Client05,Autocall,SMI,BUY,430000.0,-1.7966049689476442,4.024164295866006,0.4533567228023912,14.77948090752964,0,2025-01-27 08:05:00
2791,Client38,Autocall,AAPL,BUY,370000.0,-1.7718565179053054,0.23227298366879132,0.19372773204100852,49.822970603499215,0,2025-01-27 08:08:00
4790,Client09,Autocall,MSFT,BUY,850000.0,0.21058586692598327,-0.08304310732933118,0.9585803969417299,16.420619725269507,0,2025-01-27 08:11:00
2540,Client26,Tracker,SMI,BUY,640000.0,2.7322999288902974,-1.8670853406553212,0.30860106237374146,,1,2025-01-27 08:11:00
3702,Client01,Autocall,NVDA,SELL,120000.0,3.357379115512803,0.9704842756023717,0.20661202626336772,6.674457422588148,0,2025-01-27 08:13:00
2701,Client25,Autocall,NESN,BUY,630000.0,-0.6313142178562338,2.0085934412219983,0.3291030666626387,24.897428273928153,0,2025-01-27 08:14:00
3344,Client02,Autocall,AMZN,BUY,1000000.0,0.29935464542499474,0.9232677922219745,0.33807949835727885,22.574280448119772,1,2025-01-27 08:14:00
4933,Client33,Autocall,SPX,SELL,230000.0,-2.9475127616289143,0.7428075055118306,0.607835154597835,5.710618187988153,1,2025-01-27 08:15:00
3900,Client32,Autocall,AAPL,BUY,390000.0,4.8033475697021215,-3.804887443834675,0.3934812742365835,34.222446287438224,0,2025-01-27 08:15:00
1400,Client25,Barrier Reverse Convertible,MSFT,SELL,910000.0,3.906367570637902,-3.1846861879112547,0.405059978201538,20.197803115795608,1,2025-01-27 08:16:00
2119,Client03,Autocall,MSFT,BUY,1260000.0,1.774590340098903,-2.867542062282903,0.605119114784393,16.96593400709992,0,2025-01-27 08:17:00
3107,Client03,Tracker,NESN,BUY,680000.0,-0.6020225401081376,-1.2339045749656825,0.38946836724779776,,0,2025-01-27 08:17:00
3005,Client34,Autocall,MSFT,SELL,1290000.0,0.10107450708382094,2.147456192891746,0.25232506224290385,19.048959208920262,1,2025-01-27 08:24:00
963,Client32,Autocall,SPX,SELL,1040000.0,2.1999425671394492,1.8997005850798658,0.27622502178288083,31.353603605836195,1,2025-01-27 08:27:00
2067,Client17,Autocall,NESN,SELL,680000.0,0.36782728448874585,4.122215825625365,0.40291644641642044,21.034575143677138,0,2025-01-27 08:27:00
1316,Client26,Autocall,TSLA,SELL,340000.0,0.19321711432605637,-1.5911449042718375,0.31468858147177314,46.566143445480954,1,2025-01-27 08:30:00
3638,Client25,Barrier Reverse Convertible,AAPL,SELL,780000.0,0.004473849855361754,4.731608195195532,0.10317198418918613,13.872644239302373,1,2025-01-27 08:31:00
31,Client28,Autocall,AAPL,BUY,500000.0,-1.2993433522529096,-3.5403438029142342,0.14411302799766465,33.19502346592411,1,2025-01-27 08:41:00
1991,Client06,Autocall,SMI,BUY,700000.0,3.8946816093916974,-1.0550838920941377,0.49835251841188366,43.709998074930745,0,2025-01-27 08:42:00
2598,Client36,Barrier Reverse Convertible,NVDA,BUY,2630000.0,-1.100037768309333,1.6562454317869921,0.4911310895149938,45.97283902615105,1,2025-01-27 08:44:00
734,Client22,Autocall,AAPL,SELL,600000.0,-1.3553424275932513,-2.9029509525133763,0.4807934898334793,24.23386871782909,1,2025-01-27 08:49:00
947,Client25,Autocall,SPX,SELL,1520000.0,1.50237706373634,1.3010351117283867,0.5514771900407043,23.838381461556637,0,2025-01-27 08:51:00
4438,Client06,Autocall,SPX,BUY,1300000.0,-3.4486161267138153,3.3490073345206417,0.5319816639476704,48.64131120541972,1,2025-01-27 08:52:00
2942,Client13,Reverse Convertible,TSLA,BUY,180000.0,-0.9650502194607978,0.27965294327805934,0.21156129427795897,,1,2025-01-27 08:52:00
65,Client23,Autocall,NESN,SELL,840000.0,-4.876686673468983,2.0403337600476386,0.6389502574445685,10.157122997039526,0,2025-01-27 08:54:00
4180,Client03,Autocall,AAPL,SELL,1750000.0,3.885868727764468,-2.9277559783770286,0.5446436158839439,27.02073674359523,0,2025-01-27 08:59:00
1128,Client07,Autocall,SPX,SELL,580000.0,-2.6731214012016475,-0.7215543752808257,0.3307687054786942,44.865482635435825,1,2025-01-27 09:03:00
1866,Client33,Autocall,SMI,BUY,100000.0,0.5276461883096087,-0.16743307708297878,0.41192694179781875,7.96131050315132,0,2025-01-27 09:15:00
960,Client35,Autocall,TSLA,SELL,210000.0,-1.1589471438097405,-2.2707038552465626,0.16231783455884655,31.26360499962775,0,2025-01-27 09:17:00
859,Client20,Autocall,NVDA,BUY,670000.0,-2.037064914888717,3.2430308522014943,0.2704541546241432,39.258049685801936,0,2025-01-27 09:18:00
3066,Client17,Tracker,SPX,SELL,980000.0,-1.3032468242042503,-1.1108764550351702,1.2438070809627477,,1,2025-01-27 09:19:00
634,Client22,Autocall,SPX,SELL,360000.0,-1.73334605798014,-3.193383000541684,0.1814724062102894,28.375898960066536,0,2025-01-27 09:22:00
4233,Client08,Autocall,TSLA,SELL,350000.0,-1.2530619694849847,1.1290415571792825,0.33828048337999217,48.627792511321246,0,2025-01-27 09:24:00
4595,Client26,Autocall,SPX,BUY,380000.0,-0.7079734931963179,1.777139771373315,0.22052810495819,33.76106610483195,0,2025-01-27 09:33:00
2747,Client34,Autocall,AMZN,BUY,400000.0,1.3453303088609716,5.3898741720198915,0.6259572532338415,6.586147562709643,0,2025-01-27 09:41:00
1859,Client34,Autocall,AAPL,BUY,650000.0,3.446042138914966,-1.3699181948492214,0.9279037338299927,8.108542688509345,0,2025-01-27 09:43:00
2579,Client05,Bonus Certificate,AMZN,SELL,1020000.0,-0.6838772434040074,-0.7902689360750815,0.27948978531924007,3.2533481516487885,0,2025-01-27 09:43:00
3149,Client17,Autocall,NVDA,BUY,1170000.0,1.051590550106026,3.180479326852847,0.2847310074735289,14.36211997670705,1,2025-01-27 09:48:00
1468,Client17,Autocall,SMI,BUY,1060000.0,1.263824968215999,6.5015873940669096,0.5656632891371052,28.183352400865264,1,2025-01-27 09:49:00
1869,Client07,Autocall,TSLA,SELL,160000.0,0.6667988360937434,4.300448338357318,0.3503229030523289,17.520999592324394,1,2025-01-27 09:56:00
4119,Client31,Autocall,SPX,SELL,270000.0,2.2791756912056127,-1.110462749968737,0.40138171016694035,42.76511725954118,0,2025-01-27 09:57:00
3157,Client22,Tracker,NESN,BUY,360000.0,1.3627257077046715,-1.14596919391299,0.5104192764623489,,0,2025-01-27 10:07:00
384,Client35,Autocall,SPX,SELL,480000.0,1.4311595977106062,2.3204278069671536,0.5530086424922972,40.169213714115,0,2025-01-27 10:09:00
1138,Client27,Barrier Reverse Convertible,TSLA,SELL,400000.0,-1.2772888373497973,-1.461216146943062,0.474630495072291,10.852712170985884,1,2025-01-27 10:11:00
703,Client38,Autocall,AAPL,SELL,860000.0,0.6307023981216079,-6.573850878888194,0.4722640221555859,47.59111668425023,1,2025-01-27 10:12:00
57,Client10,Barrier Reverse Convertible,SMI,SELL,1030000.0,2.401582668986646,-7.293019056623727,0.45810895527781775,41.377523321637035,1,2025-01-27 10:14:00
2553,Client04,Autocall,AMZN,SELL,500000.0,1.8059676696904343,-2.595051408411857,0.45815655398058824,24.19175258481928,0,2025-01-27 10:18:00
4159,Client02,Autocall,SMI,BUY,780000.0,-1.185449708513945,-1.544178528449025,0.236828285084702,15.809386528784408,0,2025-01-27 10:29:00
4201,Client05,Autocall,NESN,BUY,860000.0,2.006393531154344,-1.6160109436741095,0.2943990387303379,20.857565106342683,0,2025-01-27 10:33:00
1592,Client28,Autocall,AAPL,BUY,500000.0,-2.7835912102064633,-2.2637635197138177,0.1662796976821568,31.440245211260944,1,2025-01-27 10:33:00
2375,Client31,Autocall,SMI,BUY,430000.0,1.9452778457997693,-4.481962093666505,0.24784241257562425,36.833872686233775,1,2025-01-27 10:37:00
4101,Client03,Autocall,TSLA,BUY,700000.0,2.0761545224669944,4.019203538594633,0.2588486089521452,38.6120503138297,0,2025-01-27 10:40:00
4381,Client40,Barrier Reverse Convertible,AAPL,BUY,340000.0,2.083161490625886,2.635226938883891,0.6684375050634055,21.794830537018623,0,2025-01-27 10:40:00
3180,Client05,Autocall,MSFT,SELL,480000.0,-2.4212073215066536,1.1868614535760966,0.19235676078801553,49.041520811774106,0,2025-01-27 10:40:00
4236,Client23,Autocall,AMZN,SELL,390000.0,0.8212115795893098,-1.5822863638396067,0.3240603155562402,2.909274633705361,1,2025-01-27 10:40:00
4493,Client17,Autocall,TSLA,SELL,580000.0,0.877196396658934,1.3422008619307393,0.4888524337112137,3.553672678425773,1,2025-01-27 10:43:00
2395,Client20,Autocall,AMZN,SELL,530000.0,-1.849442568100548,-3.405154927422071,0.14625748894395607,8.294327586918449,0,2025-01-27 10:51:00
1361,Client40,Autocall,SPX,SELL,760000.0,0.42317336869725547,2.4437049858304194,0.2650483751353728,29.08799917492107,0,2025-01-27 10:54:00
256,Client13,Reverse Convertible,TSLA,BUY,240000.0,-0.6194551716722846,-2.8929030315084585,0.4750186267471093,,0,2025-01-27 11:00:00
2953,Client15,Autocall,NESN,BUY,3250000.0,-1.825742196529714,-2.58070825875707,0.610590721130961,27.240994543243346,0,2025-01-27 11:04:00
1733,Client05,Autocall,NVDA,SELL,1610000.0,-0.5701442534797705,6.413540446040749,0.3235826475751674,21.26124175395673,0,2025-01-27 11:06:00
1291,Client25,Tracker,NESN,BUY,550000.0,-1.2268560182340036,0.9730755577285315,0.6708093475936121,,0,2025-01-27 11:09:00
2242,Client08,Autocall,AAPL,SELL,50000.0,3.6980286695039624,-1.598330309819267,0.4153341053362052,11.804407975543196,1,2025-01-27 11:12:00
3820,Client33,Reverse Convertible,SMI,BUY,210000.0,-1.2787012107343725,-3.237498050636942,0.2911482906422462,,0,2025-01-27 11:15:00
1672,Client29,Autocall,MSFT,BUY,350000.0,0.5975248384019465,-3.1385238197683245,0.8509974395740498,41.88639873234175,0,2025-01-27 11:16:00
1944,Client01,Reverse Convertible,SMI,SELL,180000.0,0.14294369305796006,-1.1035826257671941,0.8249633333753339,,0,2025-01-27 11:16:00
504,Client02,Autocall,SMI,SELL,2560000.0,2.8925824792620296,-3.143612523276897,0.25988514042152133,21.328050905710654,1,2025-01-27 11:21:00
2380,Client31,Bonus Certificate,TSLA,SELL,760000.0,2.342161233668159,-3.6589843200187637,0.356014903757448,18.75198024459091,1,2025-01-27 11:29:00
529,Client34,Barrier Reverse Convertible,NESN,BUY,370000.0,5.284296206009293,1.018815534387831,0.2567338388648935,38.24962484778351,1,2025-01-27 11:30:00
410,Client10,Autocall,SPX,SELL,710000.0,-1.717398862250361,4.674733295595118,0.3343477589743836,37.00927591263215,1,2025-01-27 11:35:00
2821,Client11,Autocall,MSFT,SELL,510000.0,-0.029589676141902693,3.2193677217313033,0.5497469951146533,43.59255274392998,0,2025-01-27 11:41:00
4217,Client28,Autocall,SMI,SELL,780000.0,-1.4435191431761447,3.0985163545544667,0.3980058525319134,31.02341404064263,1,2025-01-27 11:41:00
1647,Client05,Autocall,AAPL,SELL,760000.0,-0.30725165719574854,-1.8576746962484263,0.38730093048133135,9.072670799033805,0,2025-01-27 11:43:00
1332,Client34,Barrier Reverse Convertible,NVDA,BUY,650000.0,-0.9060177771270824,0.6903215067574359,0.28527678709974263,47.44740499740019,1,2025-01-27 11:49:00
4911,Client37,Autocall,SMI,BUY,700000.0,-0.560321363706406,6.316605608538044,0.3259963049456774,47.11674973852077,1,2025-01-27 11:49:00
886,Client15,Autocall,NESN,BUY,1020000.0,0.20630408710727247,-4.654994639654497,0.4448023359369083,44.44160818505639,1,2025-01-27 11:50:00
2202,Client03,Autocall,TSLA,BUY,1350000.0,-1.0659846232733603,-2.345607234153521,0.752375672248291,39.4462378407688,0,2025-01-27 11:55:00
4849,Client05,Barrier Reverse Convertible,TSLA,SELL,320000.0,-0.7216607612790394,-0.7007834341891439,0.5402485445620511,16.496353988787394,1,2025-01-27 11:55:00
2287,Client30,Autocall,SMI,BUY,390000.0,0.8958738018409846,4.233888487624923,0.3583566414046088,37.03903988329962,1,2025-01-27 11:58:00
1286,Client32,Autocall,NVDA,SELL,530000.0,-0.143409486992898,-0.7981584725174996,0.5939940037092649,1.7940971237424608,0,2025-01-27 11:59:00
4084,Client30,Tracker,TSLA,SELL,680000.0,0.11762978545937343,3.2763274942441183,0.41888774758850067,,0,2025-01-27 12:01:00
3199,Client34,Autocall,NESN,BUY,980000.0,-2.7179765132200564,0.8660718109322945,0.5209806270563676,27.84539831439801,0,2025-01-27 12:01:00
4663,Client34,Tracker,TSLA,SELL,230000.0,-0.3081783213325905,-3.686272843516611,0.3704312502737971,,0,2025-01-27 12:01:00
1124,Client06,Autocall,NVDA,SELL,2280000.0,0.1374154502821403,2.3957031050378257,0.1620221277761721,26.993029206309625,0,2025-01-27 12:03:00
4967,Client18,Autocall,AAPL,SELL,2090000.0,-2.302462538610505,2.514785973274337,0.5933684108770215,8.937034731572812,0,2025-01-27 12:03:00
4762,Client24,Autocall,SMI,BUY,710000.0,-0.7914097205728826,-0.8427997464029974,0.3092836939288633,6.439571268918332,0,2025-01-27 12:03:00
339,Client18,Barrier Reverse Convertible,SMI,BUY,930000.0,-1.1580156162733863,4.431399177101586,0.29555801580390795,33.07946174398293,0,2025-01-27 12:09:00
1088,Client32,Autocall,MSFT,SELL,870000.0,1.8419527254585626,3.818743536192855,0.3868168933975036,29.456270861609756,1,2025-01-27 12:10:00
4283,Client20,Autocall,TSLA,BUY,960000.0,0.6843426447402176,-3.14065648912708,0.3451626107375317,27.421089126194182,0,2025-01-27 12:14:00
3052,Client15,Autocall,AMZN,SELL,2260000.0,1.431673071037859,-6.729538009611661,0.6126964643926287,35.03941428726289,1,2025-01-27 12:17:00
4071,Client35,Autocall,NESN,SELL,1240000.0,-3.6690209061970736,-0.7500218405135907,0.16067702829731706,9.834341479072517,0,2025-01-27 12:24:00
4518,Client28,Bonus Certificate,AMZN,BUY,500000.0,-0.8805220887799988,0.7851491938650446,0.3243040817450388,41.926019859910554,0,2025-01-27 12:27:00
4148,Client30,Autocall,SPX,BUY,540000.0,1.4250673734856034,2.2847390236098972,0.4504736260499271,13.066825703948165,0,2025-01-27 12:28:00
4057,Client14,Reverse Convertible,SMI,SELL,1290000.0,-0.9579828280972559,-3.7004951296143,0.318433511121479,,0,2025-01-27 12:29:00
2879,Client28,Autocall,MSFT,SELL,860000.0,2.07610915150329,3.218904261769473,0.43424892942691834,24.243991392480936,1,2025-01-27 12:33:00
4031,Client17,Autocall,TSLA,BUY,630000.0,-3.992141713510604,-1.9622147566055177,0.3893054512580603,26.893227387645542,0,2025-01-27 12:34:00
3958,Client28,Barrier Reverse Convertible,NESN,BUY,600000.0,1.6619793752113863,-3.473276639189356,0.7196456697085858,45.77082213589198,1,2025-01-27 12:35:00
744,Client12,Autocall,AAPL,SELL,390000.0,-2.3695822981851062,-4.17787162988851,0.35710169991108437,34.92717499182168,0,2025-01-27 12:37:00
4971,Client25,Autocall,NESN,SELL,990000.0,2.361724028093969,2.2952559084916655,0.24499571397644754,21.839024864991437,0,2025-01-27 12:37:00
4363,Client15,Autocall,NESN,SELL,3480000.0,-0.1826433119766314,-4.710686708608319,0.6842599668575718,8.121896751279095,1,2025-01-27 12:40:00
2459,Client38,Autocall,AMZN,BUY,240000.0,-1.2826615270529251,0.8423994722638494,0.34992797373182627,16.861087174802908,0,2025-01-27 12:41:00
551,Client22,Barrier Reverse Convertible,NESN,SELL,610000.0,1.2011949220711544,-2.3704491405351042,0.5036068841777205,48.89677163814282,0,2025-01-27 12:49:00
329,Client31,Autocall,AMZN,SELL,740000.0,3.2710848111777064,5.753323795239707,0.36859284044131985,3.1081621336010445,0,2025-01-27 12:51:00
561,Client02,Autocall,SMI,SELL,840000.0,-0.02501007526469133,1.5411704150489114,0.30459834606811254,5.290769693397701,0,2025-01-27 12:58:00
4335,Client26,Bonus Certificate,SMI,SELL,560000.0,-0.8039216365658479,6.071927881668289,0.37669876999397756,3.892790833342119,0,2025-01-27 13:01:00
2120,Client26,Barrier Reverse Convertible,NVDA,BUY,500000.0,1.3399532455584002,2.508012353635916,0.26851117414070647,34.7052118790749,0,2025-01-27 13:03:00
114,Client22,Reverse Convertible,TSLA,SELL,360000.0,4.656905654560822,-2.3953470355686326,0.12834237971581786,,0,2025-01-27 13:05:00
4691,Client03,Reverse Convertible,AAPL,BUY,460000.0,-0.10267008355569594,-4.658037123877838,1.1190945092644107,,0,2025-01-27 13:06:00
1824,Client20,Tracker,AAPL,SELL,270000.0,-3.1298283460753606,3.7329831773944373,0.4571778221120913,,0,2025-01-27 13:06:00
2128,Client05,Autocall,AMZN,BUY,1190000.0,-0.9293994715061236,-2.2238138306014554,0.28033433452426865,16.151166607504663,1,2025-01-27 13:09:00
445,Client09,Autocall,SPX,SELL,300000.0,0.29280903439885203,0.8515098748617864,0.6018050097326236,29.687485890937733,0,2025-01-27 13:13:00
753,Client34,Autocall,MSFT,SELL,320000.0,2.7335732347907435,-0.3930203308811778,0.4198363720248913,23.120894424042167,0,2025-01-27 13:15:00
1417,Client01,Autocall,SMI,BUY,110000.0,0.18379708617366725,-0.29080511633884976,0.4617310487518072,29.907869243546447,0,2025-01-27 13:15:00
140,Client22,Autocall,AAPL,BUY,220000.0,2.1221521411953255,5.5725272783497015,0.2689200846257206,30.702224258372418,1,2025-01-27 13:21:00
2262,Client02,Autocall,AMZN,SELL,2040000.0,0.9880056436201474,0.43235909692373864,0.21080482743159135,20.99749347969018,1,2025-01-27 13:37:00
3546,Client28,Autocall,NESN,SELL,340000.0,0.6781091066666183,2.059877942411581,0.40352583967060185,25.552265323101782,1,2025-01-27 13:43:00
3803,Client36,Barrier Reverse Convertible,SMI,SELL,770000.0,-1.3433934075597538,1.5764247469630897,0.8520362649308411,12.639064466237826,1,2025-01-27 13:46:00
4273,Client13,Barrier Reverse Convertible,AMZN,SELL,230000.0,0.9620408105006982,0.47509750190126443,0.2145079271196311,46.4937812565321,0,2025-01-27 13:49:00
4767,Client21,Autocall,NESN,BUY,110000.0,1.6809377694294683,2.7627576420051554,0.3111864719127241,0.8683795365593217,0,2025-01-27 13:51:00
3087,Client15,Autocall,MSFT,SELL,2020000.0,1.1118474903623263,4.535093522862788,0.2701714653243746,46.99074301792629,0,2025-01-27 13:53:00
996,Client09,Autocall,MSFT,SELL,1030000.0,-1.705404268303336,-0.7076284911906889,1.1836108741588942,16.36102150266169,0,2025-01-27 13:55:00
3195,Client28,Autocall,AMZN,BUY,890000.0,0.2741467299894212,4.820631608662081,0.9167023882114249,21.22427565200495,0,2025-01-27 13:56:00
3858,Client09,Tracker,AMZN,SELL,270000.0,1.132194473294444,2.009113795637418,0.7640738638082872,,0,2025-01-27 13:58:00
2814,Client31,Reverse Convertible,MSFT,SELL,510000.0,0.6349238648895228,1.4064528721295735,0.6527279486241848,,1,2025-01-27 13:59:00
1323,Client11,Autocall,NVDA,BUY,680000.0,-3.2950651337618235,-1.489077648897589,0.9452644529241742,46.68673153475772,1,2025-01-27 14:00:00
4886,Client25,Autocall,NESN,SELL,480000.0,1.5699853431108755,-1.7846929703580972,1.1795934913155797,0.9973215751812425,0,2025-01-27 14:03:00
3973,Client17,Barrier Reverse Convertible,MSFT,SELL,1080000.0,-1.2411492428441895,0.03658900649304144,0.6601859871774085,4.548253060521756,0,2025-01-27 14:04:00
3416,Client35,Autocall,NVDA,SELL,480000.0,1.942017340177819,2.6517014003871258,0.49334807144586873,15.286011382697296,0,2025-01-27 14:12:00
1380,Client35,Autocall,SMI,BUY,560000.0,2.4066274127692195,-2.323791677498138,0.22336588407965755,32.707805725306756,0,2025-01-27 14:15:00
353,Client18,Autocall,NVDA,SELL,890000.0,-0.7187853847872305,3.8015337378785983,0.24854625705824748,31.887379119292536,1,2025-01-27 14:15:00
4188,Client05,Autocall,SPX,SELL,290000.0,-0.2930877871281938,-4.880966994813742,0.40414370470482686,23.77638944806804,1,2025-01-27 14:21:00
3484,Client33,Bonus Certificate,SMI,BUY,210000.0,2.0929065495295807,-0.6263999866222586,0.375988344263849,6.1132786122001015,0,2025-01-27 14:21:00
2069,Client09,Autocall,SMI,SELL,590000.0,-2.743741237804088,-2.398041821590765,0.24943987915043883,17.3546513279813,0,2025-01-27 14:24:00
1619,Client10,Tracker,SMI,BUY,1940000.0,-0.4664909680658398,3.800834718671714,0.3331231934351651,,0,2025-01-27 14:25:00
690,Client02,Bonus Certificate,SPX,SELL,620000.0,-0.6452331282396339,0.6908282102468469,0.13465430645956625,43.00993200799535,1,2025-01-27 14:25:00
2143,Client03,Autocall,TSLA,SELL,400000.0,-3.7759999616911073,-2.4109272757304674,0.5690808371138375,38.445924462579114,0,2025-01-27 14:26:00
3509,Client16,Barrier Reverse Convertible,NVDA,SELL,360000.0,1.0485244803761222,-6.960359496213266,0.18952723837625293,19.422823024065167,0,2025-01-27 14:29:00
4114,Client03,Autocall,NESN,SELL,500000.0,2.3670165883583594,-2.44652340505205,1.1386612781454997,9.198616719071067,0,2025-01-27 14:31:00
22,Client14,Tracker,SMI,SELL,1930000.0,0.30412050825379805,-0.52130361826708,0.2982072916197208,,0,2025-01-27 14:32:00
84,Client08,Autocall,TSLA,BUY,210000.0,0.7848159224301818,0.25973153125044485,0.9843412769588871,10.200820991229854,1,2025-01-27 14:35:00
3967,Client08,Autocall,TSLA,SELL,280000.0,2.0907315737722447,1.7047486498722395,0.17150785439808858,38.00050348158887,1,2025-01-27 14:39:00
281,Client25,Autocall,SMI,SELL,520000.0,-0.9864399714759576,-7.661592091079591,0.6490337848701864,41.73812334890823,0,2025-01-27 14:41:00
4812,Client25,Autocall,AAPL,BUY,710000.0,-0.7150305613080962,1.3690024885431231,0.5937288525803873,0.4978672149206387,1,2025-01-27 14:42:00
4178,Client28,Bonus Certificate,MSFT,SELL,400000.0,-3.0673349464972035,-1.270317749191408,0.3168707038199832,11.25513893543324,1,2025-01-27 14:44:00
3109,Client15,Autocall,TSLA,BUY,2350000.0,0.23180507366046416,1.2440033605178824,0.3473724618746722,15.789648372805015,0,2025-01-27 14:45:00
4053,Client28,Barrier Reverse Convertible,AMZN,BUY,280000.0,1.6542815956837338,4.359512990330989,0.3894559928798822,14.77169358889392,1,2025-01-27 14:46:00
1531,Client32,Autocall,SMI,SELL,1300000.0,1.3601573640966278,1.8615445565692865,0.23314983293263628,6.737049394453698,1,2025-01-27 14:47:00
517,Client35,Bonus Certificate,AMZN,SELL,760000.0,1.1294283340282583,1.2656399933506597,1.0882675819312113,15.239069595191774,0,2025-01-27 14:50:00
1114,Client09,Autocall,SMI,SELL,180000.0,-0.5082218807951552,-1.2684902347644527,0.3985800248887307,27.82700597977086,1,2025-01-27 14:52:00
4686,Client40,Autocall,SPX,BUY,440000.0,-1.4767937882877822,2.189925095514629,0.24798162520636347,14.379057856738308,0,2025-01-27 14:57:00
3513,Client17,Autocall,NESN,BUY,900000.0,0.027463266038621207,0.04003178633606643,0.21492364783773102,40.763295465658956,1,2025-01-27 15:01:00
291,Client16,Reverse Convertible,AMZN,SELL,1000000.0,2.440641478908738,2.5617008780061115,0.4223901717442022,,1,2025-01-27 15:02:00
487,Client14,Reverse Convertible,SPX,BUY,2400000.0,1.1347208969228872,0.657787582025693,0.654109877283763,,1,2025-01-27 15:02:00
2782,Client26,Bonus Certificate,TSLA,SELL,210000.0,2.2544763193604567,-0.9053432215351354,0.5249408666909734,22.33081845950743,0,2025-01-27 15:03:00
4448,Client13,Reverse Convertible,TSLA,BUY,220000.0,-0.7956592705866714,3.072994739138771,0.3993574319244131,,0,2025-01-27 15:05:00
2139,Client20,Autocall,MSFT,SELL,380000.0,-1.216937994499716,3.8525189023515525,0.5124270472783156,7.2287432765324064,1,2025-01-27 15:07:00
1446,Client03,Autocall,SMI,SELL,1270000.0,-3.804858882004341,1.2490448653352337,0.42079963123175607,23.366492166120473,0,2025-01-27 15:08:00
3405,Client21,Barrier Reverse Convertible,SMI,SELL,200000.0,0.26354452491971353,6.140822114411083,0.491551356747859,4.373756656274747,0,2025-01-27 15:11:00
1820,Client37,Autocall,MSFT,SELL,1240000.0,0.5207303336267821,-1.4810146472316468,0.2933176128494885,29.44082723548934,1,2025-01-27 15:12:00
2483,Client25,Autocall,SPX,BUY,2380000.0,-5.0013972214985865,1.3181894555468696,0.8840710270680658,47.811620830392116,0,2025-01-27 15:16:00
1922,Client30,Autocall,NVDA,SELL,450000.0,0.2939018389431924,5.113294604108889,0.26454351991023006,14.186083249123499,1,2025-01-27 15:21:00
620,Client27,Autocall,AMZN,BUY,270000.0,-0.1622229201484394,0.494348977315642,0.1876879703200137,41.999106479646656,0,2025-01-27 15:23:00
2485,Client25,Autocall,MSFT,SELL,640000.0,-0.6896137229674986,-4.345569698737058,0.45711625464336914,39.52980402351992,0,2025-01-27 15:26:00
1757,Client34,Autocall,TSLA,SELL,200000.0,2.556326092963369,3.9526663340109476,0.656238027414327,10.413968493645614,0,2025-01-27 15:30:00
2498,Client19,Tracker,NVDA,SELL,470000.0,-1.9959503040562547,3.649608559932048,0.4063021215202927,,0,2025-01-27 15:30:00
976,Client25,Reverse Convertible,AMZN,SELL,1050000.0,-3.350410311674251,-0.4233630140120933,0.2477267008812083,,0,2025-01-27 15:34:00
4930,Client36,Autocall,SPX,SELL,580000.0,2.833985876908009,-2.909742550106184,1.0985199459082702,19.435628362168927,0,2025-01-27 15:35:00
1110,Client02,Autocall,NVDA,BUY,2680000.0,1.7382396058285343,-1.6977508420496652,0.4952574921624833,37.22430733886996,0,2025-01-27 15:36:00
354,Client34,Reverse Convertible,AMZN,BUY,640000.0,1.2378718390662533,3.2680770129064527,0.7288940043152679,,0,2025-01-27 15:36:00
3390,Client32,Autocall,SPX,BUY,1580000.0,0.23266950917965212,7.227720847762691,0.42631088848663656,29.35276317657514,0,2025-01-27 15:41:00
1827,Client11,Autocall,AMZN,SELL,240000.0,-0.5657626683991286,2.4882472691043818,0.40209955239417355,4.895707421185386,0,2025-01-27 15:44:00
3624,Client34,Autocall,TSLA,SELL,400000.0,-0.5786726716200247,-4.830111839761846,0.6583351795761456,31.241958912878083,0,2025-01-27 15:44:00
266,Client34,Autocall,AMZN,BUY,260000.0,0.6719859357324934,0.19648600006295058,0.36384628961191096,39.89462081139844,0,2025-01-27 15:47:00
4554,Client36,Autocall,MSFT,SELL,3070000.0,-3.4070946227000913,-2.6739113123701905,0.29961919212148164,26.33796567272156,0,2025-01-27 15:47:00
4707,Client08,Autocall,TSLA,BUY,350000.0,0.9309359239723757,-2.396128178855267,0.313985004711897,29.507530648172597,1,2025-01-27 15:49:00
3211,Client17,Bonus Certificate,NVDA,BUY,490000.0,2.142177810154006,5.624509963290758,0.18795401371014706,20.328564285138107,1,2025-01-27 15:53:00
604,Client11,Bonus Certificate,MSFT,SELL,890000.0,-0.09528217660620414,-0.09974650067087243,0.17319413998010727,46.881285031696514,1,2025-01-27 15:54:00
1284,Client13,Autocall,MSFT,SELL,470000.0,-4.519903960080377,-0.5406740783859301,0.194130267261629,45.25186763362026,1,2025-01-27 16:01:00
945,Client16,Autocall,AAPL,SELL,750000.0,3.187828332808297,2.632648610411457,0.5736761358196936,42.83002167113562,0,2025-01-27 16:03:00
17,Client17,Tracker,TSLA,BUY,950000.0,2.0388048536375707,1.0551792388249577,0.5271752723151668,,1,2025-01-27 16:06:00
870,Client04,Reverse Convertible,TSLA,BUY,490000.0,1.6108645520817604,0.7504611804002332,0.19236939497729824,,0,2025-01-27 16:07:00
1230,Client23,Autocall,NESN,BUY,700000.0,0.6530218421646424,-0.187865595342725,0.3375210896774558,6.366716259082455,1,2025-01-27 16:09:00
3441,Client17,Barrier Reverse Convertible,TSLA,BUY,730000.0,0.6995282051032028,-4.436310247321236,0.695509620238783,8.657347235564355,1,2025-01-27 16:13:00
636,Client15,Autocall,AAPL,BUY,3440000.0,1.684578951854848,0.06974878060854181,0.33961133620124995,17.538321625043558,1,2025-01-27 16:16:00
2847,Client34,Autocall,SMI,BUY,440000.0,-1.8918256642088562,-2.9399211628651623,0.6929267795275584,26.564802910158967,0,2025-01-27 16:19:00
1396,Client26,Autocall,AMZN,BUY,450000.0,-2.4422466972165826,0.3855678366498505,0.9421051283009912,5.022503397922323,0,2025-01-27 16:21:00
1466,Client08,Reverse Convertible,AAPL,SELL,130000.0,-0.3059714097432259,3.6668083888483665,0.39317971096885407,,1,2025-01-27 16:24:00
1613,Client35,Tracker,AMZN,SELL,280000.0,-0.8563238999926251,2.034266028234624,0.42129771490980833,,0,2025-01-27 16:27:00
42,Client07,Autocall,TSLA,SELL,640000.0,1.2351067495194052,-3.0602441142680723,0.5161572535658737,0.630461358411788,1,2025-01-27 16:35:00
4445,Client08,Autocall,AAPL,BUY,360000.0,1.905852286699235,3.349636297210419,0.11561448224533942,3.2587009601886816,1,2025-01-27 16:37:00
4863,Client25,Autocall,AAPL,BUY,980000.0,0.45513593200061936,3.4726345100651708,0.363208005881617,15.501312162285835,0,2025-01-27 16:38:00
453,Client09,Tracker,MSFT,SELL,300000.0,3.6160637150808443,3.4761497417227676,0.343603432303703,,1,2025-01-27 16:39:00
3071,Client36,Barrier Reverse Convertible,NVDA,SELL,970000.0,-0.8272869168343043,2.5607216165044355,1.2608761172763403,7.756039014097271,0,2025-01-27 16:44:00
29,Client19,Autocall,AAPL,BUY,270000.0,-2.3074633470192123,-3.314842249120815,0.5008726033047911,23.90003619110143,1,2025-01-27 16:45:00
671,Client24,Bonus Certificate,AMZN,BUY,650000.0,0.916472139935873,-0.5249671323994485,0.1661894618050141,33.14599831162499,1,2025-01-27 16:46:00
550,Client16,Autocall,SMI,BUY,390000.0,-2.311492848590496,0.5011912809578973,0.45488166936853286,3.9466343985796124,0,2025-01-27 16:53:00
4369,Client01,Autocall,SMI,BUY,110000.0,-0.7988768817811039,-4.574521254229157,1.3669438549350295,18.005965208346797,1,2025-01-27 16:56:00
3025,Client37,Barrier Reverse Convertible,AMZN,SELL,2260000.0,-5.2290654224503434,-2.161264687584196,0.3860400039625145,46.41756791912279,0,2025-01-27 16:56:00
3541,Client27,Reverse Convertible,NVDA,SELL,180000.0,-0.6077706572613263,-1.5611103620063083,0.3418742312558181,,0,2025-01-27 16:57:00
2595,Client17,Bonus Certificate,AMZN,SELL,920000.0,-1.363921659411594,-2.70395948262317,0.7985490101459777,0.35446501983447676,1,2025-01-27 16:58:00
2659,Client03,Autocall,MSFT,SELL,350000.0,-1.9546791641339187,0.12203309979574348,0.1624299351354929,17.240114367551325,0,2025-01-27 17:11:00
183,Client16,Reverse Convertible,MSFT,BUY,1140000.0,0.24229384600815385,0.5407057765107328,0.2771169267079978,,0,2025-01-27 17:11:00
4352,Client11,Autocall,SMI,SELL,1030000.0,1.507574066515246,-2.163006821301058,0.986815071295108,21.081528476004912,0,2025-01-27 17:13:00
1166,Client37,Autocall,AAPL,SELL,410000.0,1.5028512825802118,1.1349760553422379,0.5016712883807937,42.6525737914892,1,2025-01-27 17:13:00
2495,Client22,Autocall,SMI,SELL,470000.0,-0.2955966428943339,-7.222784002907659,0.4695580827803907,12.376377773309539,1,2025-01-27 17:14:00
3859,Client20,Autocall,NESN,SELL,1120000.0,3.1967121308937645,0.21151380869146752,1.238082100044957,35.41243421644481,0,2025-01-27 17:14:00
2684,Client22,Autocall,NESN,SELL,640000.0,5.010784411238134,1.210204743297138,0.3104802550403258,28.32237503268574,0,2025-01-27 17:19:00
187,Client22,Autocall,TSLA,SELL,460000.0,0.8556199658105901,0.18595966825376242,0.4224042287577365,8.177085739086348,0,2025-01-27 17:21:00
2218,Client40,Barrier Reverse Convertible,AMZN,BUY,310000.0,-1.3852305901302189,-0.9821252515443104,0.14227213564596727,46.820857073110574,0,2025-01-27 17:23:00
2330,Client12,Autocall,SPX,SELL,520000.0,0.93962917556145,-0.8666789895914898,0.6359218494127062,10.518896721415599,0,2025-01-27 17:26:00
3882,Client15,Bonus Certificate,AMZN,SELL,1880000.0,1.2016776311122925,1.5421564425962255,0.4907305701667935,49.76385859003338,0,2025-01-27 17:31:00
1160,Client16,Autocall,TSLA,BUY,820000.0,0.7241032253799442,1.838576601469316,0.5648784895474269,1.5820107587172672,1,2025-01-27 17:31:00
50,Client16,Autocall,AMZN,BUY,520000.0,0.16585993003233343,1.5367088455850642,0.5792089997232059,38.72234062892541,0,2025-01-27 17:32:00
2445,Client16,Autocall,AAPL,BUY,950000.0,-0.8244374293851571,5.379077694202957,0.5416610075658707,35.314499673508045,0,2025-01-27 17:39:00
1334,Client40,Autocall,AAPL,BUY,530000.0,0.39453087123003805,2.5453795183630405,0.4444509746314587,44.864710355021046,0,2025-01-27 17:43:00
2212,Client18,Autocall,AMZN,BUY,2750000.0,-0.7386866675657305,0.5541198657837982,0.6252545734898844,38.15973644085954,0,2025-01-27 17:45:00
4601,Client11,Autocall,SMI,BUY,780000.0,1.2619199008841242,-5.33829658506668,0.40297031347119194,32.79180210057208,1,2025-01-27 17:46:00
2610,Client22,Autocall,NVDA,BUY,200000.0,-1.3792225428574818,3.630045092946586,0.26760283521791295,48.97213662587381,0,2025-01-27 17:46:00
294,Client27,Autocall,SMI,SELL,220000.0,0.5275740187149932,1.1182014056850262,0.7225481665406234,37.45295959497073,0,2025-01-27 17:47:00
2653,Client22,Autocall,AMZN,BUY,670000.0,-0.6891686167593803,-3.2019116323522745,0.48021839517777715,17.89057180323584,0,2025-01-27 17:48:00
171,Client28,Reverse Convertible,TSLA,BUY,450000.0,-1.3052107784110032,-2.45794055709495,0.5909080487215445,,0,2025-01-27 17:50:00
2792,Client10,Autocall,SPX,BUY,1980000.0,0.5229591109678822,2.222970012402995,1.164370727734814,21.73378810265555,0,2025-01-27 17:56:00
1963,Client22,Autocall,NVDA,SELL,340000.0,3.549837695942384,1.1341101806103278,0.33047440673360395,1.4495346043407964,0,2025-01-27 17:57:00
1752,Client25,Autocall,NVDA,SELL,1490000.0,-0.7268509046866712,-1.3227686196232837,0.6337948657461037,9.102587964646691,0,2025-01-28 08:00:00
4677,Client12,Autocall,AMZN,BUY,670000.0,3.59227964223678,-0.37935655178140876,0.176376126118507,45.68584639438672,1,2025-01-28 08:01:00
4750,Client23,Autocall,AMZN,SELL,1110000.0,2.6714720252901287,6.248692656964289,0.4444217271954747,39.985379270847666,1,2025-01-28 08:03:00
1793,Client05,Autocall,NVDA,BUY,930000.0,3.6139765627481504,-2.0154637387707997,0.5892125958793945,30.48113709315264,1,2025-01-28 08:10:00
1072,Client11,Autocall,AAPL,BUY,370000.0,-5.051626207800446,1.2565108493885973,0.248117304917162,18.31814791996795,0,2025-01-28 08:13:00
3361,Client28,Autocall,AAPL,BUY,1590000.0,-1.6464428993692601,-3.743848673721228,0.36042205602405014,16.571707901105313,1,2025-01-28 08:14:00
2885,Client31,Autocall,TSLA,BUY,780000.0,-0.9952813497201483,3.018054658261223,0.2669308097019269,44.26151917244035,0,2025-01-28 08:17:00
4823,Client03,Autocall,NVDA,BUY,760000.0,1.153886055309806,0.8771814226382237,0.30780375542114724,27.139634841480326,1,2025-01-28 08:18:00
4505,Client02,Autocall,SPX,BUY,2430000.0,3.2225893237747436,0.2508824594306679,0.545080062184569,23.68946475404487,1,2025-01-28 08:23:00
2195,Client20,Autocall,AMZN,BUY,770000.0,-1.6432499558523703,1.4586051778446898,0.930706017816667,22.43392815919019,0,2025-01-28 08:27:00
335,Client09,Tracker,AMZN,SELL,350000.0,-4.414167914759455,4.113761685429302,0.42058103919552353,,0,2025-01-28 08:30:00
2431,Client08,Reverse Convertible,AAPL,BUY,470000.0,-1.3446326668787625,-2.2896549661074,0.4104966438755593,,0,2025-01-28 08:32:00
597,Client34,Autocall,TSLA,BUY,340000.0,-0.8175666852038259,3.8541807416854534,0.5048168050899036,8.440869552889824,1,2025-01-28 08:35:00
3434,Client28,Autocall,NESN,BUY,230000.0,-2.731662445127675,1.522998043611334,0.3723280072295384,41.55917664167944,1,2025-01-28 08:35:00
1179,Client13,Autocall,SPX,BUY,160000.0,3.01550255944364,2.036485248805734,0.5749020378340077,16.22524620016219,0,2025-01-28 08:39:00
3722,Client27,Tracker,SMI,SELL,320000.0,-1.7187137202897051,0.9175756935188937,0.4528041020658258,,0,2025-01-28 08:40:00
2155,Client33,Autocall,MSFT,BUY,390000.0,0.8549424363375359,1.9886074169551908,0.21957556537866277,44.011976545878554,1,2025-01-28 08:42:00
4224,Client10,Reverse Convertible,MSFT,BUY,950000.0,2.685384668880675,-2.0060736338345038,0.42858314139600917,,1,2025-01-28 08:42:00
1832,Client07,Autocall,TSLA,BUY,430000.0,-1.5477598957677696,-4.069733030721304,0.19401059292224102,15.433029792146991,1,2025-01-28 08:45:00
1815,Client19,Barrier Reverse Convertible,NESN,SELL,1100000.0,-1.0635454305818002,-4.921918668951321,0.43755790119710225,48.5164678819845,0,2025-01-28 08:45:00
1985,Client07,Autocall,SPX,SELL,430000.0,-2.4133422026963056,4.564557984377341,0.8981242632004468,18.592326833324574,1,2025-01-28 08:49:00
860,Client25,Autocall,NESN,SELL,510000.0,2.4276122252703587,0.3201729346782958,0.2839332640644761,37.73214648461656,0,2025-01-28 08:50:00
257,Client16,Reverse Convertible,MSFT,SELL,350000.0,-0.9752554488693487,-0.6067195701965143,0.552225387120516,,0,2025-01-28 08:52:00
796,Client03,Autocall,SMI,BUY,420000.0,-1.0635749150823295,-0.767066045297528,0.1732523144948251,28.761006832114088,1,2025-01-28 09:11:00
4263,Client28,Bonus Certificate,NESN,BUY,500000.0,0.09333312485841055,-1.9573548858732464,0.2997570331274396,3.82558555207686,1,2025-01-28 09:12:00
1391,Client22,Autocall,AAPL,BUY,680000.0,2.8551891879487146,2.495002951872617,0.27198628700844374,30.285153622484096,1,2025-01-28 09:14:00
3037,Client32,Autocall,NESN,SELL,560000.0,-0.21903712516994517,2.1776889348261053,0.7429133745791995,5.408077286682467,0,2025-01-28 09:15:00
2453,Client16,Autocall,SMI,SELL,530000.0,-3.3372106138769535,-4.286848746517183,0.6337114697555426,0.6725402532956948,1,2025-01-28 09:19:00
4675,Client20,Autocall,AMZN,BUY,670000.0,-3.767329035476067,-2.4725791247096263,0.736228435239391,23.370989456922075,0,2025-01-28 09:20:00
2723,Client24,Bonus Certificate,NVDA,BUY,840000.0,-3.3371030954250696,-3.9496239715230765,0.7533288400719661,28.378057976283827,0,2025-01-28 09:23:00
1346,Client23,Autocall,SMI,SELL,830000.0,2.5703628675594072,2.714022060018988,0.4206637499472478,32.74346785380653,1,2025-01-28 09:24:00
4661,Client32,Autocall,MSFT,SELL,300000.0,0.9426973683359547,-3.972902439268895,0.3327291368482584,9.812852898173386,0,2025-01-28 09:34:00
1600,Client28,Autocall,NVDA,BUY,1260000.0,3.1510252370776994,6.743530398422483,0.5131144614918264,21.585181894662657,0,2025-01-28 09:35:00
3412,Client17,Autocall,AAPL,BUY,920000.0,1.481349434684679,-3.5833373748020163,0.7444508239605808,24.471071919999005,0,2025-01-28 09:38:00
1440,Client04,Autocall,MSFT,BUY,330000.0,-1.9174516501875634,0.38620401946423555,0.3027899501845345,22.506444324421548,0,2025-01-28 09:42:00
1649,Client05,Autocall,AAPL,SELL,580000.0,-5.061967356832216,5.831067801092329,0.3668837928614388,33.428143129774476,0,2025-01-28 09:46:00
4375,Client20,Autocall,NESN,BUY,790000.0,3.969402847760884,-0.2366022015361941,0.6311842160326482,12.859999120826915,0,2025-01-28 09:46:00
3684,Client32,Autocall,AMZN,SELL,640000.0,-0.2518358261923928,2.864903752362981,0.23819240740544328,24.923617009473535,1,2025-01-28 09:47:00
783,Client25,Autocall,MSFT,BUY,750000.0,0.03828460594783349,4.274197440339738,0.8530190325903736,21.478225932008915,0,2025-01-28 09:48:00
3436,Client20,Autocall,MSFT,BUY,450000.0,-3.044292135611284,0.34967224011445097,0.39435408322693266,7.272882689451371,0,2025-01-28 09:50:00
4562,Client22,Autocall,NESN,SELL,500000.0,3.8138717483762337,-3.2299280528609913,0.3288285597127072,25.400882487744415,1,2025-01-28 09:51:00
1488,Client34,Bonus Certificate,SMI,SELL,350000.0,0.022212111565868112,-5.5665867241770375,0.7308284710358471,14.305212963234231,1,2025-01-28 10:02:00
2106,Client05,Autocall,TSLA,BUY,540000.0,-1.5687637889496595,-0.09680031817609992,0.4238619726970267,33.35107819371556,0,2025-01-28 10:03:00
2358,Client10,Tracker,NESN,BUY,1550000.0,3.7656310558709145,-0.41359399595832774,0.18573137609522505,,0,2025-01-28 10:05:00
4951,Client38,Autocall,NVDA,BUY,530000.0,0.2742498466873851,-2.67240104355019,0.6011121267976058,48.13688169528331,1,2025-01-28 10:07:00
831,Client16,Autocall,TSLA,SELL,870000.0,-3.133137808700073,-2.0742611707727256,0.18630479135939165,26.075875955313293,0,2025-01-28 10:08:00
4484,Client07,Bonus Certificate,MSFT,BUY,510000.0,4.425205415292376,0.49243431075301236,0.5496244338954912,32.4798789967321,0,2025-01-28 10:10:00
1434,Client18,Barrier Reverse Convertible,AMZN,SELL,770000.0,-1.0586787719607516,3.762427335911905,0.2741249334456929,46.3035497663319,1,2025-01-28 10:14:00
4118,Client34,Autocall,AAPL,SELL,220000.0,1.0584894268776066,-5.502643979148577,0.4190045293716352,13.015739250063357,1,2025-01-28 10:25:00
4697,Client19,Autocall,SMI,SELL,220000.0,3.0106569228524265,3.62948857774164,0.21640158311944574,38.83815234150695,0,2025-01-28 10:26:00
603,Client32,Autocall,AMZN,SELL,1770000.0,2.8764428388205316,-4.053250513002002,0.4908219739664756,19.11271775955091,0,2025-01-28 10:29:00
823,Client38,Autocall,NVDA,BUY,310000.0,-3.3832805736559712,-3.5608237102063565,0.6681132040221894,3.6774236543531016,1,2025-01-28 10:32:00
4513,Client02,Autocall,MSFT,SELL,850000.0,-0.06564469535105735,-4.7150381625704005,0.2920532904025395,23.6350812737732,1,2025-01-28 10:35:00
4624,Client40,Autocall,SPX,BUY,220000.0,1.6402385729039903,-2.1521409100792486,0.11364537981224297,20.267619666649477,0,2025-01-28 10:39:00
1326,Client30,Reverse Convertible,TSLA,SELL,610000.0,1.1378214341205217,2.6214161895012085,0.4352735741689535,,1,2025-01-28 10:43:00
3292,Client37,Autocall,MSFT,BUY,1230000.0,-1.289192755351416,-2.2812750647040843,0.20373329923574834,27.686387428956706,0,2025-01-28 10:43:00
4168,Client32,Bonus Certificate,SPX,SELL,2770000.0,0.2819660054896562,-2.39733409338831,0.5386141500433579,21.16051297926203,0,2025-01-28 10:48:00
747,Client35,Autocall,TSLA,SELL,480000.0,2.6966560948440517,2.289952050093797,0.283824372551192,23.99822153307986,1,2025-01-28 10:48:00
2133,Client11,Autocall,AAPL,SELL,550000.0,2.479082053131714,-1.8467560219454433,0.3939117564100421,18.213691212807543,0,2025-01-28 10:49:00
4433,Client27,Autocall,AAPL,BUY,180000.0,2.3425720956422253,1.2449474854191187,0.3272188630904407,4.099240391218611,0,2025-01-28 10:56:00
3336,Client01,Autocall,NESN,SELL,100000.0,-2.5386752390688003,-2.351749007866243,0.657500382056468,2.6269374248345523,0,2025-01-28 11:04:00
4887,Client26,Reverse Convertible,NESN,SELL,740000.0,0.2247804186047704,2.0637229389551233,0.5420382210478809,,0,2025-01-28 11:07:00
3845,Client17,Autocall,NVDA,BUY,860000.0,0.7398225600058213,-2.3287344781324206,0.32864001252631403,18.980840600981843,0,2025-01-28 11:07:00
4329,Client28,Bonus Certificate,AMZN,BUY,390000.0,-1.6075044052949827,0.10769805737391151,0.35429226366172156,28.68708121187138,1,2025-01-28 11:14:00
3896,Client24,Barrier Reverse Convertible,SMI,SELL,550000.0,1.5305060028671638,2.3275488495958943,1.0164803086059075,6.840083674562175,0,2025-01-28 11:15:00
2066,Client20,Autocall,NESN,SELL,490000.0,-3.710877831754519,1.3951396245811214,0.31163875881328273,30.86703611860871,1,2025-01-28 11:19:00
4654,Client08,Autocall,TSLA,SELL,200000.0,-2.021571935223868,0.18400006221159054,0.3206757857877435,29.529286917580162,1,2025-01-28 11:22:00
3015,Client25,Autocall,AAPL,SELL,1200000.0,-1.1438196455875074,1.1904939829731371,0.5637873213860172,15.453923169693828,0,2025-01-28 11:23:00
2660,Client37,Autocall,SPX,SELL,550000.0,-0.762232086133218,-0.04711032649916236,0.5521463124384143,27.380229562157886,0,2025-01-28 11:35:00
989,Client20,Tracker,SPX,SELL,770000.0,0.9264469380915312,-4.764894763322928,0.7717285052496973,,0,2025-01-28 11:37:00
1918,Client07,Autocall,NESN,SELL,430000.0,2.3811541767428115,0.41255557083928723,0.36942277591170014,21.03178427656138,1,2025-01-28 11:37:00
2327,Client12,Autocall,NESN,BUY,830000.0,1.4716437044629758,-2.2787778432757997,0.16926733307666544,0.2005721625263024,1,2025-01-28 11:39:00
4586,Client13,Autocall,SMI,BUY,570000.0,1.8773825305929535,-3.7578692025735485,0.4796683039453172,36.935144856290215,1,2025-01-28 11:40:00
3437,Client05,Autocall,AAPL,BUY,220000.0,-2.64200762206167,2.063692653244771,0.23295741972748193,17.668075570609982,1,2025-01-28 11:46:00
2035,Client08,Tracker,AMZN,BUY,640000.0,-1.0205184764187953,-3.2579704004598637,0.5887451352291512,,1,2025-01-28 11:46:00
2269,Client22,Reverse Convertible,AAPL,BUY,490000.0,0.8229966791620188,-2.3436879470416643,0.28526518521763616,,0,2025-01-28 11:47:00
4927,Client37,Autocall,SPX,BUY,470000.0,0.30376437371009946,2.3351578441891507,0.47603732605416754,26.856612822587806,1,2025-01-28 11:49:00
3242,Client36,Autocall,AAPL,BUY,630000.0,-1.5016922001336992,-0.09612354806351557,0.39701952178266553,2.479285287412647,1,2025-01-28 11:50:00
204,Client11,Autocall,SMI,BUY,440000.0,0.524846228033076,5.3584877611810455,0.3026366205809925,19.303923862127448,1,2025-01-28 11:50:00
533,Client22,Autocall,NVDA,SELL,490000.0,-1.2231794937293876,-5.865403267019612,0.9537142519534927,5.063789306921295,0,2025-01-28 11:54:00
2448,Client22,Tracker,MSFT,BUY,400000.0,0.5466297100765075,-0.11819301994029562,0.19787795977671507,,0,2025-01-28 12:03:00
2173,Client17,Autocall,NESN,SELL,940000.0,-0.6442848928943262,3.1594016591413694,0.9628518676387547,32.54878499922837,0,2025-01-28 12:03:00
1187,Client20,Reverse Convertible,AMZN,SELL,920000.0,-0.8388644412530416,-2.4253464810770327,0.44056590312788807,,0,2025-01-28 12:08:00
4351,Client23,Autocall,SMI,BUY,150000.0,1.1000003090548849,2.984870255967849,0.3453868451063541,3.6158784906775154,1,2025-01-28 12:19:00
788,Client08,Autocall,TSLA,BUY,490000.0,-1.524193958229451,-3.490712288633148,0.5344641245520169,9.162998643157444,1,2025-01-28 12:24:00
2591,Client38,Autocall,SPX,BUY,210000.0,-4.511710470105056,2.1043513410344232,0.848568470191694,22.02294305244465,1,2025-01-28 12:28:00
4203,Client05,Autocall,AMZN,SELL,440000.0,1.038602034029427,1.3448286582532065,0.2806176939002964,44.639474566000416,0,2025-01-28 12:32:00
3920,Client25,Autocall,SPX,SELL,1130000.0,3.150551694688188,-1.2326660439732762,0.27399312381855023,22.560523661103442,1,2025-01-28 12:37:00
1322,Client13,Autocall,AAPL,SELL,330000.0,-1.1750924944255972,0.19282729659590675,0.5604220660524802,5.144605988249523,1,2025-01-28 12:38:00
1494,Client32,Reverse Convertible,TSLA,BUY,470000.0,-0.583357638989686,4.924989734440667,0.6484455007415876,,0,2025-01-28 12:40:00
1262,Client22,Autocall,SMI,SELL,480000.0,-0.38735543054436267,-0.07259661460298954,0.5542974909359031,13.502444428308847,0,2025-01-28 12:42:00
1771,Client25,Autocall,NESN,BUY,390000.0,-0.5801314565822713,-4.933912455486597,0.7862104915153825,21.536520129849524,0,2025-01-28 12:50:00
2188,Client11,Bonus Certificate,SMI,BUY,610000.0,-1.4716092827237743,-0.5864737265189426,0.4193673854442805,44.46421853002598,0,2025-01-28 12:52:00
2880,Client40,Autocall,AMZN,BUY,340000.0,1.2485236696903539,-0.47613056971682594,0.6461400037042266,17.198234249600407,0,2025-01-28 12:53:00
3375,Client34,Autocall,SMI,BUY,400000.0,0.1109854597621015,1.0018319929150965,0.6664070604801281,47.874274900951036,1,2025-01-28 12:53:00
4393,Client32,Autocall,SPX,BUY,420000.0,-3.8534877890192867,3.8146645515355244,0.3800811091418939,18.708180937656792,0,2025-01-28 12:54:00
3465,Client05,Barrier Reverse Convertible,SMI,SELL,1140000.0,0.4863120994949059,0.07830240632926706,0.25139413552956597,36.23205222051039,1,2025-01-28 12:59:00
2113,Client24,Autocall,SMI,SELL,1200000.0,-0.3148130728993399,1.803838061131503,0.2624475634081326,14.244666139838525,0,2025-01-28 13:00:00
302,Client16,Autocall,SMI,SELL,520000.0,0.581579753023109,2.5278962790921673,0.6009235415876775,26.731922635808473,0,2025-01-28 13:04:00
3243,Client35,Autocall,SMI,SELL,850000.0,-1.2049393268134092,-0.1414222382619901,0.2371098731703755,45.940675397061945,0,2025-01-28 13:04:00
2135,Client12,Autocall,AMZN,BUY,380000.0,-2.8619654210552206,5.440397003394916,0.4458965493276628,31.463653389812368,0,2025-01-28 13:05:00
3801,Client16,Autocall,NESN,BUY,850000.0,-2.8847806461786183,1.5368130915869331,0.16247709514982558,30.079150616533777,0,2025-01-28 13:08:00
2255,Client34,Autocall,AMZN,BUY,90000.0,-2.7660040749687123,-0.16717682439265083,0.48911751319039787,44.83084155652521,1,2025-01-28 13:09:00
4235,Client17,Autocall,AMZN,SELL,770000.0,1.7473578019920968,-0.27783500509661374,0.7598714011593691,36.89365710392975,1,2025-01-28 13:10:00
2719,Client35,Autocall,SPX,BUY,500000.0,1.9874688004235412,0.4680304878287288,0.2513872104433856,36.097584643946476,1,2025-01-28 13:16:00
196,Client22,Autocall,MSFT,SELL,980000.0,-1.550771732493975,-1.5923556974836819,1.1783916534042285,22.92943885767166,0,2025-01-28 13:16:00
3473,Client24,Autocall,NVDA,SELL,1050000.0,-0.17779703238414066,0.977933873050012,0.49850667629860146,26.932440795420376,0,2025-01-28 13:19:00
4719,Client35,Bonus Certificate,NESN,BUY,510000.0,2.774736097821961,3.190814704575218,0.7359758120739496,25.90239257932978,0,2025-01-28 13:23:00
2949,Client24,Autocall,SPX,SELL,700000.0,-2.015789245430452,-2.6927969288804974,0.47602668956343513,39.715752748242195,1,2025-01-28 13:31:00
3851,Client04,Autocall,NESN,SELL,410000.0,1.4148195202284992,1.7568137607492562,0.19185566415470184,38.397413748953255,0,2025-01-28 13:31:00
2101,Client26,Autocall,NVDA,BUY,350000.0,-2.7158515791905447,0.31771935758581604,0.8022281139632917,38.5405035134345,0,2025-01-28 13:39:00
2830,Client22,Barrier Reverse Convertible,SPX,BUY,450000.0,-3.607002845260819,-4.025236313364966,0.33313466884978565,11.652092908192074,0,2025-01-28 13:41:00
824,Client31,Autocall,NVDA,SELL,370000.0,0.9195322318385187,-0.07663909022320574,0.39121699152557815,0.5001783239750812,1,2025-01-28 13:46:00
509,Client20,Autocall,NVDA,SELL,440000.0,0.48655261070457,-1.1639959415845837,0.21328950772950944,16.8204808636022,1,2025-01-28 13:48:00
1516,Client08,Autocall,NVDA,BUY,440000.0,-0.3205858203646346,-1.100745653391561,0.2649345456082011,26.513166939302803,1,2025-01-28 13:50:00
4344,Client15,Barrier Reverse Convertible,NESN,BUY,1300000.0,-1.5432884031839729,2.874403458871262,1.433341533098112,28.352204003839343,1,2025-01-28 13:53:00
1001,Client34,Autocall,AMZN,BUY,410000.0,0.8856667033218659,-2.105597449989083,0.49820477778863814,35.31987373992105,0,2025-01-28 13:53:00
2490,Client21,Barrier Reverse Convertible,SMI,SELL,100000.0,0.5719829231757221,-4.399183641605012,0.3338413096892951,12.333152130143182,1,2025-01-28 13:53:00
3463,Client25,Autocall,MSFT,SELL,2050000.0,-0.5542776377070185,1.2178817942386806,0.2812124415141188,1.9812267731717015,0,2025-01-28 13:56:00
260,Client22,Autocall,SMI,SELL,570000.0,-2.3534708116654044,2.089364947879269,0.504219826038705,22.524681772737047,0,2025-01-28 13:59:00
1510,Client02,Autocall,SPX,BUY,540000.0,1.1184558452710667,1.0970321260086968,0.4655205200121854,36.57027766580958,0,2025-01-28 14:07:00
383,Client13,Autocall,SPX,SELL,800000.0,-1.474817966296089,4.850361249857011,0.38828255374909815,49.022560746698005,1,2025-01-28 14:09:00
3366,Client05,Autocall,MSFT,BUY,1290000.0,-0.9381626464839363,4.640111301783858,0.4284527003796323,42.393286976688856,0,2025-01-28 14:09:00
2480,Client10,Autocall,AMZN,SELL,2530000.0,1.1490104798895096,5.319789742029448,0.48613847318319514,23.720241693772387,1,2025-01-28 14:15:00
36,Client32,Reverse Convertible,NESN,BUY,1340000.0,-0.8851697887600692,-3.0319059498145475,0.2844911793122394,,0,2025-01-28 14:17:00
4515,Client34,Autocall,TSLA,BUY,310000.0,-1.5163852200211194,-6.645161366398083,0.5700098151671427,3.805124787517716,0,2025-01-28 14:21:00
1408,Client25,Autocall,MSFT,BUY,500000.0,-1.5272753748957129,0.4776802185517664,0.18085070913875928,19.808476395633463,1,2025-01-28 14:21:00
915,Client24,Autocall,NESN,BUY,630000.0,0.7108640752871862,-0.28311134110059133,0.20394031299855678,14.562555634912943,0,2025-01-28 14:24:00
1899,Client38,Autocall,MSFT,BUY,400000.0,2.227169931123204,1.9111633484260675,0.23292963113231197,21.406736066173337,0,2025-01-28 14:26:00
3981,Client16,Autocall,MSFT,BUY,1030000.0,1.9988374393315862,2.8202676090688183,0.3810064274608644,44.40442770587116,0,2025-01-28 14:28:00
574,Client09,Autocall,AAPL,BUY,880000.0,-0.45932701720301816,4.362968145502558,0.3391919181089573,29.25910661625124,0,2025-01-28 14:38:00
4690,Client28,Autocall,SMI,BUY,490000.0,-1.5714524055522996,-4.973448594146417,0.1754628825853656,46.46848676812915,0,2025-01-28 14:42:00
4274,Client26,Autocall,TSLA,SELL,700000.0,-0.5663927942613878,-1.7128119568081268,0.618476577060435,22.5431597331381,1,2025-01-28 14:44:00
3073,Client28,Autocall,AAPL,BUY,280000.0,0.7757328060698265,-2.9927125159570096,0.41069694789568945,10.053546950365105,1,2025-01-28 14:50:00
4090,Client32,Reverse Convertible,AMZN,SELL,810000.0,-2.3499639215900685,-3.8252503285481536,0.37614210302896206,,1,2025-01-28 14:59:00
2994,Client38,Bonus Certificate,TSLA,SELL,880000.0,0.6904994389082969,-1.0993627915809787,0.4164599287522975,18.7813458612154,0,2025-01-28 15:01:00
4287,Client16,Tracker,AMZN,SELL,800000.0,-0.30604038724498145,-1.188103237002442,0.2490393006553968,,1,2025-01-28 15:05:00
2557,Client22,Bonus Certificate,SMI,SELL,1300000.0,-2.682378289558962,0.16192879890913606,0.49426648455504335,37.70047443856757,0,2025-01-28 15:06:00
3298,Client11,Autocall,SMI,SELL,360000.0,1.5171033730105168,0.415293412477983,0.30638315691465445,7.943299461421188,0,2025-01-28 15:06:00
4083,Client28,Autocall,SMI,SELL,160000.0,-1.646634334802103,0.1711853808594346,0.5141202843394015,34.8695321617747,0,2025-01-28 15:08:00
1448,Client40,Autocall,NVDA,SELL,690000.0,3.3804314210871538,2.6901179909783988,0.48252497340874745,5.727687535370624,0,2025-01-28 15:10:00
1742,Client32,Autocall,SMI,SELL,1000000.0,3.6081902786250626,-0.9979911241446255,0.30255857115675105,22.50641836352773,1,2025-01-28 15:10:00
1877,Client22,Barrier Reverse Convertible,SMI,BUY,440000.0,-0.15933867920421832,7.125995530121786,0.22725760876651202,14.104611006885909,0,2025-01-28 15:11:00
3019,Client23,Autocall,SMI,SELL,1030000.0,0.5248723559186618,3.7959854958789263,0.3991342026509733,11.907663839566201,1,2025-01-28 15:13:00
1953,Client20,Autocall,SPX,SELL,450000.0,3.0231778687139506,-2.718990523818056,0.4043957203618004,35.39194589053506,0,2025-01-28 15:18:00
1919,Client22,Reverse Convertible,SPX,SELL,310000.0,1.0621201112016274,-4.3033952688595445,0.28526338107836635,,1,2025-01-28 15:21:00
3866,Client37,Autocall,AAPL,SELL,680000.0,2.7944182456209044,-3.415387881024987,0.3282574600701357,3.3765504321885462,0,2025-01-28 15:28:00
2005,Client28,Autocall,NESN,BUY,360000.0,-2.533330588010295,-0.03272032627516037,0.19482369331886115,8.210256343828643,1,2025-01-28 15:30:00
3869,Client32,Bonus Certificate,SPX,BUY,190000.0,-0.8717558023961323,-0.4031628049895611,0.2904240018104069,14.627016803517389,0,2025-01-28 15:36:00
3723,Client15,Autocall,AAPL,BUY,970000.0,1.5854956922425054,-3.288599823398245,0.6856194927093635,27.33692581048078,0,2025-01-28 15:40:00
2537,Client08,Barrier Reverse Convertible,SMI,BUY,160000.0,-2.5294476139838427,-3.1572764790212915,0.46954594599601235,6.127027219540166,0,2025-01-28 15:41:00
2609,Client26,Tracker,AMZN,SELL,630000.0,2.4372815257602327,2.3180340206846823,0.5525703250278708,,1,2025-01-28 15:42:00
4416,Client38,Bonus Certificate,SPX,SELL,330000.0,-2.721108722459198,0.8255204590956344,0.18960393982723106,37.78240587195679,1,2025-01-28 15:43:00
4791,Client08,Tracker,SMI,SELL,280000.0,-0.1251935445561723,4.1401418243458465,0.6054715195617242,,0,2025-01-28 15:45:00
2823,Client08,Reverse Convertible,SPX,BUY,400000.0,3.367816354554944,-2.358881926750686,0.5079690641208084,,1,2025-01-28 15:45:00
4089,Client20,Autocall,AAPL,BUY,430000.0,0.17218671159629462,5.0579874584995475,0.22556681529043449,30.36408974843225,0,2025-01-28 15:49:00
2572,Client08,Autocall,AMZN,SELL,290000.0,0.6213000015453489,6.1934140178715,0.5422498101122887,4.956206163774618,1,2025-01-28 15:50:00
4720,Client01,Autocall,AAPL,SELL,200000.0,5.868104897162402,-1.0225762718316713,0.5075805997565911,41.95294221623431,0,2025-01-28 15:53:00
748,Client14,Autocall,NESN,SELL,780000.0,-3.5598483862491905,-1.0381575559209357,0.2070081591523225,17.709701082810884,1,2025-01-28 15:54:00
4502,Client02,Autocall,AAPL,SELL,730000.0,-2.037436812692891,-2.063054198569414,0.27809565942402864,21.2313851965036,0,2025-01-28 15:56:00
3250,Client18,Autocall,SPX,SELL,1520000.0,-0.028395239530085443,-3.455893123671096,0.12484198027833779,38.65621842325691,1,2025-01-28 15:58:00
4370,Client21,Reverse Convertible,NVDA,BUY,390000.0,1.8330470462648947,-3.6944057333764864,0.3064068179288998,,0,2025-01-28 15:59:00
3779,Client28,Barrier Reverse Convertible,NESN,BUY,150000.0,4.025074179483034,0.19065436893197785,0.36719237564692614,36.241064592126385,1,2025-01-28 16:00:00
655,Client12,Autocall,TSLA,BUY,390000.0,-1.5535083854604175,3.3894382336022417,0.3518607759041341,1.8904795109513706,0,2025-01-28 16:01:00
4172,Client33,Autocall,TSLA,SELL,210000.0,3.0482912615517237,-0.06548817339048235,0.34683077154086933,16.904184792337336,1,2025-01-28 16:01:00
2315,Client04,Autocall,MSFT,SELL,540000.0,-2.4972320078109336,3.888080224277151,0.4348647139532053,17.084397418152296,0,2025-01-28 16:02:00
2241,Client03,Barrier Reverse Convertible,TSLA,SELL,540000.0,0.5574662268001268,3.590919864267661,0.47111250082265155,9.988986070146682,0,2025-01-28 16:06:00
1439,Client05,Bonus Certificate,SPX,BUY,550000.0,-1.0719422744142355,0.9041491191738418,0.4565888639787775,36.277842178299736,0,2025-01-28 16:09:00
1879,Client32,Autocall,TSLA,BUY,340000.0,2.185423966943713,-0.9855246066371233,0.8465521565497466,40.76198877181226,0,2025-01-28 16:12:00
3891,Client18,Autocall,SMI,SELL,1320000.0,0.578191520773948,-2.050821745741667,0.6990477558245726,4.885669238217771,0,2025-01-28 16:15:00
3489,Client05,Tracker,SMI,SELL,690000.0,0.32144646329554455,0.7104477873573563,0.36247437059455023,,0,2025-01-28 16:20:00
1988,Client18,Tracker,MSFT,BUY,3080000.0,1.6960071684166065,3.8891242901380787,0.24643602042374793,,0,2025-01-28 16:26:00
174,Client14,Autocall,NVDA,SELL,1650000.0,1.6296351163187466,0.6056540063544715,0.2968056631454237,35.62942711216756,1,2025-01-28 16:28:00
2410,Client11,Barrier Reverse Convertible,NESN,BUY,640000.0,-1.799947478052285,1.5941494636427138,0.32203651091459246,17.153957236784372,0,2025-01-28 16:28:00
1945,Client28,Autocall,AAPL,SELL,260000.0,0.2698721655211222,0.7183577071555015,0.3285854037379093,13.141229371875468,1,2025-01-28 16:32:00
19,Client17,Reverse Convertible,MSFT,BUY,480000.0,1.2504171419415262,-2.109993322665108,0.42084642703167086,,0,2025-01-28 16:33:00
2470,Client12,Bonus Certificate,MSFT,BUY,270000.0,0.6733084858523827,5.226785646703959,0.3400363162321887,17.944847656671158,0,2025-01-28 16:35:00
3969,Client12,Bonus Certificate,NESN,SELL,250000.0,2.7937032578424748,2.5514133708664293,0.4128224392143481,25.921163016740056,1,2025-01-28 16:36:00
937,Client01,Autocall,TSLA,SELL,260000.0,-0.5305449244370106,5.990883336527037,0.37205068335638325,49.23930495620724,0,2025-01-28 16:37:00
1158,Client15,Bonus Certificate,SPX,BUY,1620000.0,0.23408075559044048,2.64425404741192,0.5221496924409821,33.434636055930596,0,2025-01-28 16:46:00
2793,Client07,Barrier Reverse Convertible,MSFT,BUY,170000.0,-0.03722213660275812,-2.3184165261457843,0.4295294284132988,32.09004975776518,1,2025-01-28 16:47:00
2300,Client23,Bonus Certificate,NVDA,BUY,410000.0,-2.206909769482713,-2.2953981111691357,0.2241596067211997,6.697453993520563,1,2025-01-28 16:48:00
2163,Client15,Autocall,NESN,BUY,740000.0,1.034049641552088,-0.36051828655276835,0.6685770935879088,34.75421710606248,1,2025-01-28 16:51:00
2863,Client40,Autocall,TSLA,SELL,290000.0,1.5339207216202562,-4.004352564214087,0.2818482041927853,15.195708460446362,0,2025-01-28 16:52:00
3835,Client08,Autocall,NESN,BUY,340000.0,0.5245363190498503,1.604294646163377,0.5951308056889542,2.817748954287885,1,2025-01-28 16:53:00
3147,Client15,Autocall,TSLA,BUY,2000000.0,0.3209325367587722,0.900682724058353,0.1988050693779637,44.77014349114711,0,2025-01-28 16:53:00
1354,Client31,Autocall,SPX,BUY,1220000.0,0.5897982661571611,-0.12989460312709103,0.35024338366228774,20.639998523157033,1,2025-01-28 16:55:00
1041,Client16,Autocall,MSFT,SELL,390000.0,-2.1213253476960525,-3.8367583743951625,0.23979525677902047,18.297776644574604,1,2025-01-28 16:56:00
1798,Client03,Autocall,NVDA,SELL,630000.0,0.5861877367546299,2.4630533299957036,0.16915432044069859,20.732238119312928,1,2025-01-28 16:56:00
2122,Client14,Autocall,SPX,BUY,2490000.0,0.7243613468764443,2.954743627114154,1.0151720281823158,43.384041465828226,1,2025-01-28 16:57:00
3317,Client07,Reverse Convertible,SPX,SELL,280000.0,-1.1948420522611225,0.11380645610946824,0.19716583105725197,,1,2025-01-28 16:58:00
516,Client32,Bonus Certificate,TSLA,BUY,490000.0,2.6879140819365466,-5.130476137897006,0.9275644232487691,46.160985281415776,0,2025-01-28 17:06:00
1339,Client18,Autocall,MSFT,SELL,690000.0,-1.0675797580270838,6.805692257471304,0.18030534440677842,20.16324642210326,1,2025-01-28 17:08:00
3176,Client35,Reverse Convertible,NESN,SELL,1250000.0,0.5406858837607943,-4.97659033177206,0.8621215157679448,,1,2025-01-28 17:14:00
1912,Client15,Tracker,AMZN,BUY,3940000.0,-0.058757266568753026,-1.6623647296186674,0.23852149452365826,,1,2025-01-28 17:15:00
2549,Client09,Autocall,NVDA,BUY,380000.0,-1.4885323417737895,-0.01527843761840016,0.7044001606875223,46.5689832600673,0,2025-01-28 17:23:00
2950,Client24,Autocall,NESN,SELL,650000.0,-1.3783353290539964,1.5653318786962722,0.21876232053211783,24.772853487026246,1,2025-01-28 17:39:00
2423,Client35,Autocall,AAPL,SELL,370000.0,-0.034605211635865725,2.588931611603832,0.24594151612527332,21.38285070050543,0,2025-01-28 17:44:00
1707,Client16,Autocall,NESN,BUY,1360000.0,-1.9575781873982043,2.276604812030742,0.4725999852348593,28.481397712887297,0,2025-01-28 17:44:00
2354,Client30,Autocall,NVDA,BUY,280000.0,-1.611535543577154,2.4226848641315586,0.10483855971073154,16.69320330226113,1,2025-01-28 17:49:00
2896,Client07,Barrier Reverse Convertible,NESN,BUY,660000.0,-0.2816620853521458,6.907810325867127,0.5183779438303286,45.53613168147223,1,2025-01-28 17:49:00
480,Client05,Autocall,SPX,SELL,500000.0,1.9407766588150324,-0.8548523012810755,0.7089802106297916,39.24110969012441,0,2025-01-28 17:51:00
2841,Client25,Autocall,AAPL,SELL,420000.0,0.7808704944452808,0.4946667837723411,0.3842888470609298,28.023947959946643,1,2025-01-28 17:51:00
3961,Client09,Autocall,AMZN,BUY,180000.0,-1.6956651424829676,4.838405276340211,0.3408707118565074,29.420072261987833,0,2025-01-28 17:51:00
3595,Client20,Reverse Convertible,NVDA,SELL,690000.0,0.800337484137477,-0.9862195852005984,0.35166838088334146,,0,2025-01-28 17:52:00
78,Client31,Autocall,MSFT,BUY,350000.0,-2.199066823484011,-0.6203068020119276,0.2906424157878913,34.044751052808856,1,2025-01-28 17:53:00
11,Client33,Tracker,AAPL,SELL,200000.0,-0.851832148214147,-1.4922229889443313,0.5321802270947286,,0,2025-01-28 17:53:00
1679,Client27,Autocall,NVDA,SELL,380000.0,0.48130721171974705,-0.40937879533911825,0.32544595509470337,4.290963007341703,0,2025-01-28 17:56:00
4066,Client33,Tracker,AMZN,BUY,180000.0,-1.4684876647752894,1.6351258331494316,0.46186303873584633,,0,2025-01-28 17:56:00
3423,Client22,Autocall,MSFT,SELL,640000.0,-0.9337765146468134,0.8938832005588138,0.7712160156336434,5.665089288595171,0,2025-01-28 17:57:00
1821,Client21,Barrier Reverse Convertible,SMI,SELL,140000.0,1.3491273108296526,-4.853053441297904,0.09983911384333563,39.279535037719945,0,2025-01-29 08:05:00
4845,Client18,Autocall,AMZN,SELL,1370000.0,1.150768378552197,-8.43141038219498,0.9570250436440412,3.469890029589756,1,2025-01-29 08:13:00
299,Client31,Autocall,MSFT,BUY,590000.0,1.4841701726648187,5.58131561887481,0.9843943098407022,8.09208357427988,0,2025-01-29 08:13:00
4636,Client31,Autocall,SMI,BUY,370000.0,2.0431428121490365,0.251021674868236,0.7915612066434559,32.19177807828626,1,2025-01-29 08:14:00
2178,Client34,Barrier Reverse Convertible,TSLA,BUY,470000.0,-2.9677676575765144,-6.360322242710584,0.7664181268150726,16.49111837328121,0,2025-01-29 08:18:00
3905,Client32,Autocall,AMZN,BUY,880000.0,-2.2782962717818163,-4.622845098346008,0.5991274929167106,26.381729717233878,0,2025-01-29 08:19:00
4022,Client25,Autocall,NVDA,SELL,1190000.0,-4.783933785273586,1.0604284082897246,0.27671686382132066,3.4178939072364853,1,2025-01-29 08:23:00
77,Client03,Barrier Reverse Convertible,SPX,SELL,520000.0,-4.029687086184518,2.174955041607819,0.7419221978724094,44.30881083013781,0,2025-01-29 08:28:00
1097,Client15,Autocall,MSFT,SELL,2340000.0,1.6028446899060331,-6.102404913246978,0.4891364041297148,6.423971227070579,1,2025-01-29 08:32:00
873,Client08,Reverse Convertible,AMZN,SELL,530000.0,-0.592197006180789,-4.808424469085594,0.31559689736919033,,0,2025-01-29 08:34:00
1229,Client22,Autocall,NESN,BUY,610000.0,-1.1432642595717823,0.6898627699839921,0.4387807069473393,31.461584476777887,0,2025-01-29 08:35:00
1370,Client34,Autocall,AMZN,SELL,340000.0,2.5758151267002067,0.38394501259388747,0.3040367870940891,48.45059925634259,1,2025-01-29 08:36:00
1555,Client09,Autocall,MSFT,BUY,590000.0,-0.09047026131065841,4.661257186011674,0.7815667257191844,18.472223236348718,0,2025-01-29 08:39:00
1081,Client18,Autocall,NESN,BUY,1770000.0,-2.8734845814675647,0.05722252452614178,0.31118883261722285,39.048826388827926,1,2025-01-29 08:40:00
1342,Client11,Autocall,MSFT,SELL,580000.0,-0.35104685421468057,-2.004472525367271,0.3112645396780748,37.64547654705729,0,2025-01-29 08:47:00
820,Client22,Barrier Reverse Convertible,NESN,SELL,1340000.0,-1.488602762253201,3.9693143713228682,0.8413496313016785,27.05300501780861,0,2025-01-29 08:48:00
1716,Client14,Barrier Reverse Convertible,SPX,BUY,740000.0,-1.3657912455802648,-3.5652268466604164,0.23219325913557254,31.050758075484055,0,2025-01-29 08:52:00
3044,Client40,Autocall,SPX,BUY,790000.0,-1.798642230771337,3.988145272708771,0.5137483486934119,36.56657517167059,0,2025-01-29 09:00:00
221,Client31,Reverse Convertible,TSLA,SELL,370000.0,-0.9433399012740284,-0.756039293333373,0.4194309247523942,,1,2025-01-29 09:01:00
3631,Client17,Autocall,AAPL,SELL,420000.0,-0.029350417904710557,0.8202514104493988,0.18918422191598108,14.42991884011009,1,2025-01-29 09:01:00
3980,Client02,Reverse Convertible,AMZN,BUY,840000.0,-0.8956701135758709,-0.24013944386756397,0.6231827260144783,,1,2025-01-29 09:05:00
4158,Client05,Bonus Certificate,TSLA,SELL,390000.0,1.252372841666128,-4.979101498673604,0.19365664160644036,32.01880894827943,1,2025-01-29 09:07:00
2962,Client30,Autocall,SMI,BUY,1250000.0,-1.404443745832621,-0.8187989493446701,0.2896880942969897,16.16286120609009,1,2025-01-29 09:08:00
1214,Client39,Autocall,NESN,SELL,260000.0,-0.7149166286221893,3.1764947266784924,0.36850064026957874,5.746103801203889,1,2025-01-29 09:17:00
2961,Client17,Autocall,NESN,SELL,370000.0,-2.2696875657079234,1.8915021011758262,0.3989166585998208,39.165792347214314,0,2025-01-29 09:19:00
1321,Client31,Barrier Reverse Convertible,MSFT,BUY,570000.0,3.8445972499747785,9.170943728928703,0.5842768642503563,45.9741210701731,1,2025-01-29 09:26:00
2374,Client26,Autocall,NVDA,SELL,340000.0,0.14849296722425545,0.9576013682835999,0.45647851506634723,21.645920485537456,0,2025-01-29 09:35:00
3953,Client06,Autocall,TSLA,SELL,2890000.0,-1.4165826948410531,2.737942722728608,0.20464337533035867,21.53935789981653,0,2025-01-29 09:46:00
4442,Client26,Autocall,AAPL,BUY,350000.0,-1.1673452106435946,1.1129973105762063,0.200703538241202,27.888420264518427,0,2025-01-29 09:48:00
1,Client27,Reverse Convertible,SMI,SELL,230000.0,0.17551152217893376,3.040139489517056,0.302827567626499,,0,2025-01-29 09:49:00
2779,Client16,Autocall,AAPL,BUY,420000.0,0.012208056308427521,-3.7191437514364463,0.561997972616067,2.1103249509153486,0,2025-01-29 09:49:00
2489,Client31,Bonus Certificate,NESN,SELL,470000.0,0.2509631285159216,-3.37718928203805,0.22281980628102585,41.58401757168914,1,2025-01-29 09:50:00
3433,Client16,Autocall,TSLA,BUY,230000.0,4.852470369062574,-1.111127414737559,0.1222848126085226,33.70369339165024,0,2025-01-29 09:54:00
2369,Client35,Autocall,AMZN,BUY,920000.0,-2.51212399442913,-0.32231463663657567,0.33946790691020756,48.64682917461488,0,2025-01-29 09:54:00
1587,Client32,Autocall,SMI,SELL,590000.0,-1.1436928724252262,-0.006246529786444636,0.7042464467053666,33.35119958130801,1,2025-01-29 09:57:00
4134,Client15,Autocall,TSLA,SELL,3620000.0,-3.8954021497304354,-2.6622770529344923,0.46993182628905295,13.760534406410097,0,2025-01-29 09:59:00
1762,Client23,Autocall,SPX,SELL,260000.0,-4.25640551279398,-4.41500052572459,0.5746463871476585,10.092141901028096,1,2025-01-29 10:01:00
3208,Client01,Autocall,SPX,BUY,50000.0,3.740682565467126,1.7218951507247438,0.7070478932608811,16.412020196819103,1,2025-01-29 10:01:00
1677,Client34,Autocall,NVDA,BUY,450000.0,-3.1146561131866815,3.9821061615128923,0.8713419406875981,0.17636261578917733,0,2025-01-29 10:04:00
2638,Client12,Tracker,SPX,SELL,550000.0,-1.5004981574912895,0.7665470930215922,0.3740868547463391,,1,2025-01-29 10:06:00
4074,Client20,Autocall,NVDA,BUY,920000.0,-2.895666532281613,-6.426591134590476,0.7669811743724262,1.9293286944255972,0,2025-01-29 10:08:00
1318,Client04,Autocall,TSLA,BUY,480000.0,-0.08340879244248049,2.018368056710494,0.4543478826504098,22.387171161294017,1,2025-01-29 10:10:00
2479,Client28,Autocall,AAPL,BUY,420000.0,-5.253644691953492,3.646987898340273,0.27188773016945983,21.771222326494332,0,2025-01-29 10:19:00
4704,Client25,Barrier Reverse Convertible,AMZN,BUY,1730000.0,0.06738469503395525,0.40436245775572455,0.37591147037511913,33.92233641868852,0,2025-01-29 10:23:00
21,Client35,Tracker,NVDA,SELL,330000.0,2.468121913203037,-1.0821840141628498,0.29167587833785463,,1,2025-01-29 10:23:00
1418,Client22,Autocall,MSFT,SELL,910000.0,1.396523237879001,-1.1647698043414452,0.5943114628736508,48.872954009671574,0,2025-01-29 10:25:00
412,Client25,Autocall,NESN,BUY,1660000.0,-1.5142385823906044,0.2067039235605821,0.20295804226692793,12.930404407653484,1,2025-01-29 10:27:00
2137,Client07,Autocall,AMZN,SELL,430000.0,-0.7170643525254914,1.55271108333182,0.44820146784674175,19.365567827630553,0,2025-01-29 10:28:00
2563,Client20,Autocall,AAPL,SELL,390000.0,-0.32942690132249147,-3.635689572092594,0.7472966216791725,49.351662439227475,1,2025-01-29 10:37:00
2666,Client26,Barrier Reverse Convertible,SMI,BUY,90000.0,-3.0795838686626182,-1.655926743602421,0.24355430028799216,7.2356128968967255,0,2025-01-29 10:39:00
1480,Client34,Autocall,NVDA,BUY,640000.0,-1.640228055161186,-2.127830540305169,0.3843248652168761,5.622989650176269,1,2025-01-29 10:41:00
2631,Client35,Autocall,TSLA,SELL,510000.0,-1.7912682747087352,2.81205441476795,0.376931725019662,39.96723282854413,1,2025-01-29 10:42:00
4848,Client18,Autocall,NVDA,SELL,1940000.0,-1.9178923575161517,-0.4833365555607973,0.41541047982601603,44.03557585148862,1,2025-01-29 10:44:00
2469,Client40,Autocall,MSFT,BUY,510000.0,-3.233030108137461,-2.567915629636507,0.4216372440046961,14.262165719090858,0,2025-01-29 10:46:00
4964,Client09,Autocall,NVDA,BUY,690000.0,1.374710352687678,-3.009144596077869,0.26377683108293937,1.7827444449940222,1,2025-01-29 10:49:00
2615,Client20,Reverse Convertible,SMI,BUY,730000.0,1.8067156738831038,0.311357354123617,0.11991251251315935,,0,2025-01-29 10:55:00
970,Client03,Reverse Convertible,AAPL,SELL,280000.0,-0.3442322861179037,-4.682021067978942,0.37087200332292525,,0,2025-01-29 10:55:00
936,Client31,Reverse Convertible,TSLA,SELL,910000.0,0.9383915434089202,-0.23715564681502035,0.3724310680723909,,1,2025-01-29 10:57:00
4847,Client22,Autocall,AAPL,BUY,380000.0,-1.350950260955347,0.7651770462108269,0.39463441791533965,20.96018615581122,1,2025-01-29 11:02:00
2405,Client16,Reverse Convertible,MSFT,BUY,740000.0,0.8516331739399211,2.713127613973167,0.31492981076600174,,0,2025-01-29 11:02:00
2165,Client22,Bonus Certificate,AAPL,SELL,330000.0,-1.8306376790368672,1.103698944658234,0.5587784952589078,14.246203536039982,0,2025-01-29 11:06:00
121,Client35,Autocall,NVDA,BUY,500000.0,-1.384203978665737,-3.367148691729584,0.2579131745505306,2.235143101980963,1,2025-01-29 11:09:00
3890,Client30,Autocall,SPX,SELL,500000.0,-1.5943923418392547,0.4071554989751268,0.6436102929569568,45.41008295091186,0,2025-01-29 11:10:00
1206,Client35,Autocall,AMZN,SELL,440000.0,0.7809898227021488,-1.7746421167440174,1.0587358792088362,48.08892681739421,0,2025-01-29 11:13:00
4443,Client27,Reverse Convertible,AMZN,SELL,220000.0,3.3698155629042423,1.732827794057676,0.19711621653746622,,0,2025-01-29 11:15:00
2419,Client24,Autocall,TSLA,SELL,540000.0,2.9863534907138316,-3.894391179505532,0.3234188877485134,31.107772931023884,1,2025-01-29 11:18:00
1568,Client20,Autocall,NVDA,BUY,600000.0,-1.1434311473668024,2.5162981344160684,0.2903991027005386,15.737048867906333,0,2025-01-29 11:29:00
1747,Client04,Autocall,NESN,SELL,1530000.0,-1.0944589780828888,0.3478630586183884,0.8246959120652572,35.20481102159271,1,2025-01-29 11:30:00
314,Client03,Autocall,AMZN,BUY,460000.0,3.5027345630718822,-3.9593955582777776,0.3531302820478224,28.05624094719972,1,2025-01-29 11:31:00
3561,Client13,Autocall,TSLA,SELL,220000.0,0.9349330936796987,2.6755609633204678,0.2730010111982337,17.627328847916246,1,2025-01-29 11:31:00
2000,Client15,Barrier Reverse Convertible,AAPL,SELL,3980000.0,0.21766911619137294,2.584695673936389,0.45021680037543504,29.380368179971057,0,2025-01-29 11:33:00
3224,Client10,Autocall,NVDA,SELL,590000.0,0.182766098884525,0.09041957895370618,0.7395200347184886,42.210510079569985,0,2025-01-29 11:34:00
1226,Client19,Barrier Reverse Convertible,NESN,SELL,320000.0,2.7985383429162427,0.09930471125513354,0.36359249682076866,15.805008115643504,0,2025-01-29 11:35:00
1790,Client15,Autocall,SMI,SELL,1820000.0,0.1558145050307985,-2.5680020575464138,1.051877906745536,9.896730696400041,1,2025-01-29 11:36:00
1266,Client02,Bonus Certificate,TSLA,BUY,3310000.0,-0.18802284096684022,-0.004622832825058785,0.5392920433729759,40.49895035220631,0,2025-01-29 11:36:00
3783,Client05,Autocall,TSLA,SELL,1160000.0,-2.1884663541624887,-5.44014576825814,0.17140516013050938,34.5282481391361,0,2025-01-29 11:38:00
838,Client05,Barrier Reverse Convertible,AAPL,SELL,590000.0,-4.320031354029913,-4.5077259939973455,0.5583076580370384,7.670904706881903,1,2025-01-29 11:39:00
1190,Client33,Autocall,TSLA,SELL,160000.0,-2.291108284971262,-0.381862368716171,0.20414263437559718,33.2244959393079,1,2025-01-29 11:43:00
3517,Client14,Autocall,SMI,BUY,1180000.0,0.5628027771413163,0.889081310826531,0.3417739442454472,41.592334601044136,1,2025-01-29 11:49:00
47,Client32,Autocall,SPX,SELL,850000.0,-1.5233133092466007,1.19059028883625,0.2480146685005833,27.4080449742588,1,2025-01-29 11:50:00
4297,Client29,Autocall,AAPL,SELL,190000.0,0.9728798327828497,2.148549290297225,0.14977827973058155,3.2189487040513,0,2025-01-29 11:50:00
4091,Client23,Barrier Reverse Convertible,SPX,SELL,620000.0,1.9470707508685647,2.760153051876763,0.33598347183606503,30.675001290697672,1,2025-01-29 11:51:00
2159,Client28,Bonus Certificate,AMZN,BUY,450000.0,2.4835781372518,7.8840876843946175,0.47850051477439537,14.947402885573846,0,2025-01-29 11:53:00
4466,Client03,Bonus Certificate,NESN,SELL,470000.0,-0.4790974737141227,1.590621907169298,0.3931092885116737,20.21918188528,0,2025-01-29 11:55:00
837,Client32,Autocall,AAPL,BUY,480000.0,-1.8833751237281229,-0.2123810880859338,0.250447313700355,36.7925778357347,1,2025-01-29 11:55:00
1737,Client27,Autocall,NVDA,BUY,190000.0,1.3118959712327363,-4.361242249643963,0.4603491518616361,1.722572275586265,0,2025-01-29 11:56:00
4653,Client01,Tracker,AAPL,BUY,170000.0,0.7105749330624938,-2.049800907529105,0.47900437140408775,,0,2025-01-29 12:01:00
1477,Client32,Autocall,NESN,SELL,1390000.0,-2.43306844252752,-0.7395617295785808,0.1491496592286758,30.599163044524097,1,2025-01-29 12:09:00
4026,Client05,Autocall,NESN,BUY,510000.0,-3.822162389320935,-3.8452974629132015,0.21300400141004627,40.047112419158125,1,2025-01-29 12:09:00
1641,Client08,Autocall,NVDA,BUY,300000.0,1.3020760903468258,-0.06756382813040573,0.5163891145881696,19.791013251068367,1,2025-01-29 12:12:00
2264,Client36,Autocall,TSLA,BUY,500000.0,-0.15111562637023843,-1.71268632303081,0.1224562109912502,13.742316255233632,1,2025-01-29 12:14:00
2970,Client02,Autocall,AMZN,BUY,1070000.0,-2.5127194996970963,2.11315873774769,0.26897035999826446,37.858634742664165,1,2025-01-29 12:14:00
816,Client25,Autocall,AAPL,BUY,800000.0,-1.2709315044128189,-1.1114286533078863,0.39562364433024294,19.71296351008427,0,2025-01-29 12:14:00
4030,Client03,Autocall,NVDA,SELL,1410000.0,0.6391271389218656,4.2482756058781685,0.45342593211209764,24.659238529192155,0,2025-01-29 12:16:00
4312,Client25,Autocall,SMI,BUY,2700000.0,2.5906540411604277,2.7737689967987205,0.3168591040174607,23.355863367459246,1,2025-01-29 12:19:00
2477,Client02,Autocall,NESN,SELL,540000.0,-1.4435193397115227,2.638859682696054,0.19777887422782622,34.52277830732689,0,2025-01-29 12:23:00
2205,Client23,Autocall,MSFT,BUY,1220000.0,-0.1086970107798518,-4.6389778175602014,0.5155884147586014,18.92964830999832,1,2025-01-29 12:26:00
4999,Client15,Autocall,SPX,SELL,1950000.0,-1.2774049098601223,-3.2170245232144534,0.3047048548870671,43.11046745659363,0,2025-01-29 12:27:00
2397,Client27,Autocall,SPX,BUY,450000.0,1.9101774531734217,1.1005833083597967,0.2809612725006479,8.85156745981619,0,2025-01-29 12:32:00
2574,Client28,Autocall,AMZN,BUY,560000.0,-1.2881876328634794,-0.4529979557924267,1.714365644816008,10.898331832596309,1,2025-01-29 12:37:00
3493,Client28,Autocall,SPX,BUY,260000.0,-0.2855301308108181,-1.5168701780782197,0.5351636735267709,42.42206483799004,1,2025-01-29 12:39:00
1336,Client05,Autocall,SPX,SELL,1600000.0,-0.7117597063893885,3.235525934206726,0.534172649928304,21.69062011977443,0,2025-01-29 12:40:00
4229,Client35,Autocall,NVDA,BUY,210000.0,-0.37365331495979454,0.36626208511677727,0.22552189675798437,5.392910325892525,0,2025-01-29 12:43:00
3059,Client19,Bonus Certificate,SMI,BUY,610000.0,-1.0806564959853735,1.8257655640071881,0.7020166025296837,24.007116421889236,1,2025-01-29 12:45:00
3122,Client22,Barrier Reverse Convertible,AMZN,SELL,450000.0,1.190816967413423,0.04064416925156174,0.5188496685416083,20.31829063130033,0,2025-01-29 12:46:00
3569,Client31,Autocall,NESN,SELL,1570000.0,-0.9217037787616226,2.8675387968525197,0.6466949529261998,23.764972688965997,1,2025-01-29 12:51:00
1470,Client02,Autocall,AMZN,BUY,610000.0,-1.1001322083228495,3.9719272135200567,0.25133932913273105,39.765296694193985,0,2025-01-29 12:55:00
396,Client26,Autocall,SMI,BUY,810000.0,-0.3228837774211771,4.287839308522178,0.15915040261260138,20.48230336973409,0,2025-01-29 12:57:00
2352,Client14,Autocall,AMZN,SELL,1340000.0,2.1017560122344157,-3.0026877499862636,0.24942310963147668,20.974040838475,1,2025-01-29 12:57:00
2909,Client28,Autocall,SMI,SELL,670000.0,2.281890161817899,0.8705080517161554,0.2992629553732847,31.663641248334766,1,2025-01-29 12:58:00
2116,Client01,Autocall,SMI,BUY,100000.0,-1.2162644875715491,1.1497323925899485,1.0954008865423284,6.190392654282245,0,2025-01-29 12:58:00
1419,Client06,Autocall,TSLA,SELL,2580000.0,0.9087347403798439,-0.7220207870678157,0.7800168520421209,33.231489057670686,0,2025-01-29 12:59:00
1583,Client13,Autocall,AAPL,BUY,130000.0,-1.2279128177873686,-0.17018763791387845,0.6039077486203459,30.17322768326636,1,2025-01-29 12:59:00
305,Client12,Tracker,TSLA,SELL,700000.0,1.5285172136566332,6.108429980401938,0.5056739464782003,,1,2025-01-29 13:01:00
3305,Client34,Autocall,MSFT,BUY,560000.0,0.15321163231738547,0.24107272020915976,0.5565212203355961,1.0761191859208596,0,2025-01-29 13:03:00
3984,Client30,Autocall,AMZN,BUY,430000.0,4.679010568472619,2.807863505935732,1.1958718485797601,17.573575184939322,1,2025-01-29 13:05:00
1099,Client30,Autocall,NVDA,SELL,380000.0,-1.5704586262821814,2.508385011125872,0.5364231230496292,38.93188062857272,1,2025-01-29 13:10:00
386,Client18,Tracker,TSLA,SELL,3480000.0,-1.4243939611414336,-4.710457328957505,0.6327085327303178,,0,2025-01-29 13:13:00
1702,Client22,Reverse Convertible,AMZN,BUY,510000.0,-0.10931306646428542,2.839966377845603,0.9008508110948944,,0,2025-01-29 13:13:00
1386,Client18,Autocall,NESN,BUY,1650000.0,0.4282332831738365,-0.9855518728055979,0.1545564516786948,30.552999679699933,1,2025-01-29 13:14:00
2826,Client15,Autocall,MSFT,BUY,4420000.0,0.6758501763241609,-2.409565666053068,0.37053292103660374,3.296372715021273,0,2025-01-29 13:18:00
4617,Client34,Bonus Certificate,NVDA,BUY,310000.0,0.8491208053330236,4.197950193764724,0.3463237484717365,15.581399403451723,1,2025-01-29 13:25:00
3184,Client22,Autocall,AAPL,BUY,870000.0,-2.005561215585534,-3.026068137823877,0.4925354657452873,30.974431141782333,0,2025-01-29 13:26:00
3657,Client27,Autocall,SPX,SELL,230000.0,2.521353814897854,-3.089475819019053,0.17919585999917387,4.518861703740401,0,2025-01-29 13:31:00
3666,Client02,Autocall,NVDA,SELL,420000.0,0.1685632443893403,0.8300169805733006,0.25296067933595023,13.182470059023071,0,2025-01-29 13:34:00
2220,Client28,Autocall,SMI,SELL,570000.0,0.42812881455111795,1.0045433021279728,0.4405572784306541,28.92331523980151,1,2025-01-29 13:35:00
13,Client22,Autocall,AMZN,SELL,870000.0,-0.007582294537245251,2.6881634625433137,0.6125440852171352,39.95010264826381,0,2025-01-29 13:39:00
2627,Client17,Autocall,NVDA,SELL,870000.0,-0.8407289886180584,1.243035204275055,0.28197678125290765,33.64472244026456,1,2025-01-29 13:46:00
367,Client05,Autocall,SMI,BUY,450000.0,-0.39619863512488285,-1.4951334057517565,0.20873377337384316,44.42094685281209,1,2025-01-29 13:47:00
3262,Client35,Barrier Reverse Convertible,AMZN,BUY,480000.0,-0.23006360574338158,0.3075778648769865,0.26298549100185303,36.05317637467571,0,2025-01-29 13:49:00
2013,Client21,Barrier Reverse Convertible,NESN,BUY,290000.0,1.9888968440467922,-0.953827493163474,0.4287176903455339,19.396520197449163,0,2025-01-29 13:53:00
3885,Client23,Autocall,NVDA,SELL,440000.0,-0.22065851928497052,-2.494605040483209,0.2978610504157109,44.78666690718872,0,2025-01-29 14:01:00
4244,Client35,Reverse Convertible,SPX,BUY,230000.0,-0.03699362274260562,0.31774812758111415,0.8473547203088833,,0,2025-01-29 14:05:00
295,Client30,Barrier Reverse Convertible,MSFT,BUY,730000.0,-4.4119629397133755,-1.8587113321244086,0.4951332666922666,13.65376971605553,1,2025-01-29 14:07:00
2229,Client03,Bonus Certificate,NVDA,BUY,290000.0,-0.6748492447591137,-0.4569088120707431,0.2542774732551879,18.132559480438047,1,2025-01-29 14:07:00
3747,Client03,Autocall,NESN,BUY,600000.0,4.793521468639183,-0.16468689292295388,0.39620493861023576,7.294116280331403,0,2025-01-29 14:10:00
389,Client28,Barrier Reverse Convertible,NESN,BUY,490000.0,0.2887363620867369,-2.1414936354606704,0.7234071398577536,43.83456114706266,1,2025-01-29 14:10:00
3286,Client16,Autocall,SPX,BUY,730000.0,0.04640034005299655,-0.5397413831021287,0.18145990609310597,33.21871517157371,1,2025-01-29 14:10:00
1394,Client08,Reverse Convertible,AMZN,SELL,240000.0,2.187020555114184,-3.8947929441316,0.30978213981767416,,1,2025-01-29 14:15:00
501,Client17,Autocall,NVDA,BUY,1120000.0,2.0892261636245517,5.986179175496365,0.8775209581794252,5.938570455549436,0,2025-01-29 14:18:00
2291,Client34,Barrier Reverse Convertible,AMZN,SELL,230000.0,-2.3147732535759338,0.0006189722510736837,0.7379476731982666,31.361357967358387,1,2025-01-29 14:24:00
3158,Client39,Autocall,SPX,BUY,180000.0,2.3099332245510413,-1.2034084687085655,0.5007128602314067,21.652422879633342,0,2025-01-29 14:24:00
469,Client08,Autocall,NVDA,SELL,230000.0,1.370950666968367,0.9403845271595206,0.3095660821062553,6.216600228231107,1,2025-01-29 14:25:00
2789,Client30,Autocall,SMI,BUY,380000.0,-1.0111186139579762,3.5808826367357716,0.23856632328347882,7.826781540564587,1,2025-01-29 14:27:00
3002,Client32,Autocall,NVDA,SELL,1370000.0,-0.867704758420211,1.6987356518993977,0.34622284896517447,41.51378275286315,0,2025-01-29 14:28:00
3116,Client28,Autocall,NESN,SELL,320000.0,-1.4709012821396956,-3.6668357441522006,0.6134026027474476,32.255777461676196,0,2025-01-29 14:28:00
3249,Client27,Autocall,NVDA,SELL,190000.0,-0.35712257909884515,1.241153354946215,0.5387125447897411,17.990298997353925,0,2025-01-29 14:32:00
1849,Client31,Autocall,AMZN,BUY,590000.0,-0.8850239525831205,-5.127976020059738,0.9484403392052729,0.2647460671914348,1,2025-01-29 14:40:00
3612,Client10,Autocall,NESN,BUY,1430000.0,-2.1149492737875115,0.33764199978902043,0.1543494438978897,10.100316587830022,0,2025-01-29 14:41:00
3799,Client22,Autocall,SPX,SELL,310000.0,-2.7601745282550043,-1.6022652088823648,0.2838068435092297,47.92757188739361,1,2025-01-29 14:41:00
3942,Client10,Autocall,TSLA,BUY,860000.0,-0.583123232040664,2.8817580067190685,0.5902051599165622,7.629572267746587,0,2025-01-29 14:41:00
321,Client28,Autocall,SMI,SELL,380000.0,0.5367118958263197,-1.0577807480191188,0.802782146405022,37.34138881124379,1,2025-01-29 14:44:00
3633,Client34,Barrier Reverse Convertible,SMI,SELL,1090000.0,-0.48087250591445085,4.406457593487671,0.3405131527917321,15.985819318550648,0,2025-01-29 14:44:00
2929,Client34,Autocall,AMZN,BUY,630000.0,-0.44731850719023175,-2.5498170042602943,0.2015956760472707,49.242320346021856,0,2025-01-29 14:45:00
899,Client02,Barrier Reverse Convertible,AAPL,BUY,1860000.0,-0.4175078226137781,-2.477554133540897,0.3628228219412775,28.847598034846385,0,2025-01-29 14:46:00
1098,Client25,Bonus Certificate,SMI,BUY,1440000.0,-0.8220775030831223,-2.4713724242884605,0.1588443615696646,24.960205663173124,0,2025-01-29 14:50:00
2328,Client38,Reverse Convertible,TSLA,SELL,260000.0,1.544170089502213,-0.17345634078873684,0.6365350051788853,,0,2025-01-29 14:52:00
2974,Client17,Barrier Reverse Convertible,TSLA,SELL,650000.0,-2.7240959372155467,1.1520699442165807,1.3438929467319503,45.7441688040968,0,2025-01-29 14:53:00
704,Client18,Autocall,SMI,SELL,490000.0,-0.5866504441092779,-2.5223321423333176,0.5248681987283669,8.903714628495296,0,2025-01-29 14:55:00
2463,Client11,Autocall,NESN,BUY,750000.0,1.1888826333961027,4.781942986545151,0.5041619400970065,15.626366468839576,0,2025-01-29 14:57:00
750,Client32,Bonus Certificate,NVDA,SELL,330000.0,0.5485586735640624,-0.8387282162564585,0.7783512597100782,38.44375092813539,0,2025-01-29 14:58:00
3774,Client02,Autocall,AMZN,SELL,340000.0,-2.6259348866189893,6.322252417855744,0.22778264004472445,30.106956029684724,0,2025-01-29 15:00:00
1264,Client11,Autocall,SPX,BUY,450000.0,2.1753412057335724,1.8010592091698032,0.1709614959973186,49.431416618451,0,2025-01-29 15:02:00
3527,Client30,Tracker,AAPL,SELL,470000.0,0.22877674084438576,0.6445460431541477,0.7445222857212321,,0,2025-01-29 15:03:00
2373,Client26,Autocall,AMZN,SELL,260000.0,-0.8556941916167515,-3.76111062358484,0.3806541073799385,11.89476711149725,1,2025-01-29 15:04:00
3237,Client23,Autocall,SPX,BUY,760000.0,1.1044416712447307,1.8269681977555434,0.36079206480070813,16.381420262303237,1,2025-01-29 15:06:00
4067,Client04,Barrier Reverse Convertible,AAPL,BUY,660000.0,-0.37962687270001233,3.2731624095244785,0.28810227422514995,30.89352714602055,0,2025-01-29 15:08:00
3411,Client17,Autocall,SMI,BUY,580000.0,0.5040344195957945,-2.417381135452515,0.7174981318015188,25.482080617180223,0,2025-01-29 15:10:00
1199,Client03,Bonus Certificate,NVDA,BUY,170000.0,-3.3798521959905083,-1.0791744463662711,0.7003272739275046,45.75268255449584,0,2025-01-29 15:11:00
895,Client16,Autocall,SPX,BUY,930000.0,-0.3600826571005254,0.5712546005385307,0.44664112102659875,29.147104933175154,1,2025-01-29 15:11:00
2152,Client34,Autocall,NESN,SELL,220000.0,-1.9903977824175276,-0.4771488481615155,0.471748464949964,37.74215436752308,0,2025-01-29 15:14:00
3660,Client24,Autocall,NVDA,SELL,1080000.0,0.7323238611556185,-3.719817846761778,0.3853617133644654,35.06705274046277,1,2025-01-29 15:15:00
2314,Client04,Autocall,NESN,BUY,550000.0,1.2779623292551991,0.27660702999222697,0.5127135928423848,23.033968161064163,1,2025-01-29 15:18:00
4561,Client33,Reverse Convertible,TSLA,BUY,270000.0,-0.6342942625922565,-2.825321717499142,0.30454032409467774,,1,2025-01-29 15:20:00
1154,Client38,Bonus Certificate,SPX,SELL,300000.0,0.5667571246153791,-0.7392109198368708,0.25560177437986237,26.54739544220901,0,2025-01-29 15:21:00
4045,Client17,Autocall,TSLA,SELL,690000.0,-1.7727982073910782,-3.676527655271551,0.35372153807670936,19.869393532676945,1,2025-01-29 15:25:00
1844,Client23,Autocall,NVDA,BUY,550000.0,0.867265473310024,-1.693934097011724,0.7467981366418016,35.797510261378456,1,2025-01-29 15:32:00
2394,Client05,Autocall,AAPL,BUY,610000.0,-1.69378705419556,-3.8436763939770993,0.2496717140961684,48.250291055126965,0,2025-01-29 15:36:00
3081,Client28,Bonus Certificate,NVDA,SELL,270000.0,-0.5088396925048069,-2.5237598422550316,0.3015842844237726,41.748114480801654,1,2025-01-29 15:38:00
3822,Client40,Autocall,SMI,BUY,500000.0,-2.4973146929515853,4.757891929718085,0.15981907809913407,30.160162037778804,0,2025-01-29 15:40:00
4631,Client09,Autocall,MSFT,SELL,260000.0,-1.597910171901386,-2.9749358061426454,0.2050830326014259,45.71692792308184,1,2025-01-29 15:40:00
381,Client07,Reverse Convertible,AMZN,BUY,370000.0,1.5070871318947465,1.7825356568107398,0.3320509110166074,,1,2025-01-29 15:46:00
922,Client33,Autocall,AMZN,BUY,50000.0,0.6083609596585308,-2.0047247225638225,0.42294519360864413,43.41946488093784,1,2025-01-29 15:46:00
1364,Client08,Autocall,SPX,SELL,800000.0,0.4092407307423672,-1.3375966880564802,0.7421971336914002,11.385107519682641,1,2025-01-29 15:54:00
2418,Client11,Autocall,TSLA,BUY,250000.0,2.7461136352835305,-0.8743200856679215,0.16365382222400082,21.41457722405017,1,2025-01-29 15:57:00
1548,Client17,Autocall,TSLA,SELL,960000.0,-1.4968246789841448,4.929779259110283,0.161173616847223,6.349329310281498,1,2025-01-29 15:58:00
676,Client21,Autocall,NESN,BUY,240000.0,-0.8600796882624192,3.2628991796588425,0.37032895518075337,18.116950541878023,0,2025-01-29 15:59:00
2604,Client08,Autocall,AAPL,SELL,710000.0,-1.6751632961740217,-2.147933336534692,0.29494937961219214,41.994619611260234,1,2025-01-29 16:00:00
1306,Client11,Autocall,AMZN,BUY,510000.0,3.262825625375221,4.900713673757869,0.7257831522264259,17.245527298197494,0,2025-01-29 16:01:00
3970,Client12,Bonus Certificate,MSFT,SELL,280000.0,1.4725669111860522,0.15991376628163959,0.20321857106944755,28.746013570856256,0,2025-01-29 16:02:00
2389,Client34,Autocall,TSLA,BUY,130000.0,-0.6182184032546549,-1.1807709543201814,0.2753568410947593,14.564614456785542,1,2025-01-29 16:09:00
4680,Client18,Reverse Convertible,TSLA,SELL,2530000.0,0.5128622566974338,1.3855288589348935,0.4926599244425564,,1,2025-01-29 16:13:00
1147,Client28,Autocall,AAPL,BUY,190000.0,2.1803202146726273,-2.5261315463958938,0.9033812413136485,29.879802227349423,0,2025-01-29 16:25:00
2649,Client13,Autocall,NVDA,SELL,280000.0,1.573029424861402,3.0299965237047575,0.678179389536368,32.89992675970531,0,2025-01-29 16:27:00
3175,Client05,Autocall,SMI,SELL,1130000.0,2.3685259920054387,-2.18940873862328,0.3676099265673895,0.8970516398861317,1,2025-01-29 16:27:00
2857,Client23,Bonus Certificate,TSLA,SELL,350000.0,-2.7999699855389757,-0.6892725610548696,0.2926211901441019,48.4839862641981,1,2025-01-29 16:32:00
2441,Client22,Barrier Reverse Convertible,TSLA,BUY,500000.0,0.4867706499781336,2.0062451480502137,0.6884303669414483,38.15513132794356,0,2025-01-29 16:32:00
2379,Client07,Autocall,SMI,SELL,250000.0,-1.6561404071548167,1.222558285133023,0.3116779423006922,23.079278676384906,1,2025-01-29 16:37:00
688,Client39,Autocall,NESN,SELL,270000.0,0.21438201396938136,-6.4644262248068936,0.24875903011604858,28.681543885506887,1,2025-01-29 16:39:00
1388,Client33,Autocall,NESN,SELL,180000.0,-0.5136177397073265,1.0833793009811958,0.1929976581558426,12.27748819172958,0,2025-01-29 16:43:00
3453,Client11,Barrier Reverse Convertible,NVDA,BUY,890000.0,-0.093189653121477,-3.2491142366388583,0.44562809691542515,37.5908956565543,1,2025-01-29 16:44:00
770,Client37,Autocall,SMI,SELL,630000.0,-1.4319391643559793,-2.406637354213862,0.3082119506108162,38.87315783879172,0,2025-01-29 16:44:00
3444,Client09,Autocall,MSFT,SELL,660000.0,-2.709989900774162,-0.7973964674292824,0.22483239747102904,8.318991416715239,1,2025-01-29 16:50:00
1047,Client08,Autocall,MSFT,SELL,660000.0,-1.779965830694117,1.6564120030110978,0.3088321422661383,9.809658469117943,1,2025-01-29 16:55:00
4895,Client30,Autocall,AAPL,SELL,380000.0,-4.604963522398942,-4.639040368582511,0.6259990935693258,49.612355255312195,0,2025-01-29 16:55:00
4010,Client07,Tracker,AMZN,SELL,520000.0,1.60271814015384,3.678257371792589,0.5602809131285157,,1,2025-01-29 17:00:00
1243,Client37,Autocall,TSLA,SELL,780000.0,1.2745549413354387,2.466373966114869,0.24722938947976783,2.0436504038867156,0,2025-01-29 17:11:00
2502,Client05,Autocall,AMZN,SELL,350000.0,3.5933739466372328,-4.169921375776307,0.6426752943309542,16.813873167069826,1,2025-01-29 17:11:00
4857,Client14,Bonus Certificate,TSLA,SELL,590000.0,-0.9852656058313555,0.6246136647979506,0.5039342261630584,36.70663657546063,0,2025-01-29 17:12:00
4519,Client03,Barrier Reverse Convertible,SMI,SELL,550000.0,-1.6061410476713762,4.249338207957079,1.0788611161228605,31.504190287274312,0,2025-01-29 17:18:00
1947,Client25,Barrier Reverse Convertible,MSFT,SELL,360000.0,-1.202386818537785,-4.7782972709581255,0.7723488089928232,4.301058552747861,1,2025-01-29 17:24:00
1881,Client05,Autocall,NESN,BUY,490000.0,-1.4218924834285374,-2.4371166293231297,0.24472501650065553,2.577394041896719,0,2025-01-29 17:31:00
3643,Client11,Autocall,AAPL,BUY,260000.0,2.282334174145978,2.8028368770679775,0.19710975397429242,14.861571668239614,1,2025-01-29 17:34:00
1122,Client20,Barrier Reverse Convertible,MSFT,SELL,570000.0,2.561246866122232,-1.2365735840819303,0.104292699878451,43.187869884849036,1,2025-01-29 17:37:00
2192,Client31,Autocall,NVDA,BUY,770000.0,-0.8485306129483833,1.29551170417,0.09028750515859948,47.735937377656654,1,2025-01-29 17:37:00
2635,Client02,Barrier Reverse Convertible,SMI,BUY,1050000.0,-3.470425107957726,-2.8205569542318885,0.4781976084892499,15.124000283283939,0,2025-01-29 17:39:00
4781,Client22,Autocall,MSFT,BUY,340000.0,-1.6247454943414357,-1.5129907199636476,0.18205290989020423,41.827305343060615,0,2025-01-29 17:39:00
1671,Client27,Autocall,MSFT,BUY,250000.0,2.888495473241082,-2.321222276776303,0.23512493754269073,17.03125325571658,1,2025-01-29 17:42:00
3079,Client28,Tracker,SPX,BUY,410000.0,-1.5504365138190535,2.902945179954721,0.20979951063349683,,1,2025-01-29 17:46:00
1627,Client27,Autocall,NESN,BUY,280000.0,2.5703306590765327,-5.87325440005165,0.2953351128047363,6.923497881330176,0,2025-01-29 17:52:00
871,Client22,Autocall,NVDA,SELL,690000.0,0.5816454286500166,2.243503847658522,0.3965988345607312,22.728546339511507,0,2025-01-30 08:05:00
846,Client22,Autocall,SPX,BUY,500000.0,0.773479722016343,-3.9884434337671713,0.2637788497626705,31.699337437421924,0,2025-01-30 08:06:00
1018,Client40,Autocall,SMI,BUY,250000.0,2.786659166773354,4.372119028206111,0.20121014650413763,16.72456322786141,0,2025-01-30 08:08:00
4498,Client31,Autocall,TSLA,SELL,270000.0,4.64759241934053,0.5635414057623082,0.3169822442535,10.448659921604358,0,2025-01-30 08:14:00
1612,Client03,Barrier Reverse Convertible,AMZN,SELL,590000.0,-1.2453861636622283,0.33446471932647437,0.36784826668075177,47.67655647960928,0,2025-01-30 08:21:00
3319,Client28,Autocall,SPX,SELL,610000.0,0.3862540134462518,3.68385145839314,0.4241556007618531,39.690731575953286,1,2025-01-30 08:21:00
1515,Client34,Autocall,SMI,SELL,140000.0,-0.7191389370523846,-1.173739652989944,0.3780007368922893,1.2756896465907497,1,2025-01-30 08:25:00
408,Client30,Autocall,MSFT,SELL,1000000.0,-0.7829574427303104,-1.3411467831422244,0.5027694443490102,28.597415451536307,1,2025-01-30 08:25:00
3817,Client31,Autocall,AAPL,SELL,390000.0,-1.7634536909844343,3.386306052681794,0.7460912409750108,16.70053962511221,1,2025-01-30 08:27:00
2795,Client40,Autocall,NVDA,SELL,990000.0,4.229067685612374,-3.530813634551114,0.17382566570916141,23.606120287819042,1,2025-01-30 08:29:00
2424,Client21,Barrier Reverse Convertible,MSFT,BUY,130000.0,-0.2960131249308135,2.892104997777115,0.8834355050613754,7.5477598671664925,0,2025-01-30 08:29:00
4160,Client11,Barrier Reverse Convertible,SMI,BUY,570000.0,2.2311866278018013,-3.446102299002308,0.5868299660674365,15.944526413319366,0,2025-01-30 08:35:00
3009,Client09,Autocall,TSLA,SELL,170000.0,0.7188679277327015,-0.6985793868629702,0.2908518765478676,32.363132668517714,0,2025-01-30 08:37:00
198,Client14,Barrier Reverse Convertible,MSFT,SELL,2220000.0,0.8428119029972948,0.08990145370754665,0.23447507196013595,17.891945033457805,0,2025-01-30 08:38:00
1751,Client28,Autocall,MSFT,SELL,340000.0,3.1709343683492417,2.1793832000983233,0.25142413997901997,44.92304370946772,1,2025-01-30 08:50:00
4692,Client34,Barrier Reverse Convertible,SPX,SELL,440000.0,1.0704228519904724,-0.9596667525090782,0.38823529683519925,37.09168636065904,0,2025-01-30 08:50:00
4746,Client22,Autocall,AAPL,SELL,380000.0,4.210064332961169,4.930955202184361,0.5250729718140875,38.330492056968545,0,2025-01-30 08:51:00
407,Client22,Autocall,AAPL,SELL,420000.0,0.5504873879075943,1.2139301478590083,0.1996910894628391,49.43427413948143,0,2025-01-30 08:51:00
365,Client10,Autocall,SMI,BUY,2170000.0,0.8433336958619329,-2.5389545615142697,0.4811152591872336,9.128032800503455,0,2025-01-30 08:58:00
4282,Client38,Autocall,AMZN,BUY,480000.0,0.8420840252311256,0.9516203804547707,0.42777393260748886,7.266209202283081,1,2025-01-30 08:59:00
1755,Client07,Autocall,AMZN,SELL,320000.0,-0.7670831202125966,-3.656259774059553,0.8944777777189806,2.597497347738853,1,2025-01-30 09:00:00
2818,Client25,Autocall,NESN,SELL,520000.0,-0.20826748960054473,1.9539356454905572,0.5368916126826561,25.10525889430488,0,2025-01-30 09:03:00
3904,Client08,Barrier Reverse Convertible,SMI,SELL,220000.0,-1.8976354435996163,-1.8507475958254456,0.5411915833936165,24.892774500420163,1,2025-01-30 09:04:00
54,Client36,Autocall,MSFT,BUY,620000.0,0.8172247507797021,3.543265791190994,0.37923442159657356,24.007905327795413,1,2025-01-30 09:10:00
1257,Client10,Autocall,AMZN,SELL,1650000.0,-0.7958713708789842,-0.9804874241384278,0.5014107122325441,41.30306211732208,1,2025-01-30 09:11:00
3261,Client22,Autocall,TSLA,BUY,530000.0,0.6316029789735235,6.320567011544474,0.33864021694813107,41.22819683154164,0,2025-01-30 09:12:00
71,Client32,Autocall,SPX,SELL,650000.0,-0.6043225209658647,4.103205921427668,0.8528012715922426,9.066331148022932,0,2025-01-30 09:14:00
709,Client28,Autocall,TSLA,BUY,280000.0,-1.7153123506657484,2.084657255129709,0.5574337997909824,14.000661266409569,0,2025-01-30 09:16:00
2288,Client29,Autocall,SMI,SELL,650000.0,-0.8886638149492968,-0.7724183829815409,0.4683127515276607,48.70107380939675,0,2025-01-30 09:18:00
1916,Client29,Autocall,SPX,BUY,1580000.0,-0.12854331494137702,-1.3459723322787556,0.13882098745467916,15.798639212893018,1,2025-01-30 09:20:00
3387,Client17,Autocall,AMZN,BUY,810000.0,-0.14594045276910725,-0.9584848960811339,0.6127430777387279,37.341632390118264,1,2025-01-30 09:22:00
90,Client15,Bonus Certificate,SMI,SELL,1450000.0,-0.8396825610074827,-1.031361896799513,0.2881235346080147,17.263788708888494,0,2025-01-30 09:25:00
2689,Client22,Autocall,NVDA,SELL,530000.0,2.184868713226384,2.2459644574164432,0.43558231258252245,38.798310731964804,0,2025-01-30 09:30:00
280,Client35,Autocall,TSLA,SELL,240000.0,-0.6502633896272829,-1.0618417297692568,0.42665722704200953,31.5628979640546,0,2025-01-30 09:31:00
1861,Client32,Tracker,NVDA,SELL,370000.0,-1.1437928051304793,3.0448695505262737,0.2756740387411552,,0,2025-01-30 09:32:00
2746,Client25,Autocall,NESN,SELL,1880000.0,-2.7306988920813375,3.1871718546696046,0.2343123526004102,31.501299685441108,0,2025-01-30 09:32:00
1689,Client25,Tracker,NVDA,SELL,620000.0,1.4665109155841685,-7.831293794852044,0.19656622720342115,,0,2025-01-30 09:32:00
3280,Client20,Autocall,SMI,BUY,540000.0,3.2411859784430033,0.6783569209342201,0.4014626252358141,13.923980742589814,1,2025-01-30 09:38:00
3321,Client22,Autocall,AAPL,BUY,350000.0,-1.0778259393683352,1.2199347708268828,0.5298215586996523,27.802054723888077,1,2025-01-30 09:49:00
4073,Client05,Autocall,AMZN,BUY,740000.0,-3.46330225873207,4.2152227830249185,0.5574279192827188,18.51730490425709,1,2025-01-30 09:51:00
2828,Client25,Autocall,NESN,SELL,1110000.0,1.7503595223976802,1.775430564510848,0.8384052033164714,16.47350351391591,0,2025-01-30 09:52:00
4753,Client26,Autocall,AMZN,BUY,510000.0,0.6738734674524156,-3.9192103508929454,0.22651048516887362,16.840587487411735,0,2025-01-30 09:54:00
3288,Client25,Autocall,SMI,BUY,510000.0,-2.6890460881547096,-0.39727229289976085,0.37456983166135416,33.891157560058005,1,2025-01-30 09:55:00
808,Client25,Autocall,TSLA,BUY,530000.0,1.6671694461433548,1.639563856988441,0.13836994980637093,28.34071601474965,0,2025-01-30 09:57:00
4645,Client26,Barrier Reverse Convertible,AMZN,BUY,540000.0,0.2856276068262387,-0.6502081515146445,0.3897102331504174,7.084922786830789,1,2025-01-30 10:03:00
3917,Client35,Autocall,NVDA,BUY,840000.0,-0.9143554089348462,0.9750541526166359,0.580344938511071,28.83458473816648,0,2025-01-30 10:09:00
1159,Client02,Autocall,AAPL,SELL,340000.0,0.009349564845761018,2.942510976100071,0.25440454795551065,43.42220913156147,1,2025-01-30 10:12:00
726,Client22,Autocall,TSLA,SELL,300000.0,-0.37857536591170643,2.70459244746311,0.4106332497787469,38.03292825098152,1,2025-01-30 10:15:00
685,Client22,Reverse Convertible,SPX,BUY,1190000.0,-2.5510012502053914,0.7357818940740568,0.22636907917030125,,0,2025-01-30 10:16:00
455,Client21,Autocall,SMI,SELL,200000.0,-0.37738530686617444,0.0055152104586230185,0.93486236520181,43.35226050911589,0,2025-01-30 10:17:00
3408,Client28,Autocall,AMZN,BUY,350000.0,4.363599904579243,-1.851859752125654,0.3688013509350904,5.18154391184546,1,2025-01-30 10:18:00
2637,Client03,Autocall,NVDA,SELL,360000.0,-0.9404909437561586,2.026793168216428,0.3318127630373806,41.172786637311816,1,2025-01-30 10:20:00
3881,Client01,Autocall,NESN,BUY,290000.0,0.010363416527147982,-0.4378191393684154,0.357726062035995,25.354088666440468,0,2025-01-30 10:21:00
2186,Client01,Autocall,AAPL,BUY,100000.0,0.6814631030450642,-0.5714671034645147,0.5372907285642279,35.00230510201258,0,2025-01-30 10:23:00
555,Client13,Autocall,SPX,SELL,260000.0,2.9542076408789337,-2.865267671629348,0.8769569484288066,35.8671985941885,0,2025-01-30 10:24:00
3303,Client20,Barrier Reverse Convertible,SMI,SELL,520000.0,4.316632959722955,1.609015241960609,0.25849845051351494,32.99969221192639,0,2025-01-30 10:31:00
2252,Client07,Bonus Certificate,NESN,SELL,410000.0,2.05081247441683,1.9960527753062178,0.3829043840063919,14.309579124671885,1,2025-01-30 10:31:00
977,Client16,Autocall,NESN,BUY,410000.0,1.7553920060065002,-0.9605771038528146,0.43090390394721917,43.59693473388357,1,2025-01-30 10:38:00
332,Client20,Bonus Certificate,NVDA,SELL,410000.0,0.1298466998968222,5.116242338826624,0.3468582066091391,0.9448555350162369,1,2025-01-30 10:41:00
1622,Client23,Barrier Reverse Convertible,SPX,BUY,680000.0,0.9536009842394301,3.5189588676376857,0.2381183850632563,5.3913079178616155,1,2025-01-30 10:41:00
1288,Client22,Autocall,AMZN,BUY,1290000.0,1.8557497421069102,3.2945706884420716,0.2759707109118535,6.306121702292927,0,2025-01-30 10:43:00
4174,Client23,Reverse Convertible,NVDA,BUY,500000.0,1.237433449210759,2.947465427599294,0.21216871106634444,,0,2025-01-30 10:45:00
181,Client38,Reverse Convertible,TSLA,BUY,260000.0,4.359815589596761,-4.591722176424095,0.3027281189951443,,1,2025-01-30 10:50:00
3097,Client01,Tracker,NVDA,SELL,300000.0,0.9797999714846666,-1.5824642885574676,0.6595641488601118,,0,2025-01-30 10:54:00
1760,Client34,Autocall,NESN,BUY,260000.0,2.175317862409998,-0.07738719733695855,0.9918465965158403,16.250367755399726,1,2025-01-30 10:56:00
4779,Client27,Autocall,AMZN,BUY,330000.0,-2.668415827864727,-2.8770682918224195,0.4165035374660271,23.200551633089617,0,2025-01-30 10:57:00
387,Client21,Autocall,AMZN,SELL,130000.0,0.33351158340644094,8.492501094436113,0.3272604290965199,6.321886219749273,0,2025-01-30 10:58:00
182,Client13,Tracker,MSFT,BUY,420000.0,2.5154978574450477,2.832848066761016,0.18652452811982248,,1,2025-01-30 11:01:00
978,Client21,Bonus Certificate,AMZN,BUY,90000.0,-1.599768902939581,-3.9642564864548646,0.5533770245170493,15.689063736868258,1,2025-01-30 11:02:00
4266,Client03,Autocall,SMI,BUY,880000.0,-1.8858646023569545,3.584984347470721,1.008266318723937,14.877082767646254,1,2025-01-30 11:03:00
2098,Client28,Autocall,SMI,BUY,270000.0,-0.48687267329334666,0.748657373726747,0.40174191995898634,22.088577923459614,1,2025-01-30 11:07:00
4256,Client23,Barrier Reverse Convertible,MSFT,BUY,350000.0,1.1689030092635642,3.725203175102597,0.38717012014060215,5.904685863591109,0,2025-01-30 11:08:00
4821,Client38,Autocall,SMI,BUY,260000.0,1.457117488506776,-1.7621358716558508,1.7640382479038357,45.025111946142914,0,2025-01-30 11:08:00
3447,Client31,Barrier Reverse Convertible,NESN,BUY,880000.0,3.917662239552078,-1.8002140066203172,0.2229734775113907,8.902966091690418,0,2025-01-30 11:11:00
1156,Client05,Bonus Certificate,SMI,BUY,900000.0,1.0825350054546683,0.2679428849228688,0.6640243661952703,1.2632915086485064,0,2025-01-30 11:11:00
3763,Client19,Barrier Reverse Convertible,AMZN,SELL,470000.0,-1.5274462176990466,-1.0963094189050793,0.23270069835212912,39.09738617226503,1,2025-01-30 11:12:00
1377,Client28,Bonus Certificate,AMZN,SELL,860000.0,1.9025067295530864,-0.8883501886843121,1.220735964761964,43.72932358566991,0,2025-01-30 11:13:00
1993,Client04,Autocall,NESN,BUY,480000.0,5.033975953959535,9.230858671691921,0.46028758393148467,18.053706078395994,0,2025-01-30 11:19:00
3727,Client09,Autocall,SPX,BUY,320000.0,-0.9386572995437203,2.328849892429797,0.8515752830120034,40.456446261439424,0,2025-01-30 11:29:00
4948,Client01,Autocall,NESN,BUY,150000.0,-1.278553081610724,-2.4393655998551935,0.6071870895539918,33.62066158110527,0,2025-01-30 11:31:00
1581,Client39,Autocall,SMI,SELL,240000.0,-3.1366466663678594,-4.622890973897582,0.17092226629981774,3.0695266219292696,1,2025-01-30 11:38:00
3736,Client31,Autocall,TSLA,SELL,1110000.0,-0.45694514728731195,-1.9013189866114448,0.5415080096193111,1.7084156842065934,1,2025-01-30 11:41:00
1064,Client25,Autocall,MSFT,BUY,2220000.0,0.5478607986795793,3.173771262478396,0.30934300796456915,41.57492197618956,1,2025-01-30 11:44:00
136,Client22,Autocall,NESN,SELL,280000.0,-1.297674788166317,0.12926656847371107,0.14692127253402365,41.61906050214688,0,2025-01-30 11:55:00
3804,Client22,Reverse Convertible,MSFT,SELL,560000.0,0.09903366130067028,4.691197599550138,0.20726809469088686,,1,2025-01-30 12:07:00
3792,Client28,Autocall,AMZN,BUY,340000.0,1.3703291886897155,-1.869780559627622,0.9339688971967697,15.153233463956322,0,2025-01-30 12:09:00
2606,Client10,Tracker,MSFT,BUY,1730000.0,5.433119333425999,-3.508355234760166,0.5678927045372903,,1,2025-01-30 12:18:00
4514,Client34,Autocall,TSLA,BUY,470000.0,-1.5807246837977094,4.008349978290899,0.3789107600132183,5.959964776045923,1,2025-01-30 12:18:00
3562,Client22,Autocall,SPX,BUY,660000.0,2.94611723537904,0.029837085943378867,0.23131843848504136,47.404936376242155,1,2025-01-30 12:22:00
1810,Client04,Autocall,AMZN,SELL,1660000.0,2.885498889478054,5.752767619890911,0.32010044021470463,11.08119491824901,0,2025-01-30 12:24:00
2414,Client34,Autocall,NVDA,BUY,420000.0,2.7726404141530625,-2.8742981612478333,0.5824588740478296,8.186489723420681,1,2025-01-30 12:26:00
3626,Client17,Reverse Convertible,MSFT,BUY,500000.0,-0.05998025571963714,-4.29177542566714,0.3421140739584663,,1,2025-01-30 12:35:00
520,Client13,Autocall,MSFT,SELL,130000.0,2.3169332325929473,0.7448893535742165,0.6270725930622891,33.2184226180433,0,2025-01-30 12:38:00
2391,Client40,Autocall,SPX,BUY,400000.0,2.095153032317374,3.6197513507827104,0.23617307088236528,20.767868617709144,0,2025-01-30 12:40:00
2829,Client15,Autocall,SMI,SELL,1390000.0,4.384459482380015,-1.1429593420937652,0.3507062650718736,43.85973409160935,1,2025-01-30 12:45:00
1567,Client24,Tracker,SMI,BUY,770000.0,1.440016517433909,1.06745084575248,0.5590138399778797,,1,2025-01-30 12:47:00
250,Client34,Bonus Certificate,SPX,BUY,300000.0,0.48041869525012315,-1.6916151794847312,0.2883441802808302,46.690988377606466,0,2025-01-30 12:49:00
1743,Client31,Autocall,SMI,SELL,340000.0,0.5553514436920955,1.3693493469475562,0.2428217689051669,31.14333947551802,0,2025-01-30 12:49:00
4516,Client22,Autocall,AAPL,SELL,320000.0,-0.7237801706421555,2.5661037768972506,0.23135070542640132,8.93514831820511,1,2025-01-30 12:57:00
1586,Client03,Bonus Certificate,SMI,SELL,370000.0,-0.5493565988659304,1.3232483147982288,0.3514962909729276,41.84001896727241,0,2025-01-30 12:57:00
2055,Client04,Autocall,SMI,BUY,730000.0,-1.3094228502608598,-0.5482225852585475,0.31679849604226434,48.581128182222585,0,2025-01-30 13:02:00
2651,Client21,Autocall,AAPL,SELL,110000.0,-2.367412930048657,-2.9840771692742125,0.5953146216825289,22.777437300401026,1,2025-01-30 13:04:00
3178,Client33,Tracker,SPX,BUY,250000.0,2.4889675356731527,-1.1916877680353601,0.8470149933290384,,0,2025-01-30 13:06:00
4333,Client10,Barrier Reverse Convertible,SMI,BUY,2010000.0,-1.997139271549989,-1.6478267210855941,0.4209827862063409,37.664916513459,0,2025-01-30 13:12:00
2040,Client35,Reverse Convertible,SPX,SELL,720000.0,2.4471414543242975,-0.9424373515000539,0.4403657635112719,,0,2025-01-30 13:15:00
3326,Client27,Bonus Certificate,AAPL,SELL,410000.0,3.50979113528392,4.16036899418969,0.7238871054313195,6.036245576822985,0,2025-01-30 13:22:00
4580,Client15,Autocall,TSLA,BUY,1660000.0,-3.4058070655166417,2.420164159842854,0.29148373451745946,37.62363679174446,1,2025-01-30 13:22:00
3228,Client05,Autocall,AMZN,BUY,660000.0,0.3696153382101614,-3.3098498529146876,0.6110146099567613,19.591180440207683,0,2025-01-30 13:22:00
2038,Client30,Autocall,NVDA,BUY,260000.0,0.3971803371198647,0.5126361386556484,0.6177745071166157,33.92255501416095,0,2025-01-30 13:24:00
4144,Client34,Autocall,NESN,SELL,700000.0,-0.7349678988378843,4.455094097361216,0.2827774667156441,36.269625916575066,1,2025-01-30 13:27:00
1728,Client32,Autocall,AMZN,SELL,470000.0,-4.701466517239059,1.6661659632266945,0.20421480121925498,4.39643851628953,0,2025-01-30 13:28:00
825,Client24,Autocall,MSFT,SELL,1020000.0,-1.2983783248886265,-1.4678812619689159,0.3285672730081079,6.640534549780236,0,2025-01-30 13:30:00
2786,Client12,Autocall,NVDA,SELL,400000.0,-0.02867912436580514,-1.9267812300923328,0.5764419538054449,6.579479006694516,1,2025-01-30 13:32:00
2427,Client18,Autocall,AAPL,SELL,1360000.0,2.8185082484774204,0.9093416774947115,0.41169443768847425,39.375652462904156,1,2025-01-30 13:32:00
3571,Client32,Autocall,SPX,BUY,450000.0,0.25447778609426897,1.6062783147306057,0.25461067217378347,7.429834006246322,0,2025-01-30 13:32:00
3232,Client25,Autocall,AMZN,SELL,1240000.0,-0.22084752189605228,-1.2824911777755075,0.36022583653792956,6.251500082616674,0,2025-01-30 13:38:00
4705,Client32,Autocall,SMI,BUY,460000.0,3.0577642654037374,-0.2987390792493303,0.34907520049898744,29.890301892318867,0,2025-01-30 13:38:00
3581,Client24,Autocall,NESN,SELL,520000.0,-0.10015125155800064,4.267125719072919,0.367523398736622,35.607105827249526,1,2025-01-30 13:45:00
3308,Client25,Autocall,AMZN,BUY,530000.0,-0.05834504455657743,-0.5074486316965748,0.3109220597404254,25.65810614942487,1,2025-01-30 13:45:00
462,Client22,Barrier Reverse Convertible,NESN,SELL,1170000.0,0.6543603379199816,1.9052340056276802,1.0517105780359333,7.957787721287185,0,2025-01-30 13:50:00
3047,Client37,Autocall,NVDA,SELL,350000.0,0.8422619656030452,-2.4085184257071957,0.8224989170098582,24.78772823891015,1,2025-01-30 13:52:00
4582,Client33,Autocall,TSLA,SELL,240000.0,2.4368634842817887,1.2575699871397366,0.2565470670430776,40.795218836892474,1,2025-01-30 13:53:00
1084,Client05,Bonus Certificate,AMZN,BUY,1100000.0,0.5319581338377953,-4.156006589721854,0.3660950716773696,4.444521796625117,1,2025-01-30 13:54:00
2530,Client32,Autocall,AMZN,BUY,240000.0,-1.3542117871008468,4.912367449044283,0.31876234530503966,18.652902398331527,1,2025-01-30 13:56:00
4064,Client06,Autocall,TSLA,BUY,840000.0,3.858939889011733,5.756206434776436,0.6445554936763118,28.658711553596987,0,2025-01-30 13:59:00
2827,Client02,Barrier Reverse Convertible,MSFT,BUY,1720000.0,1.0179986700595287,-4.117859541022229,0.29532450012860506,33.89783473259767,1,2025-01-30 14:03:00
2924,Client22,Autocall,NVDA,BUY,1340000.0,-0.5647192950029937,0.8010295721945686,0.35504750502267074,35.50023645154823,0,2025-01-30 14:13:00
2272,Client23,Bonus Certificate,NESN,SELL,490000.0,1.201522705227257,1.4412733104877529,0.8085403723834473,33.940506750686886,1,2025-01-30 14:18:00
2696,Client33,Autocall,NVDA,BUY,150000.0,1.4472920273557655,-2.5797682223532545,0.6976139010310758,20.220986040514127,1,2025-01-30 14:22:00
2955,Client28,Autocall,MSFT,BUY,690000.0,-2.741970481274654,2.062035513002381,0.38960651197931584,20.7320957896458,1,2025-01-30 14:26:00
594,Client25,Autocall,TSLA,SELL,1180000.0,-1.5080225217861098,-1.7095440793131418,1.4359847920143864,1.651058460227578,0,2025-01-30 14:29:00
1450,Client26,Reverse Convertible,AAPL,BUY,460000.0,0.5421563058625765,-0.017636135148088893,0.2682013149326713,,0,2025-01-30 14:32:00
3188,Client02,Tracker,NESN,SELL,1700000.0,-1.5349196267370042,1.6813183667469227,0.7593818427346276,,0,2025-01-30 14:34:00
3818,Client35,Bonus Certificate,SMI,BUY,280000.0,0.6339667413984708,0.9125670928243308,0.300258221139358,32.56954693103953,0,2025-01-30 14:37:00
2915,Client01,Autocall,NESN,SELL,70000.0,-0.7343814487942161,8.447058069668579,0.5135766913640688,23.929108686217237,1,2025-01-30 14:37:00
4997,Client19,Bonus Certificate,NESN,SELL,1370000.0,-0.12473851687924968,-5.268547178641204,0.7051706488969185,28.947897817775658,1,2025-01-30 14:38:00
324,Client26,Autocall,AAPL,SELL,460000.0,1.0649720866865537,1.3882020587682569,0.24753493663679552,24.98521351479375,1,2025-01-30 14:41:00
2,Client32,Autocall,NESN,BUY,440000.0,3.4293943284252815,-3.159699219661028,0.6598662952636123,34.255889949208076,1,2025-01-30 14:41:00
1177,Client03,Barrier Reverse Convertible,NVDA,BUY,240000.0,-0.3564083480451026,-0.5292232541097677,0.1763436483706104,6.494212424454126,1,2025-01-30 14:45:00
1666,Client12,Reverse Convertible,NVDA,SELL,330000.0,2.407561568631181,-1.3740658553664749,0.2853827566120357,,1,2025-01-30 14:48:00
2210,Client32,Barrier Reverse Convertible,TSLA,BUY,610000.0,-2.657764335435042,-1.455752264904189,0.31170299153235936,42.38875282606343,1,2025-01-30 14:51:00
1414,Client05,Autocall,AMZN,BUY,1120000.0,0.7595780255943695,1.8274012753161213,0.38252246324386185,12.829627433031948,1,2025-01-30 14:55:00
1311,Client33,Autocall,MSFT,SELL,270000.0,0.9795862240461355,1.9661582583840618,0.5435066878678098,33.7739248119354,0,2025-01-30 14:57:00
4969,Client28,Autocall,AAPL,SELL,320000.0,0.7385232310238965,0.917577453304881,0.46922294100256795,45.72915164419619,1,2025-01-30 14:58:00
490,Client16,Reverse Convertible,AMZN,BUY,670000.0,0.1603729699032588,2.244282467292397,0.305109838592181,,1,2025-01-30 15:00:00
2668,Client28,Autocall,NVDA,SELL,690000.0,-1.1725544648863815,-2.834551480669036,0.1895609433408324,4.66458889442809,0,2025-01-30 15:01:00
3276,Client15,Autocall,NVDA,BUY,1670000.0,0.4579422123040479,-1.796513688353234,0.18136039467317125,9.845907847457886,1,2025-01-30 15:01:00
4536,Client22,Autocall,AMZN,BUY,450000.0,-1.7128019158705259,-2.569124318845895,0.45314535458265304,38.30660282642075,0,2025-01-30 15:08:00
3078,Client11,Autocall,MSFT,BUY,920000.0,2.462574197309978,1.1566971809966176,0.2748400160447183,33.60170307569364,0,2025-01-30 15:13:00
3464,Client14,Autocall,MSFT,SELL,1180000.0,-0.6910177778381352,-1.3961410986880958,0.3394562663019233,17.460269513920306,0,2025-01-30 15:13:00
969,Client23,Autocall,NVDA,SELL,230000.0,-3.513195806021543,5.505889813067763,0.6312294857594462,12.559878267928216,1,2025-01-30 15:15:00
600,Client14,Bonus Certificate,AAPL,BUY,2120000.0,-0.833381484276368,5.325983896919345,0.3287233798710246,44.814296350707025,0,2025-01-30 15:17:00
1486,Client34,Autocall,AAPL,SELL,530000.0,-0.6952640389436524,-1.5641634848389376,0.21006302391223355,27.072744902989644,1,2025-01-30 15:23:00
852,Client12,Barrier Reverse Convertible,AMZN,SELL,550000.0,-4.861731353953304,1.0164456171736231,0.7268400575865961,8.235336459770032,0,2025-01-30 15:30:00
2937,Client11,Autocall,NESN,SELL,770000.0,2.694579195920121,3.309668341305956,0.664751190299343,27.06984627164257,0,2025-01-30 15:36:00
1174,Client40,Barrier Reverse Convertible,NESN,SELL,720000.0,-1.576772689933754,7.3886835636551496,0.5806145997965423,15.601994557777605,1,2025-01-30 15:37:00
4332,Client39,Tracker,TSLA,SELL,350000.0,3.8431573176838576,1.0729268528833464,0.3553390101065568,,0,2025-01-30 15:41:00
910,Client27,Tracker,AAPL,BUY,610000.0,1.534813049530049,1.5198240922855035,0.5476838461934044,,0,2025-01-30 15:44:00
1882,Client20,Bonus Certificate,TSLA,BUY,300000.0,0.34179039839462094,-3.4997173081611477,0.3813215345028267,42.08417851960291,1,2025-01-30 15:50:00
1161,Client03,Bonus Certificate,AAPL,SELL,920000.0,0.1002227875012744,-2.9301523953156927,0.16440620237146938,7.936658776395777,1,2025-01-30 15:52:00
3650,Client06,Autocall,TSLA,BUY,1500000.0,-4.022591592550747,0.6066196080976995,0.6565264416772032,19.23425080247123,1,2025-01-30 15:52:00
646,Client34,Autocall,AMZN,BUY,250000.0,0.5081388213356408,0.24691599147275173,0.2759902477479593,43.80059859632986,1,2025-01-30 15:55:00
2179,Client26,Autocall,AAPL,SELL,250000.0,-1.116926897353144,3.4350568567043034,0.21036346122852223,27.239832121317708,0,2025-01-30 15:56:00
1616,Client09,Barrier Reverse Convertible,AMZN,SELL,210000.0,-0.2853146377967261,-1.0378434098268192,0.2653059656769947,30.289993639646966,0,2025-01-30 16:01:00
4138,Client11,Bonus Certificate,AAPL,BUY,480000.0,-0.5265632665637993,2.010947781047248,0.47562807885307323,3.520824579639359,0,2025-01-30 16:02:00
1363,Client31,Autocall,SPX,BUY,550000.0,1.1688333024719666,0.27404539804812394,0.20604475072597916,30.425515851059377,1,2025-01-30 16:05:00
1786,Client19,Barrier Reverse Convertible,NESN,BUY,440000.0,-0.8299414652626013,0.7135629821233972,0.25990476290716197,49.62049375295353,1,2025-01-30 16:12:00
3448,Client38,Autocall,AAPL,SELL,160000.0,1.1838121347259327,2.3504676996100056,0.25581004617235764,18.116095519446745,0,2025-01-30 16:12:00
1338,Client27,Autocall,TSLA,SELL,330000.0,2.2516784490025,0.032473936483816815,0.24086997153088419,44.268569319699644,0,2025-01-30 16:14:00
799,Client05,Autocall,AAPL,SELL,590000.0,3.0758269937386076,1.6398756855727916,0.25593931140184695,27.455999294095985,1,2025-01-30 16:16:00
3814,Client12,Barrier Reverse Convertible,NVDA,SELL,280000.0,0.10143765527773514,-3.982845603142182,0.4936531316875125,39.895694604930334,0,2025-01-30 16:28:00
1250,Client22,Autocall,SPX,SELL,440000.0,0.007595315525127647,-1.847982732902663,0.1686691461522643,41.40592285773812,0,2025-01-30 16:29:00
4741,Client32,Barrier Reverse Convertible,SPX,BUY,360000.0,-1.0202270943863307,1.8864868411602584,0.174213743330285,24.80025431636932,0,2025-01-30 16:30:00
3352,Client02,Autocall,NESN,SELL,680000.0,-1.5680824945758292,-4.941944605607855,0.40491515685055435,36.42607167399202,0,2025-01-30 16:31:00
2730,Client17,Reverse Convertible,AMZN,BUY,990000.0,2.395821695895688,2.9781010270461428,0.30162907168179687,,0,2025-01-30 16:32:00
3171,Client01,Barrier Reverse Convertible,NESN,BUY,190000.0,-1.683433353991314,0.9961542385251172,0.23209427841507474,45.90262198190962,1,2025-01-30 16:39:00
1941,Client02,Autocall,MSFT,SELL,920000.0,-1.270954578855308,-3.020191054973779,0.4729419864758813,23.85308486782079,0,2025-01-30 16:39:00
2510,Client21,Autocall,SMI,SELL,80000.0,-0.7972899755346101,-1.8118251274497283,0.47399485309243594,18.509607970024145,0,2025-01-30 16:40:00
2972,Client28,Bonus Certificate,SPX,BUY,150000.0,-0.4803635794241048,-4.977951380145042,0.2174390485366636,36.43090637697304,1,2025-01-30 16:40:00
2801,Client07,Autocall,NVDA,BUY,430000.0,-1.8484821004685774,4.911566742081034,0.2830808274983975,45.36051730256513,1,2025-01-30 16:42:00
596,Client16,Autocall,AMZN,SELL,1210000.0,-0.5228868705149855,-3.8934720650524612,0.4324046136494225,27.55669108543049,0,2025-01-30 16:48:00
2493,Client09,Autocall,NESN,SELL,600000.0,-0.4801415050879491,-0.7146656074281497,0.4781623288649177,15.84051717615838,1,2025-01-30 16:50:00
2674,Client08,Autocall,TSLA,BUY,470000.0,0.29997382276291634,-2.431794875846437,0.5534844231590561,24.505867116565692,1,2025-01-30 17:01:00
4960,Client27,Tracker,NVDA,BUY,370000.0,-0.4335795195194303,1.6795217280264316,0.42646912191606345,,1,2025-01-30 17:04:00
159,Client05,Bonus Certificate,TSLA,BUY,600000.0,-0.22567521096751603,-1.301413104068701,0.2973571481487808,33.11374828205798,1,2025-01-30 17:05:00
483,Client11,Autocall,SMI,BUY,400000.0,-0.005613160524605947,-1.6582055259201582,1.2754789918256964,30.66446452659397,0,2025-01-30 17:08:00
4268,Client08,Autocall,TSLA,BUY,220000.0,0.4997441800655123,-3.3427540474536412,0.4128288184929714,48.93776996150771,0,2025-01-30 17:09:00
4678,Client15,Autocall,AMZN,BUY,1310000.0,-1.6097355281937082,-2.4971686506365898,0.34382102643074686,21.027029452752856,0,2025-01-30 17:18:00
2341,Client25,Barrier Reverse Convertible,MSFT,SELL,600000.0,-5.312865041601289,-6.4074033350051804,1.2858731711260816,11.011300035179561,0,2025-01-30 17:20:00
3329,Client21,Autocall,SPX,BUY,340000.0,-0.6156011550583179,-0.8740050625661699,0.758548937275514,18.1388903165013,0,2025-01-30 17:23:00
3602,Client32,Barrier Reverse Convertible,TSLA,SELL,390000.0,-4.247473671339847,-0.030883433053243724,0.5578408519504693,26.85887681391405,0,2025-01-30 17:25:00
43,Client31,Autocall,MSFT,BUY,920000.0,5.275777584646251,-3.5918093244794207,0.546334484941549,36.29229209826955,1,2025-01-30 17:26:00
3705,Client32,Tracker,NVDA,BUY,550000.0,-1.0700772312249787,1.0475342481212058,0.5483738640338288,,0,2025-01-30 17:31:00
3332,Client21,Barrier Reverse Convertible,AMZN,SELL,570000.0,0.9741109433693059,0.11937804513988089,0.3673446983863578,11.790274813288432,0,2025-01-30 17:32:00
1502,Client34,Barrier Reverse Convertible,NESN,SELL,390000.0,0.47862063633507573,4.180980909680883,0.3168096981694865,40.02847940985634,0,2025-01-30 17:32:00
3749,Client26,Autocall,NESN,SELL,910000.0,0.36226493862384634,1.743036882341904,0.7882666039694496,39.91150374612764,0,2025-01-30 17:36:00
500,Client28,Reverse Convertible,AAPL,BUY,580000.0,1.3074399978641458,-1.1742233517969671,0.5358046156027726,,0,2025-01-30 17:38:00
4563,Client08,Autocall,AAPL,SELL,170000.0,3.2230213553295206,-0.3336074688293454,0.615718422031743,41.39895993078528,0,2025-01-30 17:49:00
3056,Client37,Autocall,AMZN,BUY,670000.0,1.5165073087285057,4.813056011403383,1.0608890000358144,49.2974073016814,0,2025-01-30 17:52:00
3341,Client25,Barrier Reverse Convertible,SPX,BUY,1070000.0,3.907760469667374,2.513469379515991,0.22918691341879022,28.34780775031885,0,2025-01-30 17:53:00
3808,Client13,Autocall,TSLA,SELL,590000.0,1.2117825674098042,4.881434850394822,0.45483820763622324,14.775985029676587,0,2025-01-31 08:00:00
3728,Client34,Autocall,MSFT,BUY,440000.0,-0.9846520052955119,0.4228781426480339,0.5216537793610696,15.402368089415436,0,2025-01-31 08:00:00
2309,Client28,Barrier Reverse Convertible,TSLA,SELL,380000.0,0.9620651114044323,-1.3418890812290623,0.26981678144148424,28.95974837805491,1,2025-01-31 08:00:00
460,Client16,Autocall,AAPL,BUY,620000.0,2.328821174833939,-0.8393178473363803,0.10734060896293171,25.859899290934184,0,2025-01-31 08:06:00
2529,Client18,Autocall,NVDA,SELL,1340000.0,-0.27274519134496317,0.4910000023083376,0.47501671006065305,5.275732589925042,1,2025-01-31 08:06:00
2400,Client16,Autocall,NVDA,SELL,510000.0,-2.6014703488246993,-0.7964404468774825,0.4467490682922953,47.390152652427446,1,2025-01-31 08:09:00
2917,Client26,Reverse Convertible,AMZN,BUY,200000.0,-0.02013536159329932,2.170051766208414,0.4231015588459716,,0,2025-01-31 08:09:00
2303,Client35,Autocall,SPX,BUY,360000.0,1.0321749444186412,-5.008490712390023,0.4580140834207549,25.37855482175934,0,2025-01-31 08:12:00
3829,Client05,Autocall,SPX,SELL,1020000.0,-1.6136611525846731,1.6111446727965681,0.7761241394336306,5.678628324829649,0,2025-01-31 08:13:00
1759,Client32,Autocall,AMZN,SELL,780000.0,-2.864344598826762,3.4127834902852356,0.25890382317745386,2.9568055734127907,1,2025-01-31 08:14:00
3826,Client08,Autocall,SPX,SELL,360000.0,-0.5023867831736522,0.008219442847931425,0.6898310760428762,39.44767407273215,0,2025-01-31 08:14:00
917,Client21,Autocall,AAPL,BUY,290000.0,-4.0648682603035455,-3.9718451005826987,0.2154232704177597,45.02891180558178,1,2025-01-31 08:20:00
458,Client21,Autocall,NESN,BUY,200000.0,-2.134627440868514,1.1558532690429801,0.5021635082604792,4.614306223267745,0,2025-01-31 08:24:00
1362,Client10,Autocall,SMI,SELL,1390000.0,0.007064926721194952,-4.178747548537057,0.7126055797949312,4.361280931593359,0,2025-01-31 08:27:00
3565,Client12,Autocall,TSLA,BUY,1330000.0,0.3163033527680863,0.4775471672768814,0.6058396472228205,36.2601176279817,0,2025-01-31 08:27:00
4962,Client30,Autocall,AMZN,BUY,420000.0,2.0473932133898853,1.0388739408184526,0.1722884204711785,38.66446846128291,0,2025-01-31 08:28:00
694,Client28,Autocall,AMZN,SELL,310000.0,4.9756353057304565,-0.3204218182980613,0.2566025921999862,28.574361941143156,1,2025-01-31 08:35:00
1996,Client02,Autocall,NESN,BUY,980000.0,-1.8942344270238392,3.6308993656315747,0.39496668414295627,47.91150795007697,0,2025-01-31 08:37:00
2667,Client32,Autocall,AMZN,BUY,350000.0,3.4762841884060194,-1.2336477334697595,0.35150907111210095,34.8490204854532,1,2025-01-31 08:38:00
2952,Client02,Autocall,NVDA,BUY,1020000.0,0.3665079754266037,-4.492291372200672,0.41064540625413626,9.587901894864236,1,2025-01-31 08:46:00
3874,Client35,Barrier Reverse Convertible,SPX,SELL,1090000.0,1.6678162695422585,-4.211436901893433,0.3190847732212125,38.989007494233725,1,2025-01-31 08:53:00
2174,Client23,Autocall,NESN,BUY,670000.0,-0.4551115064677697,1.4446331264714098,0.5828165360735051,5.653738086935977,0,2025-01-31 08:56:00
1544,Client28,Autocall,TSLA,SELL,860000.0,2.8718290804753646,0.6241789676999534,0.30704739422802285,45.158173263390296,1,2025-01-31 08:57:00
290,Client01,Autocall,MSFT,BUY,130000.0,-1.1341665694566485,-4.174558421104759,0.5598511337392027,40.73786232937579,0,2025-01-31 08:58:00
3497,Client22,Reverse Convertible,NESN,BUY,360000.0,0.5749648794300005,2.4010813621537768,0.31169495007256703,,0,2025-01-31 09:01:00
556,Client27,Reverse Convertible,NESN,BUY,170000.0,-2.4161987126002016,-5.893808408444606,0.3884476747351164,,0,2025-01-31 09:03:00
1239,Client33,Autocall,SPX,BUY,90000.0,-1.5060562522948864,-2.171912934810147,0.14851530029259297,38.27224866844022,0,2025-01-31 09:04:00
2478,Client32,Autocall,SPX,BUY,580000.0,1.5992211751403471,1.7120252121331405,0.6518174626466996,36.389098725519894,1,2025-01-31 09:04:00
3196,Client04,Tracker,MSFT,SELL,340000.0,2.8831601452697946,2.057521204717913,0.3550848188014451,,0,2025-01-31 09:05:00
858,Client23,Reverse Convertible,SPX,SELL,290000.0,0.25909160599062064,1.95627229086716,0.4296661662442717,,1,2025-01-31 09:05:00
3420,Client25,Autocall,NESN,SELL,680000.0,-0.4088718994845639,-0.6867203082497221,0.3275010978841648,2.8586272374328034,1,2025-01-31 09:07:00
4056,Client33,Tracker,TSLA,SELL,250000.0,-4.173408359047309,0.71137947647191,0.5852448423377217,,0,2025-01-31 09:09:00
3815,Client26,Bonus Certificate,NESN,SELL,340000.0,1.1388828564425584,-2.312284394222029,0.3938247017350535,23.098484363949446,0,2025-01-31 09:11:00
4982,Client25,Autocall,SMI,BUY,1740000.0,-0.08016902306769069,2.1055673905505223,0.13436102659191015,0.9856808886398338,0,2025-01-31 09:13:00
2809,Client16,Autocall,SMI,SELL,390000.0,1.5604784961518219,-1.9713262518508972,0.5522802170867576,36.20682455962973,1,2025-01-31 09:17:00
3526,Client37,Barrier Reverse Convertible,AAPL,BUY,480000.0,1.02477609637472,-1.5120004568432233,0.5370501213656323,41.21554734586134,0,2025-01-31 09:18:00
4702,Client03,Autocall,TSLA,BUY,840000.0,0.43403386200496974,-1.4196634888005577,0.3646415028866481,7.220627611881819,0,2025-01-31 09:24:00
4522,Client25,Barrier Reverse Convertible,NESN,BUY,840000.0,0.36865440369929453,3.3671683179453997,0.6889246070882146,37.61928834742363,0,2025-01-31 09:25:00
2001,Client23,Barrier Reverse Convertible,AAPL,SELL,290000.0,0.3624600189562807,-3.613633550713942,0.3057483032823302,46.53795780039201,1,2025-01-31 09:26:00
2447,Client15,Autocall,SMI,SELL,2660000.0,-1.3664734071841982,0.9128125243649285,0.8974354885743815,11.604554700020731,0,2025-01-31 09:26:00
1244,Client19,Autocall,MSFT,SELL,380000.0,2.4619234930330185,-3.8228931863688227,0.8991706169745898,48.13188679480438,0,2025-01-31 09:26:00
3197,Client05,Bonus Certificate,TSLA,BUY,1610000.0,-1.0021735002019472,0.5526748408083877,0.24415247845040614,13.293838542595587,0,2025-01-31 09:30:00
4357,Client35,Tracker,TSLA,SELL,340000.0,0.4795864377601461,-8.022580089667176,0.4862496127212588,,0,2025-01-31 09:32:00
7,Client34,Reverse Convertible,SMI,SELL,380000.0,1.5759117144478518,-0.17098039371670212,1.1653528656926702,,0,2025-01-31 09:36:00
3806,Client02,Barrier Reverse Convertible,SPX,BUY,1190000.0,0.47158672067182517,-0.6023194019867315,0.2566060707113687,36.94358119046582,0,2025-01-31 09:38:00
2351,Client24,Autocall,NESN,SELL,690000.0,0.04276095424152882,0.24486575349451212,0.2598650993490116,16.666493061617505,0,2025-01-31 09:39:00
1456,Client31,Bonus Certificate,SPX,BUY,1310000.0,-2.7047812934763114,-1.8799638821766345,0.4666179801213829,40.03317891271411,0,2025-01-31 09:40:00
3897,Client18,Autocall,TSLA,SELL,1450000.0,-0.5981674537464126,6.084639950126277,0.33387849994397883,48.75152942560179,1,2025-01-31 09:43:00
993,Client33,Autocall,TSLA,SELL,180000.0,-3.9653761359915585,8.103776390216858,0.5961179051948866,23.47108887060753,1,2025-01-31 09:44:00
4105,Client02,Autocall,AAPL,SELL,780000.0,3.1760423103897546,-1.466850873871464,0.38021508649978075,7.7531594946695925,0,2025-01-31 09:45:00
856,Client02,Autocall,AMZN,SELL,700000.0,-1.4446837418974185,0.46766614814830765,0.47620923873336946,34.86191959479607,0,2025-01-31 09:47:00
2149,Client32,Barrier Reverse Convertible,AMZN,SELL,420000.0,1.6934422680556018,0.8682146993719442,0.25963988057432486,34.33655816015935,1,2025-01-31 09:52:00
2883,Client12,Autocall,AMZN,BUY,420000.0,-0.9350771068975187,1.076392084012602,0.4925386720556397,48.73094133495043,0,2025-01-31 09:53:00
552,Client32,Autocall,AAPL,BUY,1000000.0,2.2034658812306724,1.133876352027666,0.2722002913681881,8.433407210212508,1,2025-01-31 09:53:00
4813,Client26,Autocall,SMI,SELL,300000.0,-1.0432367308297552,2.104689338191661,0.43333585731120833,28.02885385109005,0,2025-01-31 09:54:00
4429,Client38,Reverse Convertible,TSLA,BUY,320000.0,-1.088548960382487,6.850151231441902,0.24658741128595543,,0,2025-01-31 09:58:00
4817,Client34,Autocall,NESN,BUY,420000.0,1.8639506078898997,0.9793532195735568,0.6609936150914377,16.27908867733042,1,2025-01-31 09:59:00
4465,Client07,Barrier Reverse Convertible,NESN,SELL,250000.0,0.2357504659017124,2.6113316609759263,0.24950608321172055,3.272932190445088,0,2025-01-31 10:00:00
1524,Client14,Autocall,TSLA,BUY,2510000.0,0.21048088985065125,1.2370700160467172,0.6942487007602364,43.0022328231385,0,2025-01-31 10:02:00
138,Client30,Tracker,NVDA,SELL,580000.0,1.6008771296093507,-0.9844663501135507,0.5250932191089297,,1,2025-01-31 10:02:00
3518,Client10,Bonus Certificate,SMI,BUY,1450000.0,2.9682133134113236,-6.1754964533125065,0.4426876986511964,28.258871246770994,0,2025-01-31 10:05:00
3238,Client03,Autocall,TSLA,SELL,510000.0,2.4786206974951783,4.507992729584238,0.44045271623194715,20.40561960775707,1,2025-01-31 10:08:00
1654,Client15,Autocall,TSLA,BUY,1590000.0,-2.1164153233355116,1.7772382201002168,0.36978757882791613,42.84378474196068,1,2025-01-31 10:09:00
4940,Client30,Barrier Reverse Convertible,NESN,SELL,980000.0,-0.6436153050984977,2.527379031887975,0.21900610152534514,35.45473551412698,1,2025-01-31 10:15:00
3523,Client19,Autocall,NESN,SELL,530000.0,1.1836316519607613,0.5897197217451422,0.7314849561934671,48.201862122031926,0,2025-01-31 10:16:00
4914,Client28,Barrier Reverse Convertible,NESN,BUY,300000.0,0.9684165955287107,0.06414961506142629,0.8910987636783165,14.356912086233924,0,2025-01-31 10:18:00
28,Client35,Autocall,MSFT,BUY,460000.0,-2.0577282875127394,-0.028725573932818636,0.19705217246546547,6.098263270471244,0,2025-01-31 10:21:00
2612,Client27,Autocall,TSLA,BUY,160000.0,-3.4113560048343645,2.09830285251805,0.3900150046489371,8.637037520618218,1,2025-01-31 10:23:00
2770,Client03,Autocall,SMI,SELL,390000.0,-0.36029422953146933,3.073516732493405,0.34230341046405655,46.43283849894742,1,2025-01-31 10:24:00
2021,Client16,Autocall,SPX,BUY,410000.0,-0.041191982568247874,-3.007551185976009,0.1418602573782095,13.925913124686002,0,2025-01-31 10:25:00
3217,Client12,Bonus Certificate,SPX,SELL,690000.0,-1.259539252878058,0.007562656302240551,0.3453524762633918,44.33822033766469,0,2025-01-31 10:34:00
1320,Client29,Autocall,SPX,SELL,1060000.0,-1.1426112325103883,-0.9889990382107952,0.29346353930631225,30.184360324796124,0,2025-01-31 10:36:00
2832,Client26,Reverse Convertible,NESN,BUY,480000.0,-0.46727879425404245,4.4487181478126985,0.4849625751599051,,0,2025-01-31 10:38:00
4879,Client02,Bonus Certificate,MSFT,BUY,1060000.0,0.46498390414103896,3.667564595713705,0.46141009535851846,30.753018415971383,0,2025-01-31 10:40:00
3717,Client22,Autocall,SMI,SELL,890000.0,-1.7305394494023878,0.9834359635293831,0.5752646692669379,24.058098310589816,0,2025-01-31 10:41:00
4308,Client10,Barrier Reverse Convertible,NVDA,SELL,1770000.0,0.09926944061069329,-5.740284460383466,0.2708168116071875,36.46061831558091,1,2025-01-31 10:41:00
1267,Client06,Autocall,MSFT,SELL,1790000.0,0.1671732072561045,4.375202662202939,0.4959202997669158,35.66683244825344,0,2025-01-31 10:42:00
3936,Client30,Bonus Certificate,TSLA,BUY,320000.0,1.5474024304370613,-0.14882735176181383,0.889470188318186,49.90402178439998,0,2025-01-31 10:47:00
4732,Client03,Autocall,NVDA,SELL,360000.0,3.503848042679625,-0.53418712890806,0.5967429014405021,47.20384692482051,0,2025-01-31 10:47:00
4262,Client14,Autocall,AAPL,BUY,1360000.0,-2.167240609450526,1.567565029417771,0.32283684284763947,29.232395271360524,0,2025-01-31 10:47:00
1032,Client20,Autocall,NVDA,BUY,1180000.0,3.0097225280551916,-5.556626008392101,0.26040787980203667,25.20506017277539,1,2025-01-31 10:49:00
1371,Client33,Autocall,TSLA,BUY,450000.0,2.127405769311298,2.5563207858747248,0.37330088089006364,14.876276802162886,1,2025-01-31 10:50:00
3628,Client22,Autocall,TSLA,BUY,800000.0,-0.17212341099751605,3.563186764885134,0.17162532875508335,9.328936411503685,0,2025-01-31 10:50:00
4152,Client02,Autocall,MSFT,SELL,950000.0,-0.5495111333278211,-3.4341225431668905,0.7813952017898085,12.91123713132839,0,2025-01-31 10:54:00
3339,Client03,Autocall,NESN,BUY,340000.0,-0.403379659291709,4.513415131256069,0.6278718828598084,12.043760791328435,0,2025-01-31 10:55:00
2221,Client35,Bonus Certificate,NVDA,SELL,220000.0,0.8265475751770874,3.937845017383917,0.3051820235068007,32.70244229834805,1,2025-01-31 10:57:00
4774,Client16,Autocall,SPX,BUY,1280000.0,-0.008293216325153556,-3.705301386062541,0.2605362581715879,16.413212009590715,1,2025-01-31 11:01:00
2552,Client19,Barrier Reverse Convertible,TSLA,BUY,630000.0,1.4510062340117296,-3.429167573019434,0.3963185207292399,27.294238718432073,0,2025-01-31 11:02:00
272,Client08,Autocall,SPX,SELL,80000.0,-1.6026232639861064,-1.292017124492047,0.3065701606192693,16.866481171108894,0,2025-01-31 11:03:00
4612,Client08,Autocall,TSLA,SELL,410000.0,-1.073136514828781,-2.08534151723628,0.3288617102579877,8.007386272322298,1,2025-01-31 11:07:00
1086,Client20,Autocall,AAPL,SELL,490000.0,-1.3408812764099654,2.405491119691267,0.4527311379111855,10.7394103453207,1,2025-01-31 11:07:00
502,Client31,Bonus Certificate,AMZN,SELL,740000.0,-0.6289597048348324,1.3504479471493636,0.2806361958263419,42.37687304229283,1,2025-01-31 11:08:00
3910,Client03,Bonus Certificate,MSFT,SELL,600000.0,-0.9269341037354749,-1.7756578376825578,0.12285397484833734,46.74679739284881,0,2025-01-31 11:10:00
4081,Client20,Autocall,NESN,BUY,750000.0,-0.5969268947608417,2.3603577922885837,0.6476877858550835,4.084053317588604,0,2025-01-31 11:12:00
3847,Client25,Autocall,NVDA,BUY,540000.0,1.9219375581971045,0.15934882349836055,0.2542959560045882,20.812529555835063,0,2025-01-31 11:15:00
2313,Client16,Autocall,NVDA,SELL,600000.0,-2.5605908271151754,1.1358078351339402,0.5343073311007069,15.587636523468639,0,2025-01-31 11:17:00
1763,Client28,Autocall,NESN,SELL,1450000.0,-0.2653517290200215,5.44441205070498,0.4580766234924305,46.513382732900745,1,2025-01-31 11:20:00
4959,Client33,Bonus Certificate,MSFT,SELL,120000.0,-1.227315881704053,-1.314526663961165,0.10511271519176758,37.778452061543845,0,2025-01-31 11:25:00
1817,Client02,Barrier Reverse Convertible,SPX,BUY,1260000.0,0.35804472441473917,2.1674420442773963,0.22031869307086901,4.531377914148038,0,2025-01-31 11:25:00
905,Client17,Autocall,SPX,SELL,860000.0,0.4560551281752701,5.268066492597743,0.36988490000719987,13.43677364776758,1,2025-01-31 11:26:00
4827,Client14,Autocall,MSFT,BUY,2720000.0,2.15157868442162,0.21664264439820188,0.36770432522875085,8.598368800026407,1,2025-01-31 11:33:00
2449,Client13,Autocall,MSFT,BUY,200000.0,-2.02211698635398,5.338141113551805,0.2782538953181907,35.425491972869075,1,2025-01-31 11:34:00
755,Client16,Autocall,SPX,SELL,630000.0,-2.5143646878882295,2.1101568727367876,0.20260141210714055,26.406686436100575,0,2025-01-31 11:34:00
37,Client16,Autocall,NESN,BUY,260000.0,0.14497236822174847,1.9047838217275197,0.6777022025514566,2.25500998863426,0,2025-01-31 11:34:00
3393,Client15,Bonus Certificate,SMI,BUY,1470000.0,5.253267977143276,-1.4355738360907644,0.9064638893506175,30.919315486804237,1,2025-01-31 11:36:00
1664,Client19,Autocall,AMZN,SELL,380000.0,0.14114512292929407,2.1015743506999875,0.5023681349437796,3.603975608752119,1,2025-01-31 11:37:00
4117,Client31,Autocall,SMI,SELL,290000.0,-0.30332046523114103,4.494069677761146,0.17825573951260285,13.91440392739553,0,2025-01-31 11:38:00
298,Client15,Autocall,AMZN,BUY,3270000.0,0.4942461593530557,-1.1230051101477048,0.2645253965964704,34.37987779120841,1,2025-01-31 11:40:00
486,Client31,Autocall,AAPL,SELL,730000.0,-2.0769213780368343,0.4542047419734665,0.5741077468658603,45.3433985981485,0,2025-01-31 11:42:00
1220,Client07,Autocall,SPX,BUY,100000.0,-2.5403940829919414,-1.014948529053352,0.5904036607513444,21.904476772913167,1,2025-01-31 11:43:00
2215,Client01,Autocall,NESN,SELL,150000.0,-2.9310011484322485,3.6746640307527008,0.46136745124228845,29.667551378286205,0,2025-01-31 11:50:00
4070,Client39,Autocall,NVDA,SELL,280000.0,2.921896133063303,4.293449798136815,0.3549584727376563,11.024187692746763,0,2025-01-31 11:55:00
2976,Client07,Autocall,NVDA,BUY,770000.0,-0.1505099055915166,-6.325769253892548,0.4392457242471609,18.97867524260085,1,2025-01-31 11:58:00
1028,Client27,Bonus Certificate,AMZN,BUY,240000.0,-0.5539862413518019,1.1690739733831985,0.837645756887905,9.378996817544088,1,2025-01-31 11:58:00
3063,Client08,Autocall,NESN,BUY,330000.0,2.5773401134058513,0.3593101344944013,0.3705896927608119,41.1876833662846,1,2025-01-31 11:59:00
4494,Client18,Tracker,AMZN,BUY,1270000.0,0.2343551008772542,-1.792629853740111,0.8653271554983618,,0,2025-01-31 11:59:00
1029,Client22,Reverse Convertible,MSFT,BUY,600000.0,0.04034983412312059,-0.09638672902265653,0.3086555794377564,,0,2025-01-31 12:01:00
4613,Client15,Barrier Reverse Convertible,NVDA,BUY,1370000.0,0.5914021672152321,-1.8455366420253312,0.4550364978232125,2.3031540260679053,1,2025-01-31 12:03:00
437,Client29,Autocall,SPX,SELL,640000.0,-1.7421787661929948,2.149057424315252,0.293179577370842,18.906741277727217,1,2025-01-31 12:04:00
4729,Client12,Autocall,NESN,BUY,390000.0,-0.06315944664077916,1.3905548540901753,1.2493710617894476,33.20357173516176,1,2025-01-31 12:05:00
4751,Client03,Reverse Convertible,TSLA,SELL,700000.0,0.9668688637651969,-1.3513915266448318,0.30882823805561155,,0,2025-01-31 12:10:00
834,Client18,Reverse Convertible,NVDA,BUY,980000.0,-3.199978311125597,-5.507236941909961,0.39774872979168396,,1,2025-01-31 12:13:00
2473,Client31,Autocall,SMI,SELL,940000.0,1.6213572409815353,-3.719400882027304,0.25954737385189547,13.914902797690276,1,2025-01-31 12:16:00
4861,Client10,Barrier Reverse Convertible,TSLA,SELL,1260000.0,-0.1178861934840285,0.1586566694586941,0.45309720265873915,9.202129655893232,1,2025-01-31 12:26:00
4609,Client20,Autocall,NVDA,BUY,1110000.0,1.708344754092645,2.360650562576149,0.7731613031648379,23.898938456417483,1,2025-01-31 12:27:00
3940,Client30,Tracker,AMZN,SELL,490000.0,-0.24882398270892475,-1.1502921149388634,0.3619093500195526,,0,2025-01-31 12:29:00
1768,Client21,Autocall,NVDA,BUY,90000.0,0.5333560552188025,4.946315755627491,0.3943075336429982,42.1139586351975,1,2025-01-31 12:32:00
4199,Client22,Bonus Certificate,NVDA,BUY,640000.0,0.1329233131362751,-3.171989454414188,0.8637965258707533,39.22416907140057,0,2025-01-31 12:33:00
2787,Client23,Tracker,SPX,BUY,360000.0,-0.36114312992706255,-1.0162301643341878,0.14421892351067125,,0,2025-01-31 12:42:00
1658,Client13,Barrier Reverse Convertible,AAPL,SELL,170000.0,3.770179559396895,0.35207074684782336,0.2443386030463229,42.81133833325282,1,2025-01-31 12:46:00
4165,Client20,Autocall,SMI,BUY,510000.0,-2.042981401900123,-0.8547266306437122,0.1516127328091589,5.449815093222221,0,2025-01-31 12:47:00
2939,Client33,Autocall,TSLA,SELL,350000.0,-2.1242431694199353,-1.428146870422696,0.24498958530012807,24.789742408257894,0,2025-01-31 12:48:00
2910,Client40,Autocall,TSLA,BUY,660000.0,-0.8453352109314745,-2.552162987936452,0.25819152797788725,22.02618114626651,0,2025-01-31 12:52:00
4838,Client24,Autocall,SPX,SELL,1190000.0,-2.028825235929068,3.6683296027134524,0.6246754288043721,6.353453074848304,0,2025-01-31 12:53:00
1595,Client28,Autocall,NESN,SELL,560000.0,1.873432817322797,4.053019417823107,0.3295850982116294,6.252483640130501,1,2025-01-31 12:54:00
4510,Client34,Autocall,NESN,SELL,200000.0,-1.6405315275637116,0.9876965112315645,0.30286764188412757,40.54771482720061,0,2025-01-31 12:55:00
3381,Client27,Autocall,AMZN,BUY,470000.0,0.5888392140610398,-2.852712787376696,0.2799629408181329,27.278761118994204,0,2025-01-31 12:57:00
1851,Client15,Bonus Certificate,TSLA,BUY,1330000.0,-2.042349949027149,-1.8272542261266693,0.6922944602511719,3.1329683680585974,0,2025-01-31 12:57:00
287,Client28,Autocall,AMZN,BUY,1090000.0,1.8492203141284744,-0.6115208560524472,0.5974058492029257,47.298944738773066,1,2025-01-31 12:58:00
761,Client13,Autocall,AMZN,SELL,170000.0,1.4748090373629,6.822921717067273,0.3448930193049639,45.26251741086592,1,2025-01-31 12:59:00
179,Client11,Autocall,NVDA,BUY,560000.0,-3.804499254305231,-0.5486641213711043,0.19276061008903506,4.64281603207311,0,2025-01-31 13:05:00
425,Client05,Autocall,SPX,BUY,400000.0,-0.9497415205300092,2.4615144376471862,0.18066517909499138,46.72345387162354,0,2025-01-31 13:07:00
786,Client28,Tracker,AMZN,SELL,340000.0,-0.20686854605279112,-2.785838687552232,0.24332239603589198,,0,2025-01-31 13:07:00
1541,Client19,Autocall,AMZN,BUY,1090000.0,-2.505534272783201,-0.9935173699123436,0.3480246021613318,47.89138281711956,1,2025-01-31 13:09:00
1840,Client31,Autocall,AMZN,BUY,610000.0,-3.336263173700111,0.3092101607656218,0.7383442438621747,12.885529090105107,1,2025-01-31 13:09:00
4816,Client20,Autocall,AMZN,SELL,150000.0,7.263661344166528,0.5500687843008754,0.3521540151463342,44.219515110244444,1,2025-01-31 13:14:00
2084,Client31,Barrier Reverse Convertible,NVDA,BUY,660000.0,0.11042454644785192,1.621887001570447,0.22025268457986627,35.642348622935195,0,2025-01-31 13:16:00
2794,Client20,Autocall,SPX,BUY,1040000.0,-0.09021598658568201,-3.6680000294063255,0.3023377260148901,43.2566872043529,0,2025-01-31 13:27:00
4087,Client25,Autocall,MSFT,SELL,550000.0,-1.0267542207421454,-2.3048814547118273,0.3264652893063419,39.83212430924208,1,2025-01-31 13:32:00
2773,Client07,Autocall,TSLA,SELL,300000.0,0.8291264512540744,1.0067804873725348,0.5470514722607185,42.82458437321043,1,2025-01-31 13:35:00
3926,Client35,Bonus Certificate,SMI,SELL,470000.0,-0.863375575634722,0.8121874842969532,0.34910814062685175,45.672261802319056,0,2025-01-31 13:41:00
3735,Client19,Autocall,NESN,BUY,680000.0,1.0897307263170768,-4.988526988287262,0.28987530594480637,16.809121529096586,1,2025-01-31 13:42:00
4288,Client22,Tracker,NESN,SELL,310000.0,1.2251324383914295,-0.6100782246705088,0.3294215128480021,,0,2025-01-31 13:46:00
156,Client03,Autocall,TSLA,BUY,330000.0,-1.299394885705503,1.2640364249586562,1.1509705855149688,11.360891380056243,0,2025-01-31 13:48:00
1251,Client20,Autocall,AMZN,SELL,240000.0,-2.0635604460200954,-6.5007192729065615,0.29935068885353283,40.130172892483614,1,2025-01-31 13:48:00
3492,Client18,Autocall,NVDA,BUY,2590000.0,-1.3053222942968055,1.1120736871567165,0.3561389560860285,13.506793363782876,0,2025-01-31 13:51:00
1195,Client27,Autocall,AAPL,BUY,80000.0,0.5420378181467522,-1.733168488000849,0.4946282173396629,26.05453343353729,0,2025-01-31 13:53:00
194,Client11,Autocall,AMZN,SELL,760000.0,-1.7018004704902687,7.790471107890777,0.6381359943254333,14.52013404822295,0,2025-01-31 13:53:00
1227,Client31,Autocall,NESN,BUY,1090000.0,1.0381507412369029,-3.466850581322398,1.0125823796933588,19.47215956263491,1,2025-01-31 13:54:00
1930,Client05,Autocall,TSLA,BUY,790000.0,-1.5675749602139724,-3.070621782590771,0.3470244857217469,17.581789019625315,1,2025-01-31 13:54:00
3615,Client34,Autocall,NVDA,SELL,120000.0,-2.8469372612346118,-0.7069141067289618,0.3340093911688063,46.81696285604034,1,2025-01-31 13:55:00
3746,Client32,Autocall,TSLA,SELL,380000.0,0.7400697378191885,-0.8960243616109616,0.26463163672587386,32.00696386832219,0,2025-01-31 13:57:00
4700,Client19,Autocall,SMI,SELL,620000.0,-0.16422948991797962,2.0854859518254383,0.6167857472830429,16.97821844947997,0,2025-01-31 13:59:00
4068,Client05,Bonus Certificate,NVDA,SELL,490000.0,-3.6611916843952885,4.382446982805746,0.4935025800997957,49.99413675157827,1,2025-01-31 14:02:00
2208,Client14,Autocall,NESN,BUY,830000.0,1.590356572029885,-2.3377943359627955,0.4514964416309441,3.815549597717255,0,2025-01-31 14:03:00
4952,Client06,Barrier Reverse Convertible,SMI,BUY,2030000.0,1.2732015666238707,0.425333363888776,0.16595575656597433,19.459084087138617,1,2025-01-31 14:19:00
1455,Client14,Reverse Convertible,TSLA,SELL,1500000.0,-2.7080540313429706,1.2186157022663986,0.6513636896839222,,0,2025-01-31 14:21:00
199,Client31,Autocall,AAPL,BUY,410000.0,0.8256559551830631,1.9273303839412055,0.2917095047414298,21.779491178920363,0,2025-01-31 14:22:00
2733,Client24,Autocall,NVDA,SELL,1070000.0,0.7118854732937732,-0.29054652046474694,0.22066297619121056,3.3523259994759136,0,2025-01-31 14:29:00
4983,Client02,Autocall,AMZN,SELL,630000.0,1.2657092716540912,7.044963829616534,0.22345662092505444,41.98033887964323,0,2025-01-31 14:32:00
1878,Client20,Autocall,NESN,SELL,880000.0,0.847262124333436,-2.471689210497745,0.17734078121849428,31.7866049046346,0,2025-01-31 14:32:00
3916,Client21,Autocall,MSFT,BUY,110000.0,-1.1930809055105973,-2.463236926392591,0.5654035023457546,6.090174176793795,0,2025-01-31 14:45:00
2923,Client33,Autocall,AAPL,BUY,150000.0,-0.38550993870421396,-0.1375763158017261,0.6855492845683092,28.008661814802704,0,2025-01-31 14:46:00
2031,Client05,Bonus Certificate,MSFT,BUY,660000.0,-1.9379985804561641,-6.160708176601178,0.5524749979914648,7.287379072128353,1,2025-01-31 14:47:00
4530,Client34,Barrier Reverse Convertible,MSFT,BUY,430000.0,-2.192925362361584,3.623283610817041,0.09825388876231121,7.674788888077217,1,2025-01-31 14:48:00
2350,Client32,Autocall,AAPL,SELL,330000.0,-1.1648892898206096,3.150696296838641,0.21895504720328018,17.523824877165307,1,2025-01-31 14:53:00
3790,Client31,Autocall,NESN,SELL,280000.0,1.7847669774992407,1.0886296816933836,0.3774968246245477,32.668566877740766,0,2025-01-31 14:59:00
1240,Client08,Tracker,MSFT,BUY,190000.0,-0.782005037274269,2.5377574275959067,0.8020683862527572,,1,2025-01-31 14:59:00
3430,Client06,Bonus Certificate,AMZN,BUY,1290000.0,-1.2310651797794183,-4.299019498937772,0.5480530165246895,43.12053521815215,0,2025-01-31 15:02:00
736,Client25,Autocall,NESN,SELL,1430000.0,1.9204687617107086,-3.2931186056430652,0.46041558566820284,16.59784371815642,0,2025-01-31 15:08:00
168,Client05,Bonus Certificate,SPX,BUY,1380000.0,-4.762549046168119,-2.095951063415306,0.6068926546118668,18.38036018326382,0,2025-01-31 15:10:00
1302,Client18,Bonus Certificate,NESN,BUY,3480000.0,-2.202792599567321,1.151692422201895,0.7556379050281168,33.875067393703766,0,2025-01-31 15:12:00
233,Client32,Autocall,MSFT,BUY,820000.0,3.6574212198537057,3.613027540310794,0.25791686567909405,22.026636611437034,1,2025-01-31 15:12:00
1594,Client01,Autocall,NESN,BUY,50000.0,-4.092322962349972,-0.3650898813224685,0.5459766185624749,28.252979936362184,0,2025-01-31 15:12:00
4625,Client28,Reverse Convertible,NVDA,BUY,350000.0,-0.8293058579118779,2.525469652711851,0.3873719543917894,,0,2025-01-31 15:13:00
2583,Client34,Autocall,MSFT,BUY,610000.0,-2.7837111225763893,-0.7082232656117537,0.9340277036427324,31.963199687521065,0,2025-01-31 15:17:00
3498,Client38,Autocall,MSFT,SELL,530000.0,-1.9284568641637623,-2.2803639593312037,0.45518631355242745,11.32296598309761,1,2025-01-31 15:19:00
3512,Client13,Barrier Reverse Convertible,SMI,SELL,240000.0,-3.5863591926228557,0.3056042760445722,0.3771701341291633,33.44463152477108,0,2025-01-31 15:19:00
1356,Client34,Autocall,MSFT,BUY,280000.0,1.6490860192520773,6.218117463206298,0.6561297908640505,27.95727973755251,0,2025-01-31 15:24:00
173,Client25,Autocall,NESN,BUY,860000.0,-0.3821667375640708,-3.7183931701656188,0.5497993324328339,35.23614662413815,0,2025-01-31 15:27:00
815,Client32,Reverse Convertible,NESN,SELL,840000.0,3.858993275513772,0.8478252204552951,0.3472255161288188,,0,2025-01-31 15:28:00
3627,Client40,Barrier Reverse Convertible,NVDA,BUY,570000.0,2.3991160877344315,1.046360823807924,0.1718408229598166,47.60193435503112,0,2025-01-31 15:31:00
3236,Client01,Barrier Reverse Convertible,AMZN,SELL,120000.0,-0.013472458825219503,-1.3885066196882363,0.24897451687819616,47.716355750277415,1,2025-01-31 15:34:00
3995,Client23,Tracker,MSFT,BUY,170000.0,-0.9595248647695879,1.3410817824880317,0.4660926989487857,,1,2025-01-31 15:36:00
2094,Client18,Autocall,NESN,SELL,1300000.0,0.9868233560773387,6.049919851497156,0.4702384758786522,22.86921900781983,0,2025-01-31 15:38:00
4843,Client35,Autocall,NVDA,SELL,340000.0,-1.4348375375646205,3.5892079488574185,0.605271668625969,20.88778402204453,0,2025-01-31 15:38:00
1749,Client02,Autocall,SMI,BUY,1060000.0,-1.3596335286919359,-0.5344017359250124,0.3891049423020593,23.68748969174218,0,2025-01-31 15:41:00
4147,Client19,Autocall,SPX,BUY,500000.0,4.380571574377344,1.3187859461637443,0.5539148328375646,36.26975710483135,0,2025-01-31 15:46:00
3090,Client25,Autocall,SPX,SELL,870000.0,1.6300801664567566,2.6582797860996443,0.349594948518588,38.36436901537634,1,2025-01-31 15:48:00
2745,Client31,Autocall,AMZN,SELL,540000.0,0.587618672721313,-3.6452183479323033,0.7174286874079135,13.94292212537896,1,2025-01-31 15:48:00
814,Client05,Autocall,TSLA,BUY,580000.0,0.5510548210446298,-4.760675232005916,0.5997437918851894,4.042948192729417,0,2025-01-31 15:51:00
3034,Client06,Bonus Certificate,SMI,SELL,940000.0,3.5846037208082273,-2.244117098342745,0.49471892651276167,1.6809809000452924,1,2025-01-31 15:55:00
4921,Client31,Autocall,NESN,BUY,260000.0,-1.7070003286712243,2.2027421463580183,0.5156123932010996,36.794459472694044,1,2025-01-31 15:58:00
2769,Client04,Autocall,TSLA,BUY,570000.0,0.265022182711789,1.7033304151765187,0.36216585282674296,25.469415523473366,1,2025-01-31 16:00:00
2515,Client35,Autocall,NESN,SELL,450000.0,2.3447974550700486,0.8137833206281436,0.3617771975489646,40.24673446951199,0,2025-01-31 16:04:00
4696,Client20,Autocall,SMI,SELL,430000.0,2.146084992369005,3.5064941298855876,0.5922431745339232,27.09269026829964,0,2025-01-31 16:11:00
610,Client28,Autocall,SMI,BUY,360000.0,2.0822047323997572,-2.673816909998883,0.6812468629694611,39.02152590703307,0,2025-01-31 16:14:00
371,Client34,Autocall,SPX,BUY,230000.0,1.9919360449984262,2.4692999020914104,0.6924860004045439,40.250041567100816,1,2025-01-31 16:15:00
2532,Client09,Autocall,SMI,BUY,370000.0,-2.3160277185363163,0.8045263188737362,0.6199106275886727,28.949284731511554,0,2025-01-31 16:18:00
3574,Client37,Barrier Reverse Convertible,NESN,SELL,440000.0,1.2246642558490537,-0.11270629621228237,0.6885857362693732,22.179595009232187,1,2025-01-31 16:22:00
459,Client34,Autocall,NESN,BUY,470000.0,-1.0176921777244434,-1.8717410533425651,0.4168845826349944,15.172468155631218,0,2025-01-31 16:28:00
1982,Client18,Autocall,NESN,SELL,1440000.0,-3.266292418254754,4.3469350658460355,0.16227351722785044,7.090381204833706,0,2025-01-31 16:28:00
2064,Client23,Autocall,NVDA,BUY,870000.0,0.7162542924420867,-0.13652549538502684,0.8000752843501222,25.27530988279209,0,2025-01-31 16:31:00
1966,Client15,Barrier Reverse Convertible,NVDA,SELL,1260000.0,-0.2232461915374919,-5.971154048451887,1.869562639771166,21.037364274894156,0,2025-01-31 16:36:00
4885,Client12,Autocall,AAPL,SELL,110000.0,1.1929406847905082,1.6979011136846127,0.5465275076719102,36.780975949935055,0,2025-01-31 16:36:00
4987,Client07,Autocall,TSLA,SELL,540000.0,-2.352095601345901,0.8945704546625639,0.48398025670174644,40.880078701732295,1,2025-01-31 16:37:00
1715,Client09,Reverse Convertible,AMZN,SELL,910000.0,-4.185527956109918,0.8778190895809979,0.5976805433461734,,1,2025-01-31 16:37:00
4109,Client18,Autocall,AAPL,BUY,740000.0,0.3853414159770216,2.393384365734629,0.1589360991466007,38.379080155618176,0,2025-01-31 16:38:00
4979,Client18,Autocall,NVDA,SELL,1110000.0,-2.7317426089519388,-0.8523465979174503,0.4137485322944531,21.389789215610122,0,2025-01-31 16:47:00
1625,Client34,Barrier Reverse Convertible,SPX,SELL,660000.0,1.791294923793049,5.704146582890473,0.6145368853490977,43.9434537868786,0,2025-01-31 16:48:00
1960,Client26,Autocall,SPX,SELL,330000.0,-2.75313006348747,1.5859207776009532,0.4583769175956787,15.574071822484969,1,2025-01-31 16:50:00
1896,Client17,Bonus Certificate,SMI,SELL,1160000.0,2.973167675314897,-3.1183175219644594,0.2788644091575192,16.048287552940216,0,2025-01-31 16:55:00
851,Client08,Tracker,NVDA,BUY,280000.0,-1.0250830481673914,5.658641656288254,0.3160993600544926,,1,2025-01-31 16:57:00
3938,Client35,Autocall,NESN,BUY,350000.0,-1.6108251900002857,-2.7739298731805517,0.4954775987356962,27.889436012156338,1,2025-01-31 16:58:00
3941,Client30,Autocall,NVDA,BUY,1160000.0,-0.1161751311161887,3.001179440507375,0.5420483846827753,48.819825512089494,0,2025-01-31 16:58:00
4291,Client02,Autocall,NESN,BUY,840000.0,1.0867059578331792,0.9132569348814931,0.28676630635343286,32.0893565257376,1,2025-01-31 16:58:00
1079,Client36,Bonus Certificate,SPX,BUY,880000.0,2.49308503722417,-3.7011417846329637,0.4974392247774449,29.089150136956803,0,2025-01-31 16:59:00
3295,Client21,Autocall,SPX,BUY,130000.0,-3.959777494957659,-2.0065042033115157,0.2205356267145006,2.766638388307985,0,2025-01-31 17:01:00
4292,Client40,Autocall,TSLA,SELL,540000.0,1.6219482314355742,5.68103325756698,0.36772156055136634,47.29164736446545,0,2025-01-31 17:04:00
1330,Client27,Autocall,AAPL,SELL,410000.0,0.09310513694868758,4.4770565011289865,0.4158729949759539,47.02568047556343,0,2025-01-31 17:04:00
584,Client03,Autocall,AAPL,SELL,200000.0,1.2489440768460602,3.0519548655673825,0.2730955259549378,38.62765191381564,0,2025-01-31 17:05:00
986,Client35,Autocall,NESN,BUY,370000.0,-0.129924990721447,-4.888124924942323,0.16518751352032082,0.01107050544340571,0,2025-01-31 17:10:00
2249,Client19,Reverse Convertible,SMI,BUY,430000.0,1.6226452339947577,5.6015964055401435,1.4202727002895412,,0,2025-01-31 17:15:00
4373,Client33,Tracker,AAPL,BUY,170000.0,-1.242170724566745,0.2750791266954314,0.16285784718330515,,0,2025-01-31 17:15:00
615,Client22,Autocall,NVDA,BUY,460000.0,-4.480428728838556,2.8269447247226456,0.32245593777039516,24.909614692458387,0,2025-01-31 17:20:00
2089,Client13,Autocall,AMZN,BUY,240000.0,0.3492825047120048,-6.54603292297225,0.6596183695495572,30.68291511328278,0,2025-01-31 17:26:00
4958,Client34,Autocall,SPX,BUY,420000.0,2.897226580913378,-3.8206679183508836,0.6280992839761046,44.0134065831009,1,2025-01-31 17:26:00
1012,Client22,Autocall,SMI,SELL,830000.0,2.507343167609996,2.456945634711447,0.1361507587810879,8.285319144401477,0,2025-01-31 17:28:00
3711,Client26,Autocall,AAPL,SELL,300000.0,0.12576936034693786,1.3586855329065717,0.5346614424877286,22.376656838609282,0,2025-01-31 17:30:00
4225,Client18,Reverse Convertible,NVDA,BUY,1520000.0,1.5077130784942092,4.883201709651898,0.4654190560993427,,1,2025-01-31 17:30:00
431,Client25,Autocall,MSFT,SELL,840000.0,1.4013929786559123,-1.5070562381452235,0.29471218269026805,21.06523892507836,0,2025-01-31 17:32:00
3123,Client07,Autocall,SPX,SELL,770000.0,-0.2002233272760808,1.9114465622550818,0.13940919230793922,46.342624264463616,1,2025-01-31 17:32:00
2706,Client40,Autocall,NESN,BUY,690000.0,-0.49703099068419515,2.376958099956883,0.2374058846795051,12.879708346698232,0,2025-01-31 17:33:00
3253,Client12,Autocall,MSFT,SELL,310000.0,0.06673240505759678,0.5492734450535072,0.37004080160038794,38.03868761295796,0,2025-01-31 17:35:00
1487,Client29,Autocall,AMZN,SELL,500000.0,-0.7895452573332784,-3.337576144506786,0.2846956275890319,2.7372753758931836,0,2025-01-31 17:39:00
1862,Client02,Autocall,TSLA,SELL,1360000.0,-1.5293454211065816,-0.03845067863049846,0.2437062926341965,38.3199650289493,1,2025-01-31 17:39:00
3140,Client15,Tracker,NVDA,BUY,2140000.0,-3.9109361188656653,3.2712544828422514,1.1257693337429624,,0,2025-01-31 17:40:00
656,Client32,Bonus Certificate,SPX,SELL,660000.0,0.7102281354880131,1.5879393769411694,0.3620095363024572,21.650228119707815,0,2025-01-31 17:41:00
232,Client36,Autocall,MSFT,SELL,970000.0,-3.666424375283842,-2.5983572620193156,0.36106619220504077,26.491139255326964,0,2025-01-31 17:46:00
411,Client26,Autocall,SPX,BUY,290000.0,1.354357897903364,0.8584902968400348,0.5992266765658897,14.834203256398625,0,2025-01-31 17:48:00
544,Client05,Autocall,AMZN,SELL,910000.0,-3.3214376570900037,4.109852376112258,0.18957092968206113,48.856740478899525,0,2025-01-31 17:48:00
2683,Client35,Autocall,NESN,SELL,680000.0,-2.6055219143327872,-4.325105563623783,0.4844998370260276,43.82122793060956,0,2025-01-31 17:50:00
1390,Client25,Autocall,AMZN,SELL,1210000.0,-1.0600744826447464,5.176128955948831,0.31701373140625433,48.158129763734586,1,2025-01-31 17:55:00
4012,Client03,Autocall,NESN,BUY,210000.0,-1.080457215920612,3.1619733182376746,0.5693299149391992,0.5630412627131709,1,2025-01-31 17:56:00
2912,Client13,Autocall,MSFT,SELL,200000.0,-0.32914227003236723,-0.3619601518607219,0.3826729550714228,25.48403854894844,1,2025-01-31 17:56:00
665,Client09,Autocall,AMZN,BUY,520000.0,-0.5015220206749197,4.565617889885479,0.23639072211431547,42.86247201647348,0,2025-01-31 17:57:00
3487,Client02,Autocall,NESN,BUY,1110000.0,1.4769757768676015,5.289229652843439,0.671403129171344,49.250919728189096,0,2025-01-31 17:58:00
